coleccion_id,coleccion,sticker_id,recurso_global,numero_grupo,nombre,imagen_url,group_id,grupo,slot_id,pagina_id,pagina,fondo_pagina_url,coord_x,coord_y,girado
22,LALIGA EA SPORTS 2026/2027,8378,1,1,CUADRO HONOR 1,https://assets.paninidigitalcollections.com/assets/22/stickers/1-9df4ec2ef74536917365b3e422d70052730ce610.png,655,CUADRO HONOR,8378,1486,4,https://assets.paninidigitalcollections.com/assets/22/pages/04-90d89da3221fe7146eda65659f6dce246c9e8d9f.jpg,0.3378,0.5978,true
22,LALIGA EA SPORTS 2026/2027,8379,2,2,CUADRO HONOR 2,https://assets.paninidigitalcollections.com/assets/22/stickers/2-83409f4598f3f37aaa11aa61d67514d0fc97f6a9.png,655,CUADRO HONOR,8379,1486,4,https://assets.paninidigitalcollections.com/assets/22/pages/04-90d89da3221fe7146eda65659f6dce246c9e8d9f.jpg,0.6617,0.5978,true
22,LALIGA EA SPORTS 2026/2027,8380,3,3,CUADRO HONOR 3,https://assets.paninidigitalcollections.com/assets/22/stickers/3-ba55f6991e0e236da3bc310048b9574907753025.png,655,CUADRO HONOR,8380,1486,4,https://assets.paninidigitalcollections.com/assets/22/pages/04-90d89da3221fe7146eda65659f6dce246c9e8d9f.jpg,0.3378,0.3989,true
22,LALIGA EA SPORTS 2026/2027,8381,4,4,CUADRO HONOR 4,https://assets.paninidigitalcollections.com/assets/22/stickers/4-d152bee4dc508fabcbb5e0d75f4f94f915b830a0.png,655,CUADRO HONOR,8381,1486,4,https://assets.paninidigitalcollections.com/assets/22/pages/04-90d89da3221fe7146eda65659f6dce246c9e8d9f.jpg,0.6617,0.3989,true
22,LALIGA EA SPORTS 2026/2027,8382,5,5,CUADRO HONOR 5,https://assets.paninidigitalcollections.com/assets/22/stickers/5-ba3e11c8df0ed5d92284490d6a320aab954dabc1.png,655,CUADRO HONOR,8382,1486,4,https://assets.paninidigitalcollections.com/assets/22/pages/04-90d89da3221fe7146eda65659f6dce246c9e8d9f.jpg,0.1838,0.19,true
22,LALIGA EA SPORTS 2026/2027,8383,6,6,CUADRO HONOR 6,https://assets.paninidigitalcollections.com/assets/22/stickers/6-b1ee2cacc0a502a4031e124025375fb17b7b0d54.png,655,CUADRO HONOR,8383,1486,4,https://assets.paninidigitalcollections.com/assets/22/pages/04-90d89da3221fe7146eda65659f6dce246c9e8d9f.jpg,0.5077,0.19,true
22,LALIGA EA SPORTS 2026/2027,8384,7,7,CUADRO HONOR 7,https://assets.paninidigitalcollections.com/assets/22/stickers/7-be20b24fd7368eb115c09493248fcc9176a6d9d9.png,655,CUADRO HONOR,8384,1486,4,https://assets.paninidigitalcollections.com/assets/22/pages/04-90d89da3221fe7146eda65659f6dce246c9e8d9f.jpg,0.8277,0.19,true
22,LALIGA EA SPORTS 2026/2027,8385,8,8,CUADRO HONOR 8,https://assets.paninidigitalcollections.com/assets/22/stickers/8-581671f94ff41609bbe1f13dd5660ccd0001771d.png,655,CUADRO HONOR,8385,1487,5,https://assets.paninidigitalcollections.com/assets/22/pages/05-af59fc3b37572a9b873c33326ded1443fc7ffffe.jpg,0.2694,0.8688,true
22,LALIGA EA SPORTS 2026/2027,8386,9,9,CUADRO HONOR 9,https://assets.paninidigitalcollections.com/assets/22/stickers/9-735c63f191db051951c9ff11db3d81099cfa9b96.png,655,CUADRO HONOR,8386,1487,5,https://assets.paninidigitalcollections.com/assets/22/pages/05-af59fc3b37572a9b873c33326ded1443fc7ffffe.jpg,0.6788,0.8688,true
22,LALIGA EA SPORTS 2026/2027,8387,10,10,CUADRO HONOR 10,https://assets.paninidigitalcollections.com/assets/22/stickers/10-de8efd171aa64b59e1fa451160c51a221ff30da8.png,655,CUADRO HONOR,8387,1487,5,https://assets.paninidigitalcollections.com/assets/22/pages/05-af59fc3b37572a9b873c33326ded1443fc7ffffe.jpg,0.4201,0.5978,true
22,LALIGA EA SPORTS 2026/2027,8388,11,11,CUADRO HONOR 11,https://assets.paninidigitalcollections.com/assets/22/stickers/11-7d1b719b06dbdfe6248c5391a385b143376fdf2d.png,655,CUADRO HONOR,8388,1487,5,https://assets.paninidigitalcollections.com/assets/22/pages/05-af59fc3b37572a9b873c33326ded1443fc7ffffe.jpg,0.5077,0.3989,true
22,LALIGA EA SPORTS 2026/2027,8389,12,12,CUADRO HONOR 12,https://assets.paninidigitalcollections.com/assets/22/stickers/12-0d537808aaf4a8165787b387ba4978cec052e083.png,655,CUADRO HONOR,8389,1487,5,https://assets.paninidigitalcollections.com/assets/22/pages/05-af59fc3b37572a9b873c33326ded1443fc7ffffe.jpg,0.3094,0.19,true
22,LALIGA EA SPORTS 2026/2027,8390,13,13,CUADRO HONOR 13,https://assets.paninidigitalcollections.com/assets/22/stickers/13-2fc96e177c9d833fad6126e2990f3efde6353b35.png,655,CUADRO HONOR,8390,1487,5,https://assets.paninidigitalcollections.com/assets/22/pages/05-af59fc3b37572a9b873c33326ded1443fc7ffffe.jpg,0.6617,0.19,true
22,LALIGA EA SPORTS 2026/2027,8391,14,1,PEPÉ_MVP1,https://assets.paninidigitalcollections.com/assets/22/stickers/14-ea6978343b51237bbba2168d7e3ed75a8d53eb33.png,656,MVP,8391,1489,7,https://assets.paninidigitalcollections.com/assets/22/pages/07-df8ebae40fd6843c3a66e387a1a06ea23d99ca6c.jpg,0.224,0.7365,false
22,LALIGA EA SPORTS 2026/2027,8392,15,2,MBAPPÉ_MVP2,https://assets.paninidigitalcollections.com/assets/22/stickers/15-1ccf1d6792e68f353e07e1b956af88cc21e3a946.png,656,MVP,8392,1489,7,https://assets.paninidigitalcollections.com/assets/22/pages/07-df8ebae40fd6843c3a66e387a1a06ea23d99ca6c.jpg,0.5015,0.7365,false
22,LALIGA EA SPORTS 2026/2027,8393,16,3,MBAPPÉ_MVP3,https://assets.paninidigitalcollections.com/assets/22/stickers/16-9084632f91ce3ece72db38bf304592e3f7c38ae7.png,656,MVP,8393,1489,7,https://assets.paninidigitalcollections.com/assets/22/pages/07-df8ebae40fd6843c3a66e387a1a06ea23d99ca6c.jpg,0.7748,0.7365,false
22,LALIGA EA SPORTS 2026/2027,8394,17,4,LAMINE YAMAL_MVP4,https://assets.paninidigitalcollections.com/assets/22/stickers/17-ae66e95f23f1b17ae7d3ac507f7f04bc4811abcb.png,656,MVP,8394,1489,7,https://assets.paninidigitalcollections.com/assets/22/pages/07-df8ebae40fd6843c3a66e387a1a06ea23d99ca6c.jpg,0.224,0.4528,false
22,LALIGA EA SPORTS 2026/2027,8395,18,5,LAMINE YAMAL_MVP5,https://assets.paninidigitalcollections.com/assets/22/stickers/18-23937d93121a7289c23564c912d829f20b1ef021.png,656,MVP,8395,1489,7,https://assets.paninidigitalcollections.com/assets/22/pages/07-df8ebae40fd6843c3a66e387a1a06ea23d99ca6c.jpg,0.5015,0.4528,false
22,LALIGA EA SPORTS 2026/2027,8396,19,6,MURIQI_MVP6,https://assets.paninidigitalcollections.com/assets/22/stickers/19-cab232d785d5b909b56835155fc38cf03a0cc6cd.png,656,MVP,8396,1489,7,https://assets.paninidigitalcollections.com/assets/22/pages/07-df8ebae40fd6843c3a66e387a1a06ea23d99ca6c.jpg,0.7748,0.4528,false
22,LALIGA EA SPORTS 2026/2027,8397,20,7,MIKAUTADZE_MVP7,https://assets.paninidigitalcollections.com/assets/22/stickers/20-9351bb39ecc47d096bface372915b5dd3c3786a2.png,656,MVP,8397,1489,7,https://assets.paninidigitalcollections.com/assets/22/pages/07-df8ebae40fd6843c3a66e387a1a06ea23d99ca6c.jpg,0.224,0.1733,false
22,LALIGA EA SPORTS 2026/2027,8398,21,8,CARLOS ESPÍ_MVP8,https://assets.paninidigitalcollections.com/assets/22/stickers/21-56f30d14f28464795ea82938e9624b116e1836ee.png,656,MVP,8398,1489,7,https://assets.paninidigitalcollections.com/assets/22/pages/07-df8ebae40fd6843c3a66e387a1a06ea23d99ca6c.jpg,0.5015,0.1733,false
22,LALIGA EA SPORTS 2026/2027,8399,22,9,LAMINE YAMAL_MVP9,https://assets.paninidigitalcollections.com/assets/22/stickers/22-f2aeb78ff2d39d837bf7de36cfdc7d58a3dcff6f.png,656,MVP,8399,1489,7,https://assets.paninidigitalcollections.com/assets/22/pages/07-df8ebae40fd6843c3a66e387a1a06ea23d99ca6c.jpg,0.7748,0.1733,false
22,LALIGA EA SPORTS 2026/2027,8400,23,1,HANSI FLICK_SC,https://assets.paninidigitalcollections.com/assets/22/stickers/23-1f0a4fa622786d25179d204792e27b72b1935b6c.png,657,SUPER CAMPEON,8400,1490,8,https://assets.paninidigitalcollections.com/assets/22/pages/08-2aaf9f44261078dd1952042ce87cfa4611ba1671.jpg,0.2075,0.4721,false
22,LALIGA EA SPORTS 2026/2027,8401,24,2,JOAN GARCÍA_SC,https://assets.paninidigitalcollections.com/assets/22/stickers/24-9a06524983215266a82ba5371b624f1546a955c7.png,657,SUPER CAMPEON,8401,1490,8,https://assets.paninidigitalcollections.com/assets/22/pages/08-2aaf9f44261078dd1952042ce87cfa4611ba1671.jpg,0.5003,0.4721,false
22,LALIGA EA SPORTS 2026/2027,8402,25,3,SZCZESNY_SC,https://assets.paninidigitalcollections.com/assets/22/stickers/25-8cf464eccc35fe5bae28dc6156391f77c4366e21.png,657,SUPER CAMPEON,8402,1490,8,https://assets.paninidigitalcollections.com/assets/22/pages/08-2aaf9f44261078dd1952042ce87cfa4611ba1671.jpg,0.7943,0.4721,false
22,LALIGA EA SPORTS 2026/2027,8403,26,4,KOUNDÉ_SC,https://assets.paninidigitalcollections.com/assets/22/stickers/26-cb9d83afc58068e400c9dc436b5cd418b3540ebe.png,657,SUPER CAMPEON,8403,1490,8,https://assets.paninidigitalcollections.com/assets/22/pages/08-2aaf9f44261078dd1952042ce87cfa4611ba1671.jpg,0.2075,0.1942,false
22,LALIGA EA SPORTS 2026/2027,8404,27,5,ERIC GARCÍA_SC,https://assets.paninidigitalcollections.com/assets/22/stickers/27-93c6d169463d47d95a2c62458d5c468c9554d5b6.png,657,SUPER CAMPEON,8404,1490,8,https://assets.paninidigitalcollections.com/assets/22/pages/08-2aaf9f44261078dd1952042ce87cfa4611ba1671.jpg,0.5003,0.1942,false
22,LALIGA EA SPORTS 2026/2027,8405,28,6,ARAÚJO_SC,https://assets.paninidigitalcollections.com/assets/22/stickers/28-52dff7025db8a2cb54e7aa3dc5234ff81f48d9c1.png,657,SUPER CAMPEON,8405,1490,8,https://assets.paninidigitalcollections.com/assets/22/pages/08-2aaf9f44261078dd1952042ce87cfa4611ba1671.jpg,0.7943,0.1942,false
22,LALIGA EA SPORTS 2026/2027,8406,29,7,CUBARSÍ_SC,https://assets.paninidigitalcollections.com/assets/22/stickers/29-38231dc3fdd47c96216357b6c1b308b683fd79ad.png,657,SUPER CAMPEON,8406,1491,9,https://assets.paninidigitalcollections.com/assets/22/pages/09-612ae0317b32207a8a8ec8ccc1b70b541bc0de98.jpg,0.2075,0.7533,false
22,LALIGA EA SPORTS 2026/2027,8407,30,8,CHRISTENSEN_SC,https://assets.paninidigitalcollections.com/assets/22/stickers/30-cd343544f478b82b07d522d3f164246edd1ed049.png,657,SUPER CAMPEON,8407,1491,9,https://assets.paninidigitalcollections.com/assets/22/pages/09-612ae0317b32207a8a8ec8ccc1b70b541bc0de98.jpg,0.5003,0.7533,false
22,LALIGA EA SPORTS 2026/2027,8408,31,9,GERARD MARTÍN_SC,https://assets.paninidigitalcollections.com/assets/22/stickers/31-3da6e4761a152e7426463301510b99d55e5bfd10.png,657,SUPER CAMPEON,8408,1491,9,https://assets.paninidigitalcollections.com/assets/22/pages/09-612ae0317b32207a8a8ec8ccc1b70b541bc0de98.jpg,0.7943,0.7533,false
22,LALIGA EA SPORTS 2026/2027,8409,32,10,CANCELO_SC,https://assets.paninidigitalcollections.com/assets/22/stickers/32-d530245959c58ad745813dd42e7d02b3e4fe48d4.png,657,SUPER CAMPEON,8409,1491,9,https://assets.paninidigitalcollections.com/assets/22/pages/09-612ae0317b32207a8a8ec8ccc1b70b541bc0de98.jpg,0.2075,0.4721,false
22,LALIGA EA SPORTS 2026/2027,8410,33,11,BALDE_SC,https://assets.paninidigitalcollections.com/assets/22/stickers/33-91245029be038d8d69d7c0b615776d18d34d2a37.png,657,SUPER CAMPEON,8410,1491,9,https://assets.paninidigitalcollections.com/assets/22/pages/09-612ae0317b32207a8a8ec8ccc1b70b541bc0de98.jpg,0.5003,0.4721,false
22,LALIGA EA SPORTS 2026/2027,8411,34,12,CASADÓ_SC,https://assets.paninidigitalcollections.com/assets/22/stickers/34-6c2111655f29ae3c0e6d47ad2340938c08f52d63.png,657,SUPER CAMPEON,8411,1491,9,https://assets.paninidigitalcollections.com/assets/22/pages/09-612ae0317b32207a8a8ec8ccc1b70b541bc0de98.jpg,0.7943,0.4721,false
22,LALIGA EA SPORTS 2026/2027,8412,35,13,MARC BERNAL_SC,https://assets.paninidigitalcollections.com/assets/22/stickers/35-638dc120251d7724d9f55e7e9f39adc9751c1710.png,657,SUPER CAMPEON,8412,1491,9,https://assets.paninidigitalcollections.com/assets/22/pages/09-612ae0317b32207a8a8ec8ccc1b70b541bc0de98.jpg,0.2075,0.1942,false
22,LALIGA EA SPORTS 2026/2027,8413,36,14,DE JONG_SC,https://assets.paninidigitalcollections.com/assets/22/stickers/36-cb5ff49ca20e00b32561c220db482cdb6a28c392.png,657,SUPER CAMPEON,8413,1491,9,https://assets.paninidigitalcollections.com/assets/22/pages/09-612ae0317b32207a8a8ec8ccc1b70b541bc0de98.jpg,0.5003,0.1942,false
22,LALIGA EA SPORTS 2026/2027,8414,37,15,GAVI_SC,https://assets.paninidigitalcollections.com/assets/22/stickers/37-b1b3af13b1bcfd81359f8ab033004ebede60b6e4.png,657,SUPER CAMPEON,8414,1491,9,https://assets.paninidigitalcollections.com/assets/22/pages/09-612ae0317b32207a8a8ec8ccc1b70b541bc0de98.jpg,0.7943,0.1942,false
22,LALIGA EA SPORTS 2026/2027,8415,38,16,PEDRI_SC,https://assets.paninidigitalcollections.com/assets/22/stickers/38-cb9c5fcd7803953b71ae26df97743c414bdde9c2.png,657,SUPER CAMPEON,8415,1492,10,https://assets.paninidigitalcollections.com/assets/22/pages/10-c2dba7f3dd7d14b6e1df53a266e7f6ef022caebe.jpg,0.2075,0.7533,false
22,LALIGA EA SPORTS 2026/2027,8416,39,17,DANI OLMO_SC,https://assets.paninidigitalcollections.com/assets/22/stickers/39-8c15f12b00a03a7d3b85f45401f50f3bf0893ae6.png,657,SUPER CAMPEON,8416,1492,10,https://assets.paninidigitalcollections.com/assets/22/pages/10-c2dba7f3dd7d14b6e1df53a266e7f6ef022caebe.jpg,0.5003,0.7533,false
22,LALIGA EA SPORTS 2026/2027,8417,40,18,FERMÍN_SC,https://assets.paninidigitalcollections.com/assets/22/stickers/40-f68bc1ca09616a079e617786284d0f1e515f4c87.png,657,SUPER CAMPEON,8417,1492,10,https://assets.paninidigitalcollections.com/assets/22/pages/10-c2dba7f3dd7d14b6e1df53a266e7f6ef022caebe.jpg,0.7943,0.7533,false
22,LALIGA EA SPORTS 2026/2027,8418,41,19,LAMINE YAMAL_SC,https://assets.paninidigitalcollections.com/assets/22/stickers/41-bc2ac973c556fa5358c79f6ba239d35372bd4fb7.png,657,SUPER CAMPEON,8418,1492,10,https://assets.paninidigitalcollections.com/assets/22/pages/10-c2dba7f3dd7d14b6e1df53a266e7f6ef022caebe.jpg,0.2075,0.4721,false
22,LALIGA EA SPORTS 2026/2027,8419,42,20,RAPHINHA_SC,https://assets.paninidigitalcollections.com/assets/22/stickers/42-3e4afc7669a0e14ad93fc757aebd6577f89aa3e8.png,657,SUPER CAMPEON,8419,1492,10,https://assets.paninidigitalcollections.com/assets/22/pages/10-c2dba7f3dd7d14b6e1df53a266e7f6ef022caebe.jpg,0.5003,0.4721,false
22,LALIGA EA SPORTS 2026/2027,8420,43,21,FERRAN TORRES_SC,https://assets.paninidigitalcollections.com/assets/22/stickers/43-01aea4b067b723fa900ed85297eaf3804dbf48c7.png,657,SUPER CAMPEON,8420,1492,10,https://assets.paninidigitalcollections.com/assets/22/pages/10-c2dba7f3dd7d14b6e1df53a266e7f6ef022caebe.jpg,0.7943,0.4721,false
22,LALIGA EA SPORTS 2026/2027,8421,44,22,BARDGHJI_SC,https://assets.paninidigitalcollections.com/assets/22/stickers/44-6174b113e20d6b7ebfe81413a5d449fbb6253a8c.png,657,SUPER CAMPEON,8421,1492,10,https://assets.paninidigitalcollections.com/assets/22/pages/10-c2dba7f3dd7d14b6e1df53a266e7f6ef022caebe.jpg,0.2075,0.1942,false
22,LALIGA EA SPORTS 2026/2027,8422,45,23,RASHFORD_SC,https://assets.paninidigitalcollections.com/assets/22/stickers/45-2808d233a89f955a117eec95a99ae07d05effde4.png,657,SUPER CAMPEON,8422,1492,10,https://assets.paninidigitalcollections.com/assets/22/pages/10-c2dba7f3dd7d14b6e1df53a266e7f6ef022caebe.jpg,0.5003,0.1942,false
22,LALIGA EA SPORTS 2026/2027,8423,46,24,LEWANDOWSKI_SC,https://assets.paninidigitalcollections.com/assets/22/stickers/46-6bacd669807816c251b0e9688b33a8b062c326e8.png,657,SUPER CAMPEON,8423,1492,10,https://assets.paninidigitalcollections.com/assets/22/pages/10-c2dba7f3dd7d14b6e1df53a266e7f6ef022caebe.jpg,0.7943,0.1942,false
22,LALIGA EA SPORTS 2026/2027,8424,47,1,BATALLA_SZ,https://assets.paninidigitalcollections.com/assets/22/stickers/47-3564aee60d47ad96c4c3f2de388eec8bfa7182c2.png,658,SUPER ZAMORAS,8424,1493,11,https://assets.paninidigitalcollections.com/assets/22/pages/11-a3e23696b960ba328cfc86ce5c390b90bc855d26.jpg,0.2006,0.7525,false
22,LALIGA EA SPORTS 2026/2027,8425,48,2,COURTOIS_SZ,https://assets.paninidigitalcollections.com/assets/22/stickers/48-35a0ff1f2163970ea7df78d69918f1883b632457.png,658,SUPER ZAMORAS,8425,1493,11,https://assets.paninidigitalcollections.com/assets/22/pages/11-a3e23696b960ba328cfc86ce5c390b90bc855d26.jpg,0.5003,0.7525,false
22,LALIGA EA SPORTS 2026/2027,8426,49,3,DAVID SORIA_SZ,https://assets.paninidigitalcollections.com/assets/22/stickers/49-600abc536f93ca735a0c677aa8ac1692b9d19555.png,658,SUPER ZAMORAS,8426,1493,11,https://assets.paninidigitalcollections.com/assets/22/pages/11-a3e23696b960ba328cfc86ce5c390b90bc855d26.jpg,0.8024,0.7525,false
22,LALIGA EA SPORTS 2026/2027,8427,50,4,JOAN GARCÍA_SZ,https://assets.paninidigitalcollections.com/assets/22/stickers/50-b6483c3a5481ecc8e2be6a7ec185571226aa644d.png,658,SUPER ZAMORAS,8427,1493,11,https://assets.paninidigitalcollections.com/assets/22/pages/11-a3e23696b960ba328cfc86ce5c390b90bc855d26.jpg,0.2006,0.4921,false
22,LALIGA EA SPORTS 2026/2027,8428,51,5,LUIZ JÚNIOR_SZ,https://assets.paninidigitalcollections.com/assets/22/stickers/51-e523849d592c3af157c453f1bab92dea5b90f4af.png,658,SUPER ZAMORAS,8428,1493,11,https://assets.paninidigitalcollections.com/assets/22/pages/11-a3e23696b960ba328cfc86ce5c390b90bc855d26.jpg,0.5003,0.4921,false
22,LALIGA EA SPORTS 2026/2027,8429,52,6,OBLAK_SZ,https://assets.paninidigitalcollections.com/assets/22/stickers/52-f3fb1e524452184e9e2a820f3a666b56ddbaad3c.png,658,SUPER ZAMORAS,8429,1493,11,https://assets.paninidigitalcollections.com/assets/22/pages/11-a3e23696b960ba328cfc86ce5c390b90bc855d26.jpg,0.8024,0.4921,false
22,LALIGA EA SPORTS 2026/2027,8430,53,7,RADU_SZ,https://assets.paninidigitalcollections.com/assets/22/stickers/53-9378cf06a207340ca7af94d54d8fb05946120530.png,658,SUPER ZAMORAS,8430,1493,11,https://assets.paninidigitalcollections.com/assets/22/pages/11-a3e23696b960ba328cfc86ce5c390b90bc855d26.jpg,0.2006,0.2285,false
22,LALIGA EA SPORTS 2026/2027,8431,54,8,SERGIO HERRERA_SZ,https://assets.paninidigitalcollections.com/assets/22/stickers/54-7df570d6ea81d826b05ed5d51b82fdaf322dadc0.png,658,SUPER ZAMORAS,8431,1493,11,https://assets.paninidigitalcollections.com/assets/22/pages/11-a3e23696b960ba328cfc86ce5c390b90bc855d26.jpg,0.5003,0.2285,false
22,LALIGA EA SPORTS 2026/2027,8432,55,9,UNAI SIMÓN_SZ,https://assets.paninidigitalcollections.com/assets/22/stickers/55-1908448a44790f85627ab39997e13288c97dda75.png,658,SUPER ZAMORAS,8432,1493,11,https://assets.paninidigitalcollections.com/assets/22/pages/11-a3e23696b960ba328cfc86ce5c390b90bc855d26.jpg,0.8024,0.2285,false
22,LALIGA EA SPORTS 2026/2027,8433,56,1,BORJA IGLESIAS_SPI,https://assets.paninidigitalcollections.com/assets/22/stickers/56-a8ea8567922aac225e0fc11ea71bda8d1d8a9a91.png,659,SUPER PICHICHIS,8433,1494,12,https://assets.paninidigitalcollections.com/assets/22/pages/12-c88b84e9bea3a4ee7bc46cde7c902f57d81e5e9a.jpg,0.2006,0.7525,false
22,LALIGA EA SPORTS 2026/2027,8434,57,2,BUDIMIR_SPI,https://assets.paninidigitalcollections.com/assets/22/stickers/57-2532a14b8dc4302d0314181ed1777e45716fdd26.png,659,SUPER PICHICHIS,8434,1494,12,https://assets.paninidigitalcollections.com/assets/22/pages/12-c88b84e9bea3a4ee7bc46cde7c902f57d81e5e9a.jpg,0.5003,0.7525,false
22,LALIGA EA SPORTS 2026/2027,8435,58,3,FERRAN TORRES_SPI,https://assets.paninidigitalcollections.com/assets/22/stickers/58-5a5cd12e22ea7e1b349e05a25a7b5d3e9532d0c5.png,659,SUPER PICHICHIS,8435,1494,12,https://assets.paninidigitalcollections.com/assets/22/pages/12-c88b84e9bea3a4ee7bc46cde7c902f57d81e5e9a.jpg,0.8024,0.7525,false
22,LALIGA EA SPORTS 2026/2027,8436,59,4,LAMINE YAMAL_SPI,https://assets.paninidigitalcollections.com/assets/22/stickers/59-d75d6a241cc56279cad146288980a1dc828ad90f.png,659,SUPER PICHICHIS,8436,1494,12,https://assets.paninidigitalcollections.com/assets/22/pages/12-c88b84e9bea3a4ee7bc46cde7c902f57d81e5e9a.jpg,0.2006,0.4921,false
22,LALIGA EA SPORTS 2026/2027,8437,60,5,MBAPPÉ_SPI,https://assets.paninidigitalcollections.com/assets/22/stickers/60-6886c63b11b97bba20a41db6b38a0b4581b412f6.png,659,SUPER PICHICHIS,8437,1494,12,https://assets.paninidigitalcollections.com/assets/22/pages/12-c88b84e9bea3a4ee7bc46cde7c902f57d81e5e9a.jpg,0.5003,0.4921,false
22,LALIGA EA SPORTS 2026/2027,8438,61,6,MURIQI_SPI,https://assets.paninidigitalcollections.com/assets/22/stickers/61-9462f79701b19c983eb1b7d514a391965987f2e8.png,659,SUPER PICHICHIS,8438,1494,12,https://assets.paninidigitalcollections.com/assets/22/pages/12-c88b84e9bea3a4ee7bc46cde7c902f57d81e5e9a.jpg,0.8024,0.4921,false
22,LALIGA EA SPORTS 2026/2027,8439,62,7,OYARZABAL_SPI,https://assets.paninidigitalcollections.com/assets/22/stickers/62-27b8ab0412539823a7d160c6e38e9783c703328f.png,659,SUPER PICHICHIS,8439,1494,12,https://assets.paninidigitalcollections.com/assets/22/pages/12-c88b84e9bea3a4ee7bc46cde7c902f57d81e5e9a.jpg,0.2006,0.2285,false
22,LALIGA EA SPORTS 2026/2027,8440,63,8,SORLOTH_SPI,https://assets.paninidigitalcollections.com/assets/22/stickers/63-cd2439c630c4e69b4f2300bdab430f1013809678.png,659,SUPER PICHICHIS,8440,1494,12,https://assets.paninidigitalcollections.com/assets/22/pages/12-c88b84e9bea3a4ee7bc46cde7c902f57d81e5e9a.jpg,0.5003,0.2285,false
22,LALIGA EA SPORTS 2026/2027,8441,64,9,VINÍCIUS_SPI,https://assets.paninidigitalcollections.com/assets/22/stickers/64-419061f64603f9dc19b1db2b1769059020061731.png,659,SUPER PICHICHIS,8441,1494,12,https://assets.paninidigitalcollections.com/assets/22/pages/12-c88b84e9bea3a4ee7bc46cde7c902f57d81e5e9a.jpg,0.8024,0.2285,false
22,LALIGA EA SPORTS 2026/2027,8442,65,1,BUCHANAN_SE,https://assets.paninidigitalcollections.com/assets/22/stickers/65-a929854b948cc335ee1846195b555b98f72d861c.png,660,SUPER EVOLUTION,8442,1495,13,https://assets.paninidigitalcollections.com/assets/22/pages/13-629fcfdde8771f913a4374184cfc70b6d732e76a.jpg,0.2006,0.7525,false
22,LALIGA EA SPORTS 2026/2027,8443,66,2,CARLOS ROMERO_SE,https://assets.paninidigitalcollections.com/assets/22/stickers/66-8d4cca5c6a6b8cac0d3793b07e6f2c664aa7a61d.png,660,SUPER EVOLUTION,8443,1495,13,https://assets.paninidigitalcollections.com/assets/22/pages/13-629fcfdde8771f913a4374184cfc70b6d732e76a.jpg,0.5003,0.7525,false
22,LALIGA EA SPORTS 2026/2027,8444,67,3,DE FRUTOS_SE,https://assets.paninidigitalcollections.com/assets/22/stickers/67-e42408d4b50a7b4a723fb308ee722a113d7e84f8.png,660,SUPER EVOLUTION,8444,1495,13,https://assets.paninidigitalcollections.com/assets/22/pages/13-629fcfdde8771f913a4374184cfc70b6d732e76a.jpg,0.8024,0.7525,false
22,LALIGA EA SPORTS 2026/2027,8445,68,4,ERIC GARCÍA_SE,https://assets.paninidigitalcollections.com/assets/22/stickers/68-e23476111357f2d1328669cef3549fc3b816d374.png,660,SUPER EVOLUTION,8445,1495,13,https://assets.paninidigitalcollections.com/assets/22/pages/13-629fcfdde8771f913a4374184cfc70b6d732e76a.jpg,0.2006,0.4921,false
22,LALIGA EA SPORTS 2026/2027,8446,69,5,FEBAS_SE,https://assets.paninidigitalcollections.com/assets/22/stickers/69-28c13f89fa3e04d2dc040c1cb2566baf45ba946c.png,660,SUPER EVOLUTION,8446,1495,13,https://assets.paninidigitalcollections.com/assets/22/pages/13-629fcfdde8771f913a4374184cfc70b6d732e76a.jpg,0.5003,0.4921,false
22,LALIGA EA SPORTS 2026/2027,8447,70,6,MILLA_SE,https://assets.paninidigitalcollections.com/assets/22/stickers/70-47c8ed4d9b24e29167e21df072bd714d53d72f82.png,660,SUPER EVOLUTION,8447,1495,13,https://assets.paninidigitalcollections.com/assets/22/pages/13-629fcfdde8771f913a4374184cfc70b6d732e76a.jpg,0.8024,0.4921,false
22,LALIGA EA SPORTS 2026/2027,8448,71,7,PABLO FORNALS_SE,https://assets.paninidigitalcollections.com/assets/22/stickers/71-d42315b16ce253f054927e3ec895223067953a04.png,660,SUPER EVOLUTION,8448,1495,13,https://assets.paninidigitalcollections.com/assets/22/pages/13-629fcfdde8771f913a4374184cfc70b6d732e76a.jpg,0.2006,0.2285,false
22,LALIGA EA SPORTS 2026/2027,8449,72,8,PUBILL_SE,https://assets.paninidigitalcollections.com/assets/22/stickers/72-7f925f6cb6cff701db678214ed862c37ea94ae2b.png,660,SUPER EVOLUTION,8449,1495,13,https://assets.paninidigitalcollections.com/assets/22/pages/13-629fcfdde8771f913a4374184cfc70b6d732e76a.jpg,0.5003,0.2285,false
22,LALIGA EA SPORTS 2026/2027,8450,73,9,TCHOUAMÉNI_SE,https://assets.paninidigitalcollections.com/assets/22/stickers/73-53e6b0c2ebd1edbdc99bdef346ad9312507bbc72.png,660,SUPER EVOLUTION,8450,1495,13,https://assets.paninidigitalcollections.com/assets/22/pages/13-629fcfdde8771f913a4374184cfc70b6d732e76a.jpg,0.8024,0.2285,false
22,LALIGA EA SPORTS 2026/2027,8451,74,1,CARLOS ESPÍ_SR,https://assets.paninidigitalcollections.com/assets/22/stickers/74-091a3a168aec0946baaeb9e1b4b551cec15a93fa.png,661,SUPER ROOKIES,8451,1496,14,https://assets.paninidigitalcollections.com/assets/22/pages/14-96a677dc582fe70689314c7d3b100d93ba8aff30.jpg,0.2006,0.7525,false
22,LALIGA EA SPORTS 2026/2027,8452,75,2,GORROTXATEGI_SR,https://assets.paninidigitalcollections.com/assets/22/stickers/75-16dfd635403110817005c8289e5b4486dbe59d6a.png,661,SUPER ROOKIES,8452,1496,14,https://assets.paninidigitalcollections.com/assets/22/pages/14-96a677dc582fe70689314c7d3b100d93ba8aff30.jpg,0.5003,0.7525,false
22,LALIGA EA SPORTS 2026/2027,8453,76,3,JAN VIRGILI_SR,https://assets.paninidigitalcollections.com/assets/22/stickers/76-2ab5acfea540e8a21172eb3c2b706bc7d8bf5a89.png,661,SUPER ROOKIES,8453,1496,14,https://assets.paninidigitalcollections.com/assets/22/pages/14-96a677dc582fe70689314c7d3b100d93ba8aff30.jpg,0.8024,0.7525,false
22,LALIGA EA SPORTS 2026/2027,8454,77,4,JON MARTÍN_SR,https://assets.paninidigitalcollections.com/assets/22/stickers/77-b5f9c963998dc3cfb4aec1f108ab480587946225.png,661,SUPER ROOKIES,8454,1496,14,https://assets.paninidigitalcollections.com/assets/22/pages/14-96a677dc582fe70689314c7d3b100d93ba8aff30.jpg,0.2006,0.4921,false
22,LALIGA EA SPORTS 2026/2027,8455,78,5,MARC BERNAL_SR,https://assets.paninidigitalcollections.com/assets/22/stickers/78-368c603a2a17699ee9b835c7aceb64759255691b.png,661,SUPER ROOKIES,8455,1496,14,https://assets.paninidigitalcollections.com/assets/22/pages/14-96a677dc582fe70689314c7d3b100d93ba8aff30.jpg,0.5003,0.4921,false
22,LALIGA EA SPORTS 2026/2027,8456,79,6,MIGUEL ROMÁN_SR,https://assets.paninidigitalcollections.com/assets/22/stickers/79-95e4cc0913deadabd9a57626300e289130a14617.png,661,SUPER ROOKIES,8456,1496,14,https://assets.paninidigitalcollections.com/assets/22/pages/14-96a677dc582fe70689314c7d3b100d93ba8aff30.jpg,0.8024,0.4921,false
22,LALIGA EA SPORTS 2026/2027,8457,80,7,OBED VARGAS_SR,https://assets.paninidigitalcollections.com/assets/22/stickers/80-c49c8c291216d5d03c973c06e8399e0a9eefca49.png,661,SUPER ROOKIES,8457,1496,14,https://assets.paninidigitalcollections.com/assets/22/pages/14-96a677dc582fe70689314c7d3b100d93ba8aff30.jpg,0.2006,0.2285,false
22,LALIGA EA SPORTS 2026/2027,8458,81,8,RODRI MENDOZA_SR,https://assets.paninidigitalcollections.com/assets/22/stickers/81-f6282e4c0d57251f1284240d8582f8eec2175326.png,661,SUPER ROOKIES,8458,1496,14,https://assets.paninidigitalcollections.com/assets/22/pages/14-96a677dc582fe70689314c7d3b100d93ba8aff30.jpg,0.5003,0.2285,false
22,LALIGA EA SPORTS 2026/2027,8459,82,9,VÍCTOR MUÑOZ_SR,https://assets.paninidigitalcollections.com/assets/22/stickers/82-508b3325d0ee90157a4b0fbae2f88bf61e3da790.png,661,SUPER ROOKIES,8459,1496,14,https://assets.paninidigitalcollections.com/assets/22/pages/14-96a677dc582fe70689314c7d3b100d93ba8aff30.jpg,0.8024,0.2285,false
22,LALIGA EA SPORTS 2026/2027,8460,83,1,ANTONIO SIVERA,https://assets.paninidigitalcollections.com/assets/22/stickers/83-5d5a04b2991f387230b5e997187f621e8801594b.png,662,ALAVÉS,8460,1498,16,https://assets.paninidigitalcollections.com/assets/22/pages/16-9820ab99675ef1af7175c017effa7d4681dc26ba.jpg,0.4998,0.6574,false
22,LALIGA EA SPORTS 2026/2027,8461,84,2,JONNY,https://assets.paninidigitalcollections.com/assets/22/stickers/84-3b2a9fa1afc9a90497c965a81f1eba21f2359c1b.png,662,ALAVÉS,8461,1498,16,https://assets.paninidigitalcollections.com/assets/22/pages/16-9820ab99675ef1af7175c017effa7d4681dc26ba.jpg,0.2375,0.4273,false
22,LALIGA EA SPORTS 2026/2027,8462,85,3,NAHUEL TENAGLIA,https://assets.paninidigitalcollections.com/assets/22/stickers/85-e185e795dae2f580f59f48e60131411d85d0c5f1.png,662,ALAVÉS,8462,1498,16,https://assets.paninidigitalcollections.com/assets/22/pages/16-9820ab99675ef1af7175c017effa7d4681dc26ba.jpg,0.4998,0.4273,false
22,LALIGA EA SPORTS 2026/2027,8463,86,4,VILLE KOSKI,https://assets.paninidigitalcollections.com/assets/22/stickers/86-ae45b856ef2bc4d954bd4f135bcb3161085a124e.png,662,ALAVÉS,8463,1498,16,https://assets.paninidigitalcollections.com/assets/22/pages/16-9820ab99675ef1af7175c017effa7d4681dc26ba.jpg,0.762,0.4273,false
22,LALIGA EA SPORTS 2026/2027,8464,87,5,ALAVÉS 87,https://assets.paninidigitalcollections.com/assets/22/stickers/87-3503dd1a7d3151aeb24fa2c13a05850294581a47.png,662,ALAVÉS,8464,1498,16,https://assets.paninidigitalcollections.com/assets/22/pages/16-9820ab99675ef1af7175c017effa7d4681dc26ba.jpg,0.2375,0.1971,false
22,LALIGA EA SPORTS 2026/2027,8465,88,6,YUSI,https://assets.paninidigitalcollections.com/assets/22/stickers/88-562300a93b74fdd828f162447803c8a10df13996.png,662,ALAVÉS,8465,1498,16,https://assets.paninidigitalcollections.com/assets/22/pages/16-9820ab99675ef1af7175c017effa7d4681dc26ba.jpg,0.4998,0.1971,false
22,LALIGA EA SPORTS 2026/2027,8466,89,7,CARLOS BENAVÍDEZ,https://assets.paninidigitalcollections.com/assets/22/stickers/89-638700e1b8396d0bb91fb4db294244cbfd35e51e.png,662,ALAVÉS,8466,1498,16,https://assets.paninidigitalcollections.com/assets/22/pages/16-9820ab99675ef1af7175c017effa7d4681dc26ba.jpg,0.762,0.1971,false
22,LALIGA EA SPORTS 2026/2027,8467,90,8,ANTONIO BLANCO,https://assets.paninidigitalcollections.com/assets/22/stickers/90-cdc4b4e256d3c53e44310f7bbf62d93fda9cc313.png,662,ALAVÉS,8467,1499,17,https://assets.paninidigitalcollections.com/assets/22/pages/17-90b916aabff5f40c88316cbd2807c6535524662a.jpg,0.2375,0.6574,false
22,LALIGA EA SPORTS 2026/2027,8468,91,9,ANDER GUEVARA,https://assets.paninidigitalcollections.com/assets/22/stickers/91-ab671a4c790f5154bd172db36b673e52b7936636.png,662,ALAVÉS,8468,1499,17,https://assets.paninidigitalcollections.com/assets/22/pages/17-90b916aabff5f40c88316cbd2807c6535524662a.jpg,0.4998,0.6574,false
22,LALIGA EA SPORTS 2026/2027,8469,92,10,CARLES ALEÑÁ,https://assets.paninidigitalcollections.com/assets/22/stickers/92-a6f4e1da4c6cf90df7632bd14b9b4a0ac71faa75.png,662,ALAVÉS,8469,1499,17,https://assets.paninidigitalcollections.com/assets/22/pages/17-90b916aabff5f40c88316cbd2807c6535524662a.jpg,0.762,0.6574,false
22,LALIGA EA SPORTS 2026/2027,8470,93,11,PABLO IBÁÑEZ,https://assets.paninidigitalcollections.com/assets/22/stickers/93-30f27257431d110e70891e52cbc5477c12244760.png,662,ALAVÉS,8470,1499,17,https://assets.paninidigitalcollections.com/assets/22/pages/17-90b916aabff5f40c88316cbd2807c6535524662a.jpg,0.2375,0.4273,false
22,LALIGA EA SPORTS 2026/2027,8471,94,12,DENIS SUÁREZ,https://assets.paninidigitalcollections.com/assets/22/stickers/94-5646cda599f3548111083aa6648af69104cd671b.png,662,ALAVÉS,8471,1499,17,https://assets.paninidigitalcollections.com/assets/22/pages/17-90b916aabff5f40c88316cbd2807c6535524662a.jpg,0.4998,0.4273,false
22,LALIGA EA SPORTS 2026/2027,8472,95,13,ÁNGEL PÉREZ,https://assets.paninidigitalcollections.com/assets/22/stickers/95-52f2faf49c13d76c2640c94d720da22a9d6e5d99.png,662,ALAVÉS,8472,1499,17,https://assets.paninidigitalcollections.com/assets/22/pages/17-90b916aabff5f40c88316cbd2807c6535524662a.jpg,0.762,0.4273,false
22,LALIGA EA SPORTS 2026/2027,8473,96,14,ABDE REBBACH,https://assets.paninidigitalcollections.com/assets/22/stickers/96-c6fba4ff7a85e04a2b605281fc393b598e851511.png,662,ALAVÉS,8473,1499,17,https://assets.paninidigitalcollections.com/assets/22/pages/17-90b916aabff5f40c88316cbd2807c6535524662a.jpg,0.2375,0.1971,false
22,LALIGA EA SPORTS 2026/2027,8474,97,15,TONI MARTÍNEZ,https://assets.paninidigitalcollections.com/assets/22/stickers/97-a756ea017a5ed8693493534ed60db784f4fb9cb6.png,662,ALAVÉS,8474,1499,17,https://assets.paninidigitalcollections.com/assets/22/pages/17-90b916aabff5f40c88316cbd2807c6535524662a.jpg,0.4998,0.1971,false
22,LALIGA EA SPORTS 2026/2027,8475,98,16,LUCAS BOYÉ,https://assets.paninidigitalcollections.com/assets/22/stickers/98-eb2d839d2ff90121d6cf8ce967d9271dce188442.png,662,ALAVÉS,8475,1499,17,https://assets.paninidigitalcollections.com/assets/22/pages/17-90b916aabff5f40c88316cbd2807c6535524662a.jpg,0.762,0.1971,false
22,LALIGA EA SPORTS 2026/2027,8476,99,1,UNAI SIMÓN,https://assets.paninidigitalcollections.com/assets/22/stickers/99-f77f963575e5d44d18da1fc95d33f6c41a644985.png,663,ATHLETIC CLUB,8476,1500,18,https://assets.paninidigitalcollections.com/assets/22/pages/18-04840119852caaa40d4e432269e8bec338f7eeef.jpg,0.4998,0.6574,false
22,LALIGA EA SPORTS 2026/2027,8477,100,2,JESÚS ARESO,https://assets.paninidigitalcollections.com/assets/22/stickers/100-2a2d8936516b4e39108b9f1f6240074bb02e858b.png,663,ATHLETIC CLUB,8477,1500,18,https://assets.paninidigitalcollections.com/assets/22/pages/18-04840119852caaa40d4e432269e8bec338f7eeef.jpg,0.2375,0.4273,false
22,LALIGA EA SPORTS 2026/2027,8478,101,3,DANIEL VIVIAN,https://assets.paninidigitalcollections.com/assets/22/stickers/101-17a98ed4c58bdea1a6cd9be83921f9720cda0d12.png,663,ATHLETIC CLUB,8478,1500,18,https://assets.paninidigitalcollections.com/assets/22/pages/18-04840119852caaa40d4e432269e8bec338f7eeef.jpg,0.4998,0.4273,false
22,LALIGA EA SPORTS 2026/2027,8479,102,4,AITOR PAREDES,https://assets.paninidigitalcollections.com/assets/22/stickers/102-02eebf84664b1b7b05fa9c6465e44c3c19d4aaf6.png,663,ATHLETIC CLUB,8479,1500,18,https://assets.paninidigitalcollections.com/assets/22/pages/18-04840119852caaa40d4e432269e8bec338f7eeef.jpg,0.762,0.4273,false
22,LALIGA EA SPORTS 2026/2027,8480,103,5,AYMERIC LAPORTE,https://assets.paninidigitalcollections.com/assets/22/stickers/103-3030937dbd63aee4c019516f9011944db47d9b3d.png,663,ATHLETIC CLUB,8480,1500,18,https://assets.paninidigitalcollections.com/assets/22/pages/18-04840119852caaa40d4e432269e8bec338f7eeef.jpg,0.2375,0.1971,false
22,LALIGA EA SPORTS 2026/2027,8481,104,6,YURI BERCHICHE,https://assets.paninidigitalcollections.com/assets/22/stickers/104-ad51ae0983baef9d4d8f28a9a3f3971e4a72c910.png,663,ATHLETIC CLUB,8481,1500,18,https://assets.paninidigitalcollections.com/assets/22/pages/18-04840119852caaa40d4e432269e8bec338f7eeef.jpg,0.4998,0.1971,false
22,LALIGA EA SPORTS 2026/2027,8482,105,7,IÑIGO RUIZ DE GALARRETA,https://assets.paninidigitalcollections.com/assets/22/stickers/105-a109e4a416d41610187e39f8b3b2d44984aa0ac0.png,663,ATHLETIC CLUB,8482,1500,18,https://assets.paninidigitalcollections.com/assets/22/pages/18-04840119852caaa40d4e432269e8bec338f7eeef.jpg,0.762,0.1971,false
22,LALIGA EA SPORTS 2026/2027,8483,106,8,MIKEL JAUREGIZAR,https://assets.paninidigitalcollections.com/assets/22/stickers/106-b222ee894e0ae90ea769d305b49a4019ea5b92e7.png,663,ATHLETIC CLUB,8483,1501,19,https://assets.paninidigitalcollections.com/assets/22/pages/19-04892e7a676e8ed29600f2507d3a8c963e094b07.jpg,0.2375,0.6574,false
22,LALIGA EA SPORTS 2026/2027,8484,107,9,ALEJANDRO REGO,https://assets.paninidigitalcollections.com/assets/22/stickers/107-4c40328d3cc7efab6eb7a360f1ee5a5b652df83b.png,663,ATHLETIC CLUB,8484,1501,19,https://assets.paninidigitalcollections.com/assets/22/pages/19-04892e7a676e8ed29600f2507d3a8c963e094b07.jpg,0.4998,0.6574,false
22,LALIGA EA SPORTS 2026/2027,8485,108,10,OIHAN SANCET,https://assets.paninidigitalcollections.com/assets/22/stickers/108-ae7cb2b7157697395ee28dd174f15ab3dbcc3012.png,663,ATHLETIC CLUB,8485,1501,19,https://assets.paninidigitalcollections.com/assets/22/pages/19-04892e7a676e8ed29600f2507d3a8c963e094b07.jpg,0.762,0.6574,false
22,LALIGA EA SPORTS 2026/2027,8486,109,11,NICO SERRANO,https://assets.paninidigitalcollections.com/assets/22/stickers/109-be99e79e9b51b86f18952439575aad50f621d328.png,663,ATHLETIC CLUB,8486,1501,19,https://assets.paninidigitalcollections.com/assets/22/pages/19-04892e7a676e8ed29600f2507d3a8c963e094b07.jpg,0.2375,0.4273,false
22,LALIGA EA SPORTS 2026/2027,8487,110,12,ALEJANDRO BERENGUER,https://assets.paninidigitalcollections.com/assets/22/stickers/110-24a624524655c28a959360fbaea1b84d75176b69.png,663,ATHLETIC CLUB,8487,1501,19,https://assets.paninidigitalcollections.com/assets/22/pages/19-04892e7a676e8ed29600f2507d3a8c963e094b07.jpg,0.4998,0.4273,false
22,LALIGA EA SPORTS 2026/2027,8488,111,13,ROBERT NAVARRO,https://assets.paninidigitalcollections.com/assets/22/stickers/111-0271eb203de8e00627a28628125e95b9df2a6770.png,663,ATHLETIC CLUB,8488,1501,19,https://assets.paninidigitalcollections.com/assets/22/pages/19-04892e7a676e8ed29600f2507d3a8c963e094b07.jpg,0.762,0.4273,false
22,LALIGA EA SPORTS 2026/2027,8489,112,14,IÑAKI WILLIAMS,https://assets.paninidigitalcollections.com/assets/22/stickers/112-fd0323a29b9ef16c7dc814c03c978c6f049548ca.png,663,ATHLETIC CLUB,8489,1501,19,https://assets.paninidigitalcollections.com/assets/22/pages/19-04892e7a676e8ed29600f2507d3a8c963e094b07.jpg,0.2375,0.1971,false
22,LALIGA EA SPORTS 2026/2027,8490,113,15,GORKA GURUZETA,https://assets.paninidigitalcollections.com/assets/22/stickers/113-17324966118cb84ca379e077296cd98cccc2266d.png,663,ATHLETIC CLUB,8490,1501,19,https://assets.paninidigitalcollections.com/assets/22/pages/19-04892e7a676e8ed29600f2507d3a8c963e094b07.jpg,0.4998,0.1971,false
22,LALIGA EA SPORTS 2026/2027,8491,114,16,NICO WILLIAMS,https://assets.paninidigitalcollections.com/assets/22/stickers/114-77858e64d4fc990a1adb3dacca5b2658075442ec.png,663,ATHLETIC CLUB,8491,1501,19,https://assets.paninidigitalcollections.com/assets/22/pages/19-04892e7a676e8ed29600f2507d3a8c963e094b07.jpg,0.762,0.1971,false
22,LALIGA EA SPORTS 2026/2027,8492,115,1,JAN OBLAK,https://assets.paninidigitalcollections.com/assets/22/stickers/115-23c39d706213dffc3c44d2f4b8d1b245d052e384.png,664,ATLÉTICO DE MADRID,8492,1502,20,https://assets.paninidigitalcollections.com/assets/22/pages/20-1c9724d82445f45e688a454a61de0195e87b9600.jpg,0.4998,0.6574,false
22,LALIGA EA SPORTS 2026/2027,8493,116,2,MARCOS LLORENTE,https://assets.paninidigitalcollections.com/assets/22/stickers/116-c1c622ac736d067e24ea2c9ce757e89291eae5db.png,664,ATLÉTICO DE MADRID,8493,1502,20,https://assets.paninidigitalcollections.com/assets/22/pages/20-1c9724d82445f45e688a454a61de0195e87b9600.jpg,0.2375,0.4273,false
22,LALIGA EA SPORTS 2026/2027,8494,117,3,ROBIN LE NORMAND,https://assets.paninidigitalcollections.com/assets/22/stickers/117-e63cbffb0db4fda8a8378ff574d5448a3b98fda2.png,664,ATLÉTICO DE MADRID,8494,1502,20,https://assets.paninidigitalcollections.com/assets/22/pages/20-1c9724d82445f45e688a454a61de0195e87b9600.jpg,0.4998,0.4273,false
22,LALIGA EA SPORTS 2026/2027,8495,118,4,MARC PUBILL,https://assets.paninidigitalcollections.com/assets/22/stickers/118-5fafddb3586b49b1b54580d367a51919abaa5599.png,664,ATLÉTICO DE MADRID,8495,1502,20,https://assets.paninidigitalcollections.com/assets/22/pages/20-1c9724d82445f45e688a454a61de0195e87b9600.jpg,0.762,0.4273,false
22,LALIGA EA SPORTS 2026/2027,8496,119,5,JOSÉ MARÍA GIMÉNEZ,https://assets.paninidigitalcollections.com/assets/22/stickers/119-0424a4bc2a766d4d0aa42197a71f55416b22e25b.png,664,ATLÉTICO DE MADRID,8496,1502,20,https://assets.paninidigitalcollections.com/assets/22/pages/20-1c9724d82445f45e688a454a61de0195e87b9600.jpg,0.2375,0.1971,false
22,LALIGA EA SPORTS 2026/2027,8497,120,6,DÁVID HANCKO,https://assets.paninidigitalcollections.com/assets/22/stickers/120-fb8d9d91d2c0c726027dac24f6573a56f12b1e15.png,664,ATLÉTICO DE MADRID,8497,1502,20,https://assets.paninidigitalcollections.com/assets/22/pages/20-1c9724d82445f45e688a454a61de0195e87b9600.jpg,0.4998,0.1971,false
22,LALIGA EA SPORTS 2026/2027,8498,121,7,MATTEO RUGGERI,https://assets.paninidigitalcollections.com/assets/22/stickers/121-f1faf7616b17611997db46fa662bd2e95e6cddce.png,664,ATLÉTICO DE MADRID,8498,1502,20,https://assets.paninidigitalcollections.com/assets/22/pages/20-1c9724d82445f45e688a454a61de0195e87b9600.jpg,0.762,0.1971,false
22,LALIGA EA SPORTS 2026/2027,8499,122,8,KOKE,https://assets.paninidigitalcollections.com/assets/22/stickers/122-9a96168de3c2c69b4598142f345f5c17f5f5d2ff.png,664,ATLÉTICO DE MADRID,8499,1503,21,https://assets.paninidigitalcollections.com/assets/22/pages/21-747ad902090ee0a552ede574b6542261f556bff9.jpg,0.2375,0.6574,false
22,LALIGA EA SPORTS 2026/2027,8500,123,9,PABLO BARRIOS,https://assets.paninidigitalcollections.com/assets/22/stickers/123-c349a2831afc8970068c386cd5d55110b42b4d93.png,664,ATLÉTICO DE MADRID,8500,1503,21,https://assets.paninidigitalcollections.com/assets/22/pages/21-747ad902090ee0a552ede574b6542261f556bff9.jpg,0.4998,0.6574,false
22,LALIGA EA SPORTS 2026/2027,8501,124,10,JOHNNY CARDOSO,https://assets.paninidigitalcollections.com/assets/22/stickers/124-87ef24f68313bd0f4f0c69b6acc5fc9d79f57a2f.png,664,ATLÉTICO DE MADRID,8501,1503,21,https://assets.paninidigitalcollections.com/assets/22/pages/21-747ad902090ee0a552ede574b6542261f556bff9.jpg,0.762,0.6574,false
22,LALIGA EA SPORTS 2026/2027,8502,125,11,ÁLEX BAENA,https://assets.paninidigitalcollections.com/assets/22/stickers/125-989fb7d24a7f92facc6d21ced716370f2605f3dd.png,664,ATLÉTICO DE MADRID,8502,1503,21,https://assets.paninidigitalcollections.com/assets/22/pages/21-747ad902090ee0a552ede574b6542261f556bff9.jpg,0.2375,0.4273,false
22,LALIGA EA SPORTS 2026/2027,8503,126,12,THIAGO ALMADA,https://assets.paninidigitalcollections.com/assets/22/stickers/126-07ab7878e6951885ce7578983298b529dc6b4c30.png,664,ATLÉTICO DE MADRID,8503,1503,21,https://assets.paninidigitalcollections.com/assets/22/pages/21-747ad902090ee0a552ede574b6542261f556bff9.jpg,0.4998,0.4273,false
22,LALIGA EA SPORTS 2026/2027,8504,127,13,GIULIANO SIMEONE,https://assets.paninidigitalcollections.com/assets/22/stickers/127-730415758e8b4799217228e5787f76bbb1b83ba1.png,664,ATLÉTICO DE MADRID,8504,1503,21,https://assets.paninidigitalcollections.com/assets/22/pages/21-747ad902090ee0a552ede574b6542261f556bff9.jpg,0.762,0.4273,false
22,LALIGA EA SPORTS 2026/2027,8505,128,14,ADEMOLA LOOKMAN,https://assets.paninidigitalcollections.com/assets/22/stickers/128-b80ce1f02287949ae9a13fae73fe6d72beb9ccf8.png,664,ATLÉTICO DE MADRID,8505,1503,21,https://assets.paninidigitalcollections.com/assets/22/pages/21-747ad902090ee0a552ede574b6542261f556bff9.jpg,0.2375,0.1971,false
22,LALIGA EA SPORTS 2026/2027,8506,129,15,JULIÁN ALVAREZ,https://assets.paninidigitalcollections.com/assets/22/stickers/129-550477ecf6d102f831e9dcdf2e68d1e0376efddc.png,664,ATLÉTICO DE MADRID,8506,1503,21,https://assets.paninidigitalcollections.com/assets/22/pages/21-747ad902090ee0a552ede574b6542261f556bff9.jpg,0.4998,0.1971,false
22,LALIGA EA SPORTS 2026/2027,8507,130,16,ALEXANDER SORLOTH,https://assets.paninidigitalcollections.com/assets/22/stickers/130-246a686916940026a111c18e68961447d128c75d.png,664,ATLÉTICO DE MADRID,8507,1503,21,https://assets.paninidigitalcollections.com/assets/22/pages/21-747ad902090ee0a552ede574b6542261f556bff9.jpg,0.762,0.1971,false
22,LALIGA EA SPORTS 2026/2027,8508,131,1,JOAN GARCÍA,https://assets.paninidigitalcollections.com/assets/22/stickers/131-e398cc2bb10178cf896994ce31da723f398ef917.png,665,FC BARCELONA,8508,1504,22,https://assets.paninidigitalcollections.com/assets/22/pages/22-e132c9627870675deca665d6f9b0e7a2aae3bea6.jpg,0.4998,0.6574,false
22,LALIGA EA SPORTS 2026/2027,8509,132,2,JULES KOUNDÉ,https://assets.paninidigitalcollections.com/assets/22/stickers/132-cb5ab6901c665433af8c56fd08dca2d7571f5175.png,665,FC BARCELONA,8509,1504,22,https://assets.paninidigitalcollections.com/assets/22/pages/22-e132c9627870675deca665d6f9b0e7a2aae3bea6.jpg,0.2375,0.4273,false
22,LALIGA EA SPORTS 2026/2027,8510,133,3,GERARD MARTÍN,https://assets.paninidigitalcollections.com/assets/22/stickers/133-b69b6e99f6171e473b3f4961f4cc7129d2ba4a61.png,665,FC BARCELONA,8510,1504,22,https://assets.paninidigitalcollections.com/assets/22/pages/22-e132c9627870675deca665d6f9b0e7a2aae3bea6.jpg,0.4998,0.4273,false
22,LALIGA EA SPORTS 2026/2027,8511,134,4,PAU CUBARSÍ,https://assets.paninidigitalcollections.com/assets/22/stickers/134-afd7625f8db2f6768d66e4ab0725393d68118964.png,665,FC BARCELONA,8511,1504,22,https://assets.paninidigitalcollections.com/assets/22/pages/22-e132c9627870675deca665d6f9b0e7a2aae3bea6.jpg,0.762,0.4273,false
22,LALIGA EA SPORTS 2026/2027,8512,135,5,ERIC GARCÍA,https://assets.paninidigitalcollections.com/assets/22/stickers/135-a396be2e8b2cbdb277f05c6b0126cd1a39e4c833.png,665,FC BARCELONA,8512,1504,22,https://assets.paninidigitalcollections.com/assets/22/pages/22-e132c9627870675deca665d6f9b0e7a2aae3bea6.jpg,0.2375,0.1971,false
22,LALIGA EA SPORTS 2026/2027,8513,136,6,RONALD ARAÚJO,https://assets.paninidigitalcollections.com/assets/22/stickers/136-28b3f8055e30bb4b22bbe118e145068422343b05.png,665,FC BARCELONA,8513,1504,22,https://assets.paninidigitalcollections.com/assets/22/pages/22-e132c9627870675deca665d6f9b0e7a2aae3bea6.jpg,0.4998,0.1971,false
22,LALIGA EA SPORTS 2026/2027,8514,137,7,ALEJANDRO BALDE,https://assets.paninidigitalcollections.com/assets/22/stickers/137-34c30195ad094fbf57ee325099b116cb072af3de.png,665,FC BARCELONA,8514,1504,22,https://assets.paninidigitalcollections.com/assets/22/pages/22-e132c9627870675deca665d6f9b0e7a2aae3bea6.jpg,0.762,0.1971,false
22,LALIGA EA SPORTS 2026/2027,8515,138,8,FRENKIE DE JONG,https://assets.paninidigitalcollections.com/assets/22/stickers/138-27b064bd225330bad148d0262d13839795436eb0.png,665,FC BARCELONA,8515,1505,23,https://assets.paninidigitalcollections.com/assets/22/pages/23-74c545e08722ebb9aa9fcf7e3088311d80468609.jpg,0.2375,0.6574,false
22,LALIGA EA SPORTS 2026/2027,8516,139,9,MARC BERNAL,https://assets.paninidigitalcollections.com/assets/22/stickers/139-6e6a0e55a771722d16f7b00b345ec97473c4c284.png,665,FC BARCELONA,8516,1505,23,https://assets.paninidigitalcollections.com/assets/22/pages/23-74c545e08722ebb9aa9fcf7e3088311d80468609.jpg,0.4998,0.6574,false
22,LALIGA EA SPORTS 2026/2027,8517,140,10,GAVI,https://assets.paninidigitalcollections.com/assets/22/stickers/140-e58031344c32d5b8337e12ef32169e4f1087a40d.png,665,FC BARCELONA,8517,1505,23,https://assets.paninidigitalcollections.com/assets/22/pages/23-74c545e08722ebb9aa9fcf7e3088311d80468609.jpg,0.762,0.6574,false
22,LALIGA EA SPORTS 2026/2027,8518,141,11,PEDRI,https://assets.paninidigitalcollections.com/assets/22/stickers/141-83126f042909e4b9a86f70ae45a42fd8de3c472c.png,665,FC BARCELONA,8518,1505,23,https://assets.paninidigitalcollections.com/assets/22/pages/23-74c545e08722ebb9aa9fcf7e3088311d80468609.jpg,0.2375,0.4273,false
22,LALIGA EA SPORTS 2026/2027,8519,142,12,FERMÍN LÓPEZ,https://assets.paninidigitalcollections.com/assets/22/stickers/142-0521d21fdd8936bb60138297b1f3583e6d8c9685.png,665,FC BARCELONA,8519,1505,23,https://assets.paninidigitalcollections.com/assets/22/pages/23-74c545e08722ebb9aa9fcf7e3088311d80468609.jpg,0.4998,0.4273,false
22,LALIGA EA SPORTS 2026/2027,8520,143,13,DANI OLMO,https://assets.paninidigitalcollections.com/assets/22/stickers/143-206533b74787a89562932d0dbb42939b172a0545.png,665,FC BARCELONA,8520,1505,23,https://assets.paninidigitalcollections.com/assets/22/pages/23-74c545e08722ebb9aa9fcf7e3088311d80468609.jpg,0.762,0.4273,false
22,LALIGA EA SPORTS 2026/2027,8521,144,14,RAPHINHA,https://assets.paninidigitalcollections.com/assets/22/stickers/144-ef4c7fae66d9884d5ff1ba33b4f5f1cbb92c7246.png,665,FC BARCELONA,8521,1505,23,https://assets.paninidigitalcollections.com/assets/22/pages/23-74c545e08722ebb9aa9fcf7e3088311d80468609.jpg,0.2375,0.1971,false
22,LALIGA EA SPORTS 2026/2027,8522,145,15,LAMINE YAMAL,https://assets.paninidigitalcollections.com/assets/22/stickers/145-dea6363a68b6f533701f04a8bb4927888c0cad2b.png,665,FC BARCELONA,8522,1505,23,https://assets.paninidigitalcollections.com/assets/22/pages/23-74c545e08722ebb9aa9fcf7e3088311d80468609.jpg,0.4998,0.1971,false
22,LALIGA EA SPORTS 2026/2027,8523,146,16,FERRAN TORRES,https://assets.paninidigitalcollections.com/assets/22/stickers/146-7adc0a1d6470cf7985ee8724a289982102675164.png,665,FC BARCELONA,8523,1505,23,https://assets.paninidigitalcollections.com/assets/22/pages/23-74c545e08722ebb9aa9fcf7e3088311d80468609.jpg,0.762,0.1971,false
22,LALIGA EA SPORTS 2026/2027,8524,147,1,ÁLVARO VALLES,https://assets.paninidigitalcollections.com/assets/22/stickers/147-aa96c294588f9ce4fea32442fc26b6c9b3df89c4.png,666,REAL BETIS,8524,1506,24,https://assets.paninidigitalcollections.com/assets/22/pages/24-405e01934b5ff006fdc0c82442b5381bf7ca9c73.jpg,0.4998,0.6574,false
22,LALIGA EA SPORTS 2026/2027,8525,148,2,AITOR RUIBAL,https://assets.paninidigitalcollections.com/assets/22/stickers/148-2e78adc83d5cd09a1f35f998ca8461a1dce67d5a.png,666,REAL BETIS,8525,1506,24,https://assets.paninidigitalcollections.com/assets/22/pages/24-405e01934b5ff006fdc0c82442b5381bf7ca9c73.jpg,0.2375,0.4273,false
22,LALIGA EA SPORTS 2026/2027,8526,149,3,MARC BARTRA,https://assets.paninidigitalcollections.com/assets/22/stickers/149-aadd32bb371c0ff27cd75853c2375738b879b84f.png,666,REAL BETIS,8526,1506,24,https://assets.paninidigitalcollections.com/assets/22/pages/24-405e01934b5ff006fdc0c82442b5381bf7ca9c73.jpg,0.4998,0.4273,false
22,LALIGA EA SPORTS 2026/2027,8527,150,4,DIEGO LLORENTE,https://assets.paninidigitalcollections.com/assets/22/stickers/150-8db0e33ceaf48280ab2012615a3cc4060fe9d4ce.png,666,REAL BETIS,8527,1506,24,https://assets.paninidigitalcollections.com/assets/22/pages/24-405e01934b5ff006fdc0c82442b5381bf7ca9c73.jpg,0.762,0.4273,false
22,LALIGA EA SPORTS 2026/2027,8528,151,5,NATAN DE SOUZA,https://assets.paninidigitalcollections.com/assets/22/stickers/151-4bdfcebacccab0f206cd912e50e132d74e6cec66.png,666,REAL BETIS,8528,1506,24,https://assets.paninidigitalcollections.com/assets/22/pages/24-405e01934b5ff006fdc0c82442b5381bf7ca9c73.jpg,0.2375,0.1971,false
22,LALIGA EA SPORTS 2026/2027,8529,152,6,VALENTÍN GÓMEZ,https://assets.paninidigitalcollections.com/assets/22/stickers/152-14b8059886605e711fd6cb3ea9d496da2a9ecb42.png,666,REAL BETIS,8529,1506,24,https://assets.paninidigitalcollections.com/assets/22/pages/24-405e01934b5ff006fdc0c82442b5381bf7ca9c73.jpg,0.4998,0.1971,false
22,LALIGA EA SPORTS 2026/2027,8530,153,7,MARC ROCA,https://assets.paninidigitalcollections.com/assets/22/stickers/153-1ed59e3301604024a962030465bac49892f517ab.png,666,REAL BETIS,8530,1506,24,https://assets.paninidigitalcollections.com/assets/22/pages/24-405e01934b5ff006fdc0c82442b5381bf7ca9c73.jpg,0.762,0.1971,false
22,LALIGA EA SPORTS 2026/2027,8531,154,8,SOFYAN AMRABAT,https://assets.paninidigitalcollections.com/assets/22/stickers/154-094abbae7f92eaff73e0e2b4400930e11609320f.png,666,REAL BETIS,8531,1507,25,https://assets.paninidigitalcollections.com/assets/22/pages/25-f3d4b0aabbea0d851715edef35130339726c1d57.jpg,0.2375,0.6574,false
22,LALIGA EA SPORTS 2026/2027,8532,155,9,ÁLVARO FIDALGO,https://assets.paninidigitalcollections.com/assets/22/stickers/155-47428da1ef0a58aabb980c388dfd592a96c90bb5.png,666,REAL BETIS,8532,1507,25,https://assets.paninidigitalcollections.com/assets/22/pages/25-f3d4b0aabbea0d851715edef35130339726c1d57.jpg,0.4998,0.6574,false
22,LALIGA EA SPORTS 2026/2027,8533,156,10,PABLO FORNALS,https://assets.paninidigitalcollections.com/assets/22/stickers/156-6e6248d4865c6af0d0cdac6acbc046f3f191f038.png,666,REAL BETIS,8533,1507,25,https://assets.paninidigitalcollections.com/assets/22/pages/25-f3d4b0aabbea0d851715edef35130339726c1d57.jpg,0.762,0.6574,false
22,LALIGA EA SPORTS 2026/2027,8534,157,11,GIOVANI LO CELSO,https://assets.paninidigitalcollections.com/assets/22/stickers/157-e450ab32234994a9626dceccd7a51b2bdbc90505.png,666,REAL BETIS,8534,1507,25,https://assets.paninidigitalcollections.com/assets/22/pages/25-f3d4b0aabbea0d851715edef35130339726c1d57.jpg,0.2375,0.4273,false
22,LALIGA EA SPORTS 2026/2027,8535,158,12,ISCO,https://assets.paninidigitalcollections.com/assets/22/stickers/158-dfbf757a3a2122ac331ffcd90c9671a35b2251d5.png,666,REAL BETIS,8535,1507,25,https://assets.paninidigitalcollections.com/assets/22/pages/25-f3d4b0aabbea0d851715edef35130339726c1d57.jpg,0.4998,0.4273,false
22,LALIGA EA SPORTS 2026/2027,8536,159,13,RODRIGO RIQUELME,https://assets.paninidigitalcollections.com/assets/22/stickers/159-e2fa97c0042fca41e5b3a6eced5fac706858ce18.png,666,REAL BETIS,8536,1507,25,https://assets.paninidigitalcollections.com/assets/22/pages/25-f3d4b0aabbea0d851715edef35130339726c1d57.jpg,0.762,0.4273,false
22,LALIGA EA SPORTS 2026/2027,8537,160,14,ANTONY DOS SANTOS,https://assets.paninidigitalcollections.com/assets/22/stickers/160-5cebe6a6d163c6114b98979cd37109e20817291c.png,666,REAL BETIS,8537,1507,25,https://assets.paninidigitalcollections.com/assets/22/pages/25-f3d4b0aabbea0d851715edef35130339726c1d57.jpg,0.2375,0.1971,false
22,LALIGA EA SPORTS 2026/2027,8538,161,15,CUCHO HERNÁNDEZ,https://assets.paninidigitalcollections.com/assets/22/stickers/161-a3d55e2c0b81cab86f90c8c2860ea0678759c3d6.png,666,REAL BETIS,8538,1507,25,https://assets.paninidigitalcollections.com/assets/22/pages/25-f3d4b0aabbea0d851715edef35130339726c1d57.jpg,0.4998,0.1971,false
22,LALIGA EA SPORTS 2026/2027,8539,162,16,ABDE,https://assets.paninidigitalcollections.com/assets/22/stickers/162-4ab1046109bedb5347567eba10c09458246c74a4.png,666,REAL BETIS,8539,1507,25,https://assets.paninidigitalcollections.com/assets/22/pages/25-f3d4b0aabbea0d851715edef35130339726c1d57.jpg,0.762,0.1971,false
22,LALIGA EA SPORTS 2026/2027,8540,163,1,ANDREI RADU,https://assets.paninidigitalcollections.com/assets/22/stickers/163-4d0e495e944af6449ec457d91366af1135328d24.png,667,RC CELTA,8540,1508,26,https://assets.paninidigitalcollections.com/assets/22/pages/26-aec0fab955e4ee0fb8a8cd43ce8c46c0931903e6.jpg,0.4998,0.6574,false
22,LALIGA EA SPORTS 2026/2027,8541,164,2,JAVI RUEDA,https://assets.paninidigitalcollections.com/assets/22/stickers/164-01315e113f2dfd170e5502c81e84663bad843a52.png,667,RC CELTA,8541,1508,26,https://assets.paninidigitalcollections.com/assets/22/pages/26-aec0fab955e4ee0fb8a8cd43ce8c46c0931903e6.jpg,0.2375,0.4273,false
22,LALIGA EA SPORTS 2026/2027,8542,165,3,ÁLVARO NÚÑEZ,https://assets.paninidigitalcollections.com/assets/22/stickers/165-df89550c915c04a9b98bd37c2841c9fd3c9234c5.png,667,RC CELTA,8542,1508,26,https://assets.paninidigitalcollections.com/assets/22/pages/26-aec0fab955e4ee0fb8a8cd43ce8c46c0931903e6.jpg,0.4998,0.4273,false
22,LALIGA EA SPORTS 2026/2027,8543,166,4,JAVI RODRÍGUEZ,https://assets.paninidigitalcollections.com/assets/22/stickers/166-e3c86a14a68fc359c7ca6d85e9cd9a8aa6d43dab.png,667,RC CELTA,8543,1508,26,https://assets.paninidigitalcollections.com/assets/22/pages/26-aec0fab955e4ee0fb8a8cd43ce8c46c0931903e6.jpg,0.762,0.4273,false
22,LALIGA EA SPORTS 2026/2027,8544,167,5,CARL STARFELT,https://assets.paninidigitalcollections.com/assets/22/stickers/167-efe390a7ff1fe350731211b985d3605b77ef4fd1.png,667,RC CELTA,8544,1508,26,https://assets.paninidigitalcollections.com/assets/22/pages/26-aec0fab955e4ee0fb8a8cd43ce8c46c0931903e6.jpg,0.2375,0.1971,false
22,LALIGA EA SPORTS 2026/2027,8545,168,6,MARCOS ALONSO,https://assets.paninidigitalcollections.com/assets/22/stickers/168-d2047009372754b0bbab9b4e31395f54125f75a5.png,667,RC CELTA,8545,1508,26,https://assets.paninidigitalcollections.com/assets/22/pages/26-aec0fab955e4ee0fb8a8cd43ce8c46c0931903e6.jpg,0.4998,0.1971,false
22,LALIGA EA SPORTS 2026/2027,8546,169,7,SERGIO CARREIRA,https://assets.paninidigitalcollections.com/assets/22/stickers/169-eb5c0cad711c22ae135ff5febbf70ff14b783a38.png,667,RC CELTA,8546,1508,26,https://assets.paninidigitalcollections.com/assets/22/pages/26-aec0fab955e4ee0fb8a8cd43ce8c46c0931903e6.jpg,0.762,0.1971,false
22,LALIGA EA SPORTS 2026/2027,8547,170,8,ILAIX MORIBA,https://assets.paninidigitalcollections.com/assets/22/stickers/170-7ffd41ad712ad22ea2b2bcae0c9b3c700282434f.png,667,RC CELTA,8547,1509,27,https://assets.paninidigitalcollections.com/assets/22/pages/27-662524f2691e9d001c4e001b644c7c41049b6b0f.jpg,0.2375,0.6574,false
22,LALIGA EA SPORTS 2026/2027,8548,171,9,MIGUEL ROMÁN,https://assets.paninidigitalcollections.com/assets/22/stickers/171-ba7e90d242c56f1f2867eb128a672bd7d50638a3.png,667,RC CELTA,8548,1509,27,https://assets.paninidigitalcollections.com/assets/22/pages/27-662524f2691e9d001c4e001b644c7c41049b6b0f.jpg,0.4998,0.6574,false
22,LALIGA EA SPORTS 2026/2027,8549,172,10,HUGO ÁLVAREZ,https://assets.paninidigitalcollections.com/assets/22/stickers/172-9761b7fd1d8046a4c71b100d61c477c518502019.png,667,RC CELTA,8549,1509,27,https://assets.paninidigitalcollections.com/assets/22/pages/27-662524f2691e9d001c4e001b644c7c41049b6b0f.jpg,0.762,0.6574,false
22,LALIGA EA SPORTS 2026/2027,8550,173,11,FER LÓPEZ,https://assets.paninidigitalcollections.com/assets/22/stickers/173-aab4f73bf1e7d0e6fbb0079ecce33fcc1128e743.png,667,RC CELTA,8550,1509,27,https://assets.paninidigitalcollections.com/assets/22/pages/27-662524f2691e9d001c4e001b644c7c41049b6b0f.jpg,0.2375,0.4273,false
22,LALIGA EA SPORTS 2026/2027,8551,174,12,WILLIOT SWEDBERG,https://assets.paninidigitalcollections.com/assets/22/stickers/174-1f0c682f68d6c368a1b9a30be8a5c46a83dbe6a7.png,667,RC CELTA,8551,1509,27,https://assets.paninidigitalcollections.com/assets/22/pages/27-662524f2691e9d001c4e001b644c7c41049b6b0f.jpg,0.4998,0.4273,false
22,LALIGA EA SPORTS 2026/2027,8552,175,13,PABLO DURÁN,https://assets.paninidigitalcollections.com/assets/22/stickers/175-c715fe669cbfb7b01aa0859eddf62dee0840ad72.png,667,RC CELTA,8552,1509,27,https://assets.paninidigitalcollections.com/assets/22/pages/27-662524f2691e9d001c4e001b644c7c41049b6b0f.jpg,0.762,0.4273,false
22,LALIGA EA SPORTS 2026/2027,8553,176,14,IAGO ASPAS,https://assets.paninidigitalcollections.com/assets/22/stickers/176-377c1ccbf5fef764919d18da6d47a105bc3bd806.png,667,RC CELTA,8553,1509,27,https://assets.paninidigitalcollections.com/assets/22/pages/27-662524f2691e9d001c4e001b644c7c41049b6b0f.jpg,0.2375,0.1971,false
22,LALIGA EA SPORTS 2026/2027,8554,177,15,BORJA IGLESIAS,https://assets.paninidigitalcollections.com/assets/22/stickers/177-b578599df1929ab1e69ca5e45da7e688a80fee7c.png,667,RC CELTA,8554,1509,27,https://assets.paninidigitalcollections.com/assets/22/pages/27-662524f2691e9d001c4e001b644c7c41049b6b0f.jpg,0.4998,0.1971,false
22,LALIGA EA SPORTS 2026/2027,8555,178,16,FERRAN JUTGLÀ,https://assets.paninidigitalcollections.com/assets/22/stickers/178-17cd6b0b8d8d5792eb703172a960ddfcf4852d2a.png,667,RC CELTA,8555,1509,27,https://assets.paninidigitalcollections.com/assets/22/pages/27-662524f2691e9d001c4e001b644c7c41049b6b0f.jpg,0.762,0.1971,false
22,LALIGA EA SPORTS 2026/2027,8556,179,1,ÁLVARO FERNÁNDEZ,https://assets.paninidigitalcollections.com/assets/22/stickers/179-bfb11950d79a166768346010bdc8d36f18113dd6.png,668,DEPORTIVO,8556,1510,28,https://assets.paninidigitalcollections.com/assets/22/pages/28-f27f1b101db81094b744337f50331aef72d1c0d0.jpg,0.4998,0.6574,false
22,LALIGA EA SPORTS 2026/2027,8557,180,2,ADRIÀ ALTIMIRA,https://assets.paninidigitalcollections.com/assets/22/stickers/180-8838bd9915e203ec98fb91abfb64bb3b0af4cc41.png,668,DEPORTIVO,8557,1510,28,https://assets.paninidigitalcollections.com/assets/22/pages/28-f27f1b101db81094b744337f50331aef72d1c0d0.jpg,0.2375,0.4273,false
22,LALIGA EA SPORTS 2026/2027,8558,181,3,MIGUEL LOUREIRO,https://assets.paninidigitalcollections.com/assets/22/stickers/181-fc77ad2c4ba2fbe06688f0ef828a6e2593eec229.png,668,DEPORTIVO,8558,1510,28,https://assets.paninidigitalcollections.com/assets/22/pages/28-f27f1b101db81094b744337f50331aef72d1c0d0.jpg,0.4998,0.4273,false
22,LALIGA EA SPORTS 2026/2027,8559,182,4,LUCAS NOUBI,https://assets.paninidigitalcollections.com/assets/22/stickers/182-f60301ae08b19968addf303ce972eeaa3d8b04ba.png,668,DEPORTIVO,8559,1510,28,https://assets.paninidigitalcollections.com/assets/22/pages/28-f27f1b101db81094b744337f50331aef72d1c0d0.jpg,0.762,0.4273,false
22,LALIGA EA SPORTS 2026/2027,8560,183,5,DANI BARCIA,https://assets.paninidigitalcollections.com/assets/22/stickers/183-e13d646c78afb432866659e7ef549198d756935e.png,668,DEPORTIVO,8560,1510,28,https://assets.paninidigitalcollections.com/assets/22/pages/28-f27f1b101db81094b744337f50331aef72d1c0d0.jpg,0.2375,0.1971,false
22,LALIGA EA SPORTS 2026/2027,8561,184,6,ARNAU COMAS,https://assets.paninidigitalcollections.com/assets/22/stickers/184-e2a89a1cc618c4cf1230d5ab8ee5c90b2c0e82f6.png,668,DEPORTIVO,8561,1510,28,https://assets.paninidigitalcollections.com/assets/22/pages/28-f27f1b101db81094b744337f50331aef72d1c0d0.jpg,0.4998,0.1971,false
22,LALIGA EA SPORTS 2026/2027,8562,185,7,GIACOMO QUAGLIATA,https://assets.paninidigitalcollections.com/assets/22/stickers/185-60e0db50659fae117af8631a48d02b02be835759.png,668,DEPORTIVO,8562,1510,28,https://assets.paninidigitalcollections.com/assets/22/pages/28-f27f1b101db81094b744337f50331aef72d1c0d0.jpg,0.762,0.1971,false
22,LALIGA EA SPORTS 2026/2027,8563,186,8,DIEGO VILLARES,https://assets.paninidigitalcollections.com/assets/22/stickers/186-bed271af50412bdeee4ce3523f1ed9d309f75f7c.png,668,DEPORTIVO,8563,1511,29,https://assets.paninidigitalcollections.com/assets/22/pages/29-9d47ccde58de2c06516e01f8d37965edffa55099.jpg,0.2375,0.6574,false
22,LALIGA EA SPORTS 2026/2027,8564,187,9,RIKI,https://assets.paninidigitalcollections.com/assets/22/stickers/187-8e72c0c60c4c59d13055c94587c8b9b50051d153.png,668,DEPORTIVO,8564,1511,29,https://assets.paninidigitalcollections.com/assets/22/pages/29-9d47ccde58de2c06516e01f8d37965edffa55099.jpg,0.4998,0.6574,false
22,LALIGA EA SPORTS 2026/2027,8565,188,10,MARIO SORIANO,https://assets.paninidigitalcollections.com/assets/22/stickers/188-e2aaf165f7b6f2d807130ccd7da278775b4a6722.png,668,DEPORTIVO,8565,1511,29,https://assets.paninidigitalcollections.com/assets/22/pages/29-9d47ccde58de2c06516e01f8d37965edffa55099.jpg,0.762,0.6574,false
22,LALIGA EA SPORTS 2026/2027,8566,189,11,JOSÉ ÁNGEL JURADO,https://assets.paninidigitalcollections.com/assets/22/stickers/189-c25e6542d232591b0f98740512cc0d454177957e.png,668,DEPORTIVO,8566,1511,29,https://assets.paninidigitalcollections.com/assets/22/pages/29-9d47ccde58de2c06516e01f8d37965edffa55099.jpg,0.2375,0.4273,false
22,LALIGA EA SPORTS 2026/2027,8567,190,12,LUISMI CRUZ,https://assets.paninidigitalcollections.com/assets/22/stickers/190-4c274fd9df0fc96e35a85fa030d3775e28712403.png,668,DEPORTIVO,8567,1511,29,https://assets.paninidigitalcollections.com/assets/22/pages/29-9d47ccde58de2c06516e01f8d37965edffa55099.jpg,0.4998,0.4273,false
22,LALIGA EA SPORTS 2026/2027,8568,191,13,DAVID MELLA,https://assets.paninidigitalcollections.com/assets/22/stickers/191-69a2e56d7652b359c15a58f5c1a6a4ab74c8aa44.png,668,DEPORTIVO,8568,1511,29,https://assets.paninidigitalcollections.com/assets/22/pages/29-9d47ccde58de2c06516e01f8d37965edffa55099.jpg,0.762,0.4273,false
22,LALIGA EA SPORTS 2026/2027,8569,192,14,YEREMAY HERNÁNDEZ,https://assets.paninidigitalcollections.com/assets/22/stickers/192-8167dd2ab4bd1db58eae53e7fd0861d0e3513817.png,668,DEPORTIVO,8569,1511,29,https://assets.paninidigitalcollections.com/assets/22/pages/29-9d47ccde58de2c06516e01f8d37965edffa55099.jpg,0.2375,0.1971,false
22,LALIGA EA SPORTS 2026/2027,8570,193,15,ZAKARIA EDDAHCHOURI,https://assets.paninidigitalcollections.com/assets/22/stickers/193-702beb1f2afc0145ced22ce8cd249b4e8e5842d0.png,668,DEPORTIVO,8570,1511,29,https://assets.paninidigitalcollections.com/assets/22/pages/29-9d47ccde58de2c06516e01f8d37965edffa55099.jpg,0.4998,0.1971,false
22,LALIGA EA SPORTS 2026/2027,8571,194,16,BIL NSONGO,https://assets.paninidigitalcollections.com/assets/22/stickers/194-70d69d965156b5237506ca8f403621540d791bd1.png,668,DEPORTIVO,8571,1511,29,https://assets.paninidigitalcollections.com/assets/22/pages/29-9d47ccde58de2c06516e01f8d37965edffa55099.jpg,0.762,0.1971,false
22,LALIGA EA SPORTS 2026/2027,8572,195,1,MATÍAS DITURO,https://assets.paninidigitalcollections.com/assets/22/stickers/195-39bdb58bc358512f2de15b14d9a2f9977f218a37.png,669,ELCHE CF,8572,1512,30,https://assets.paninidigitalcollections.com/assets/22/pages/30-3667f2bff3c8707e05e8ea097c8015038a08feec.jpg,0.4998,0.6574,false
22,LALIGA EA SPORTS 2026/2027,8573,196,2,ABOUBACAR SANGARÉ,https://assets.paninidigitalcollections.com/assets/22/stickers/196-2399e7d4c799d3faeb1a9a66e012657f2916579e.png,669,ELCHE CF,8573,1512,30,https://assets.paninidigitalcollections.com/assets/22/pages/30-3667f2bff3c8707e05e8ea097c8015038a08feec.jpg,0.2375,0.4273,false
22,LALIGA EA SPORTS 2026/2027,8574,197,3,VÍCTOR CHUST,https://assets.paninidigitalcollections.com/assets/22/stickers/197-09d975989b15813a35d86884ff794838969d6999.png,669,ELCHE CF,8574,1512,30,https://assets.paninidigitalcollections.com/assets/22/pages/30-3667f2bff3c8707e05e8ea097c8015038a08feec.jpg,0.4998,0.4273,false
22,LALIGA EA SPORTS 2026/2027,8575,198,4,PEDRO BIGAS,https://assets.paninidigitalcollections.com/assets/22/stickers/198-6b9bc6632bc641160fb8f0f4dfb889955c707ec4.png,669,ELCHE CF,8575,1512,30,https://assets.paninidigitalcollections.com/assets/22/pages/30-3667f2bff3c8707e05e8ea097c8015038a08feec.jpg,0.762,0.4273,false
22,LALIGA EA SPORTS 2026/2027,8576,199,5,DAVID AFFENGRUBER,https://assets.paninidigitalcollections.com/assets/22/stickers/199-6e7079257e541b791c2d6b265f7bf5fbc57e5f9c.png,669,ELCHE CF,8576,1512,30,https://assets.paninidigitalcollections.com/assets/22/pages/30-3667f2bff3c8707e05e8ea097c8015038a08feec.jpg,0.2375,0.1971,false
22,LALIGA EA SPORTS 2026/2027,8577,200,6,ADRIÀ PEDROSA,https://assets.paninidigitalcollections.com/assets/22/stickers/200-205656453101353b7c6d398e7c4ef16bdcf079f1.png,669,ELCHE CF,8577,1512,30,https://assets.paninidigitalcollections.com/assets/22/pages/30-3667f2bff3c8707e05e8ea097c8015038a08feec.jpg,0.4998,0.1971,false
22,LALIGA EA SPORTS 2026/2027,8578,201,7,GERMÁN VALERA,https://assets.paninidigitalcollections.com/assets/22/stickers/201-ba5cd35a8f9f8b7ea0b3e93a0a353803d64d5bac.png,669,ELCHE CF,8578,1512,30,https://assets.paninidigitalcollections.com/assets/22/pages/30-3667f2bff3c8707e05e8ea097c8015038a08feec.jpg,0.762,0.1971,false
22,LALIGA EA SPORTS 2026/2027,8579,202,8,GONZALO VILLAR,https://assets.paninidigitalcollections.com/assets/22/stickers/202-bbdee50f67a0f40be75cd5464e0c5dbb955efdc7.png,669,ELCHE CF,8579,1513,31,https://assets.paninidigitalcollections.com/assets/22/pages/31-f781eaad3e0fe242539e56dad85cf423854efb26.jpg,0.2375,0.6574,false
22,LALIGA EA SPORTS 2026/2027,8580,203,9,MARTIM NETO,https://assets.paninidigitalcollections.com/assets/22/stickers/203-98459f738f71564f61d04943900a1143c38dfd50.png,669,ELCHE CF,8580,1513,31,https://assets.paninidigitalcollections.com/assets/22/pages/31-f781eaad3e0fe242539e56dad85cf423854efb26.jpg,0.4998,0.6574,false
22,LALIGA EA SPORTS 2026/2027,8581,204,10,MARC AGUADO,https://assets.paninidigitalcollections.com/assets/22/stickers/204-fec8ea758cefffecb7644537d489643610a7db06.png,669,ELCHE CF,8581,1513,31,https://assets.paninidigitalcollections.com/assets/22/pages/31-f781eaad3e0fe242539e56dad85cf423854efb26.jpg,0.762,0.6574,false
22,LALIGA EA SPORTS 2026/2027,8582,205,11,ELCHE CF 205,https://assets.paninidigitalcollections.com/assets/22/stickers/205-e55d1370de3eb457d139b49dd33e817da56d29b4.png,669,ELCHE CF,8582,1513,31,https://assets.paninidigitalcollections.com/assets/22/pages/31-f781eaad3e0fe242539e56dad85cf423854efb26.jpg,0.2375,0.4273,false
22,LALIGA EA SPORTS 2026/2027,8583,206,12,JOSÉ ANTONIO MORENTE,https://assets.paninidigitalcollections.com/assets/22/stickers/206-ece2e1f80d22ff38da667d4076064a44eb4275d1.png,669,ELCHE CF,8583,1513,31,https://assets.paninidigitalcollections.com/assets/22/pages/31-f781eaad3e0fe242539e56dad85cf423854efb26.jpg,0.4998,0.4273,false
22,LALIGA EA SPORTS 2026/2027,8584,207,13,LUCAS CEPEDA,https://assets.paninidigitalcollections.com/assets/22/stickers/207-3c3fecb470678b27f4661766e42e3e31832a84a2.png,669,ELCHE CF,8584,1513,31,https://assets.paninidigitalcollections.com/assets/22/pages/31-f781eaad3e0fe242539e56dad85cf423854efb26.jpg,0.762,0.4273,false
22,LALIGA EA SPORTS 2026/2027,8585,208,14,GRADY DIANGANA,https://assets.paninidigitalcollections.com/assets/22/stickers/208-ba0e538bb0911ae5f9e80d686adf0a22ba04957a.png,669,ELCHE CF,8585,1513,31,https://assets.paninidigitalcollections.com/assets/22/pages/31-f781eaad3e0fe242539e56dad85cf423854efb26.jpg,0.2375,0.1971,false
22,LALIGA EA SPORTS 2026/2027,8586,209,15,YAGO SANTIAGO,https://assets.paninidigitalcollections.com/assets/22/stickers/209-7e6c9b4093a1977ac6c50369f72b6a706e21e5a9.png,669,ELCHE CF,8586,1513,31,https://assets.paninidigitalcollections.com/assets/22/pages/31-f781eaad3e0fe242539e56dad85cf423854efb26.jpg,0.4998,0.1971,false
22,LALIGA EA SPORTS 2026/2027,8587,210,16,ELCHE CF 210,https://assets.paninidigitalcollections.com/assets/22/stickers/210-e55d1370de3eb457d139b49dd33e817da56d29b4.png,669,ELCHE CF,8587,1513,31,https://assets.paninidigitalcollections.com/assets/22/pages/31-f781eaad3e0fe242539e56dad85cf423854efb26.jpg,0.762,0.1971,false
22,LALIGA EA SPORTS 2026/2027,8588,211,1,MARKO DMITROVIC,https://assets.paninidigitalcollections.com/assets/22/stickers/211-c3f29ad5e5a435d33f49b561560e5ced71491791.png,670,RCD ESPANYOL,8588,1514,32,https://assets.paninidigitalcollections.com/assets/22/pages/32-8e43a6e9a6d91b064b237645a38389381ad574d6.jpg,0.4998,0.6574,false
22,LALIGA EA SPORTS 2026/2027,8589,212,2,OMAR EL HILALI,https://assets.paninidigitalcollections.com/assets/22/stickers/212-727e0381f9d336abef29ab61897344f221f516b8.png,670,RCD ESPANYOL,8589,1514,32,https://assets.paninidigitalcollections.com/assets/22/pages/32-8e43a6e9a6d91b064b237645a38389381ad574d6.jpg,0.2375,0.4273,false
22,LALIGA EA SPORTS 2026/2027,8590,213,3,RUBÉN SÁNCHEZ,https://assets.paninidigitalcollections.com/assets/22/stickers/213-fde45eb683f4955b3b53def45337252ac01420c7.png,670,RCD ESPANYOL,8590,1514,32,https://assets.paninidigitalcollections.com/assets/22/pages/32-8e43a6e9a6d91b064b237645a38389381ad574d6.jpg,0.4998,0.4273,false
22,LALIGA EA SPORTS 2026/2027,8591,214,4,CLEMENS RIEDEL,https://assets.paninidigitalcollections.com/assets/22/stickers/214-00f523cca0dbf37906b78d8fdebec65db45a5bad.png,670,RCD ESPANYOL,8591,1514,32,https://assets.paninidigitalcollections.com/assets/22/pages/32-8e43a6e9a6d91b064b237645a38389381ad574d6.jpg,0.762,0.4273,false
22,LALIGA EA SPORTS 2026/2027,8592,215,5,LEANDRO CABRERA,https://assets.paninidigitalcollections.com/assets/22/stickers/215-5e3f89f82fa289ac995d66f5a8edd674cdd36b21.png,670,RCD ESPANYOL,8592,1514,32,https://assets.paninidigitalcollections.com/assets/22/pages/32-8e43a6e9a6d91b064b237645a38389381ad574d6.jpg,0.2375,0.1971,false
22,LALIGA EA SPORTS 2026/2027,8593,216,6,MIGUEL RUBIO,https://assets.paninidigitalcollections.com/assets/22/stickers/216-6d8cbcae2fcd50773f2308d148d2c8f975a1ec53.png,670,RCD ESPANYOL,8593,1514,32,https://assets.paninidigitalcollections.com/assets/22/pages/32-8e43a6e9a6d91b064b237645a38389381ad574d6.jpg,0.4998,0.1971,false
22,LALIGA EA SPORTS 2026/2027,8594,217,7,RCD ESPANYOL 217,https://assets.paninidigitalcollections.com/assets/22/stickers/217-aa0bfdc7b86fda0451697815f9ed5369b1158193.png,670,RCD ESPANYOL,8594,1514,32,https://assets.paninidigitalcollections.com/assets/22/pages/32-8e43a6e9a6d91b064b237645a38389381ad574d6.jpg,0.762,0.1971,false
22,LALIGA EA SPORTS 2026/2027,8595,218,8,URKO GONZÁLEZ,https://assets.paninidigitalcollections.com/assets/22/stickers/218-43726b83aa56a20df666558993f0f19813ebb6ad.png,670,RCD ESPANYOL,8595,1515,33,https://assets.paninidigitalcollections.com/assets/22/pages/33-61abdf54c944a2b046cc7bb075512ff98ae544c4.jpg,0.2375,0.6574,false
22,LALIGA EA SPORTS 2026/2027,8596,219,9,POL LOZANO,https://assets.paninidigitalcollections.com/assets/22/stickers/219-19858426cfbbfeb1f1d57b2974dfbf60c8e05e19.png,670,RCD ESPANYOL,8596,1515,33,https://assets.paninidigitalcollections.com/assets/22/pages/33-61abdf54c944a2b046cc7bb075512ff98ae544c4.jpg,0.4998,0.6574,false
22,LALIGA EA SPORTS 2026/2027,8597,220,10,EDU EXPÓSITO,https://assets.paninidigitalcollections.com/assets/22/stickers/220-39ffe0594f4a648e823f7769f21919989cc97926.png,670,RCD ESPANYOL,8597,1515,33,https://assets.paninidigitalcollections.com/assets/22/pages/33-61abdf54c944a2b046cc7bb075512ff98ae544c4.jpg,0.762,0.6574,false
22,LALIGA EA SPORTS 2026/2027,8598,221,11,JOFRE CARRERAS,https://assets.paninidigitalcollections.com/assets/22/stickers/221-80b05940c51525707457973c7083083679284be4.png,670,RCD ESPANYOL,8598,1515,33,https://assets.paninidigitalcollections.com/assets/22/pages/33-61abdf54c944a2b046cc7bb075512ff98ae544c4.jpg,0.2375,0.4273,false
22,LALIGA EA SPORTS 2026/2027,8599,222,12,TYRHYS DOLAN,https://assets.paninidigitalcollections.com/assets/22/stickers/222-f0540e549b7adf96c498182351a5c155f181a1d1.png,670,RCD ESPANYOL,8599,1515,33,https://assets.paninidigitalcollections.com/assets/22/pages/33-61abdf54c944a2b046cc7bb075512ff98ae544c4.jpg,0.4998,0.4273,false
22,LALIGA EA SPORTS 2026/2027,8600,223,13,JAVIER PUADO,https://assets.paninidigitalcollections.com/assets/22/stickers/223-4dfbc2f25fadd98bf64a6d6597bb35e453cf87ae.png,670,RCD ESPANYOL,8600,1515,33,https://assets.paninidigitalcollections.com/assets/22/pages/33-61abdf54c944a2b046cc7bb075512ff98ae544c4.jpg,0.762,0.4273,false
22,LALIGA EA SPORTS 2026/2027,8601,224,14,ROBERTO FERNÁNDEZ,https://assets.paninidigitalcollections.com/assets/22/stickers/224-07a780dea9aa01800d3786997bc68de44aec166d.png,670,RCD ESPANYOL,8601,1515,33,https://assets.paninidigitalcollections.com/assets/22/pages/33-61abdf54c944a2b046cc7bb075512ff98ae544c4.jpg,0.2375,0.1971,false
22,LALIGA EA SPORTS 2026/2027,8602,225,15,KIKE GARCÍA,https://assets.paninidigitalcollections.com/assets/22/stickers/225-b2254fc7ebfd14a94711f3fa3aad13338c5618d2.png,670,RCD ESPANYOL,8602,1515,33,https://assets.paninidigitalcollections.com/assets/22/pages/33-61abdf54c944a2b046cc7bb075512ff98ae544c4.jpg,0.4998,0.1971,false
22,LALIGA EA SPORTS 2026/2027,8603,226,16,PERE MILLA,https://assets.paninidigitalcollections.com/assets/22/stickers/226-59d595038dd6c5745449a3b1877e3d6bb5061ef4.png,670,RCD ESPANYOL,8603,1515,33,https://assets.paninidigitalcollections.com/assets/22/pages/33-61abdf54c944a2b046cc7bb075512ff98ae544c4.jpg,0.762,0.1971,false
22,LALIGA EA SPORTS 2026/2027,8604,227,1,DAVID SORIA,https://assets.paninidigitalcollections.com/assets/22/stickers/227-dbacd0554616cd7d85334953811f084f2db9894c.png,671,GETAFE CF,8604,1516,34,https://assets.paninidigitalcollections.com/assets/22/pages/34-97ed23b7d20790ebb3768082293e53d4358dac10.jpg,0.4998,0.6574,false
22,LALIGA EA SPORTS 2026/2027,8605,228,2,KIKO FEMENÍA,https://assets.paninidigitalcollections.com/assets/22/stickers/228-26547e3d3be0a309e8b9b0cdc5c0a98064d8a442.png,671,GETAFE CF,8605,1516,34,https://assets.paninidigitalcollections.com/assets/22/pages/34-97ed23b7d20790ebb3768082293e53d4358dac10.jpg,0.2375,0.4273,false
22,LALIGA EA SPORTS 2026/2027,8606,229,3,DJENÉ DAKONAM,https://assets.paninidigitalcollections.com/assets/22/stickers/229-43630f8cb6b8998b8ec83c1deb36d8b16638c842.png,671,GETAFE CF,8606,1516,34,https://assets.paninidigitalcollections.com/assets/22/pages/34-97ed23b7d20790ebb3768082293e53d4358dac10.jpg,0.4998,0.4273,false
22,LALIGA EA SPORTS 2026/2027,8607,230,4,SEBASTIÁN BOSELLI,https://assets.paninidigitalcollections.com/assets/22/stickers/230-8cec6a9971ec83eb519f45860d5347547a05544e.png,671,GETAFE CF,8607,1516,34,https://assets.paninidigitalcollections.com/assets/22/pages/34-97ed23b7d20790ebb3768082293e53d4358dac10.jpg,0.762,0.4273,false
22,LALIGA EA SPORTS 2026/2027,8608,231,5,ABDELKABIR ABQAR,https://assets.paninidigitalcollections.com/assets/22/stickers/231-d054ed35f73e778f5567f692a0152aa062c83fa5.png,671,GETAFE CF,8608,1516,34,https://assets.paninidigitalcollections.com/assets/22/pages/34-97ed23b7d20790ebb3768082293e53d4358dac10.jpg,0.2375,0.1971,false
22,LALIGA EA SPORTS 2026/2027,8609,232,6,ZAID ROMERO,https://assets.paninidigitalcollections.com/assets/22/stickers/232-53f1512707b160f7e94b68e13f189cd4546092cd.png,671,GETAFE CF,8609,1516,34,https://assets.paninidigitalcollections.com/assets/22/pages/34-97ed23b7d20790ebb3768082293e53d4358dac10.jpg,0.4998,0.1971,false
22,LALIGA EA SPORTS 2026/2027,8610,233,7,DAVINCHI,https://assets.paninidigitalcollections.com/assets/22/stickers/233-cfde42282aee48b76292c7ffc136c34417c7341d.png,671,GETAFE CF,8610,1516,34,https://assets.paninidigitalcollections.com/assets/22/pages/34-97ed23b7d20790ebb3768082293e53d4358dac10.jpg,0.762,0.1971,false
22,LALIGA EA SPORTS 2026/2027,8611,234,8,MARIO MARTÍN,https://assets.paninidigitalcollections.com/assets/22/stickers/234-db2e8beb2cc7f829a6ed23abebd61f6a65134bae.png,671,GETAFE CF,8611,1517,35,https://assets.paninidigitalcollections.com/assets/22/pages/35-86b75a3608e0c0b93295096e1ad9ec6c11ced8c2.jpg,0.2375,0.6574,false
22,LALIGA EA SPORTS 2026/2027,8612,235,9,JAVI MUÑOZ,https://assets.paninidigitalcollections.com/assets/22/stickers/235-1dd1501a8cbbeb92036021e62c444b93ceac3e51.png,671,GETAFE CF,8612,1517,35,https://assets.paninidigitalcollections.com/assets/22/pages/35-86b75a3608e0c0b93295096e1ad9ec6c11ced8c2.jpg,0.4998,0.6574,false
22,LALIGA EA SPORTS 2026/2027,8613,236,10,RAMON TERRATS,https://assets.paninidigitalcollections.com/assets/22/stickers/236-ca11d52d02d726bd565f45ab7526cd13f0995e2b.png,671,GETAFE CF,8613,1517,35,https://assets.paninidigitalcollections.com/assets/22/pages/35-86b75a3608e0c0b93295096e1ad9ec6c11ced8c2.jpg,0.762,0.6574,false
22,LALIGA EA SPORTS 2026/2027,8614,237,11,GETAFE CF 237,https://assets.paninidigitalcollections.com/assets/22/stickers/237-ca11d52d02d726bd565f45ab7526cd13f0995e2b.png,671,GETAFE CF,8614,1517,35,https://assets.paninidigitalcollections.com/assets/22/pages/35-86b75a3608e0c0b93295096e1ad9ec6c11ced8c2.jpg,0.2375,0.4273,false
22,LALIGA EA SPORTS 2026/2027,8615,238,12,GETAFE CF 238,https://assets.paninidigitalcollections.com/assets/22/stickers/238-ca11d52d02d726bd565f45ab7526cd13f0995e2b.png,671,GETAFE CF,8615,1517,35,https://assets.paninidigitalcollections.com/assets/22/pages/35-86b75a3608e0c0b93295096e1ad9ec6c11ced8c2.jpg,0.4998,0.4273,false
22,LALIGA EA SPORTS 2026/2027,8616,239,13,BORJA MAYORAL,https://assets.paninidigitalcollections.com/assets/22/stickers/239-101461781fa2352198c1d2a84a8fadd47871bcb5.png,671,GETAFE CF,8616,1517,35,https://assets.paninidigitalcollections.com/assets/22/pages/35-86b75a3608e0c0b93295096e1ad9ec6c11ced8c2.jpg,0.762,0.4273,false
22,LALIGA EA SPORTS 2026/2027,8617,240,14,GETAFE CF 240,https://assets.paninidigitalcollections.com/assets/22/stickers/240-ca11d52d02d726bd565f45ab7526cd13f0995e2b.png,671,GETAFE CF,8617,1517,35,https://assets.paninidigitalcollections.com/assets/22/pages/35-86b75a3608e0c0b93295096e1ad9ec6c11ced8c2.jpg,0.2375,0.1971,false
22,LALIGA EA SPORTS 2026/2027,8618,241,15,MARTÍN SATRIANO,https://assets.paninidigitalcollections.com/assets/22/stickers/241-70d0f14e1c34b85f8fb77e483f95e8bb7a924393.png,671,GETAFE CF,8618,1517,35,https://assets.paninidigitalcollections.com/assets/22/pages/35-86b75a3608e0c0b93295096e1ad9ec6c11ced8c2.jpg,0.4998,0.1971,false
22,LALIGA EA SPORTS 2026/2027,8619,242,16,ÁLEX SANCRIS,https://assets.paninidigitalcollections.com/assets/22/stickers/242-319f0c2a849a5dbe7356e841711b3997d018cfe8.png,671,GETAFE CF,8619,1517,35,https://assets.paninidigitalcollections.com/assets/22/pages/35-86b75a3608e0c0b93295096e1ad9ec6c11ced8c2.jpg,0.762,0.1971,false
22,LALIGA EA SPORTS 2026/2027,8620,243,1,MATHEW RYAN,https://assets.paninidigitalcollections.com/assets/22/stickers/243-5f3d689c35ca836da98a19de25b6fd639b9785dd.png,672,LEVANTE UD,8620,1518,36,https://assets.paninidigitalcollections.com/assets/22/pages/36-e5f3872ee0ccc7f2970548f02dce923493259384.jpg,0.4998,0.6574,false
22,LALIGA EA SPORTS 2026/2027,8621,244,2,JEREMY TOLJAN,https://assets.paninidigitalcollections.com/assets/22/stickers/244-5f303db06b77e106f2c0201c1a20644458e4a736.png,672,LEVANTE UD,8621,1518,36,https://assets.paninidigitalcollections.com/assets/22/pages/36-e5f3872ee0ccc7f2970548f02dce923493259384.jpg,0.2375,0.4273,false
22,LALIGA EA SPORTS 2026/2027,8622,245,3,DELA,https://assets.paninidigitalcollections.com/assets/22/stickers/245-19a10f9d7eb27ab02433c7a6583e770fa07635e7.png,672,LEVANTE UD,8622,1518,36,https://assets.paninidigitalcollections.com/assets/22/pages/36-e5f3872ee0ccc7f2970548f02dce923493259384.jpg,0.4998,0.4273,false
22,LALIGA EA SPORTS 2026/2027,8623,246,4,UNAI ELGEZABAL,https://assets.paninidigitalcollections.com/assets/22/stickers/246-2a8f6758050c54803910303e3be0a9c2c2f02420.png,672,LEVANTE UD,8623,1518,36,https://assets.paninidigitalcollections.com/assets/22/pages/36-e5f3872ee0ccc7f2970548f02dce923493259384.jpg,0.762,0.4273,false
22,LALIGA EA SPORTS 2026/2027,8624,247,5,LEVANTE UD 247,https://assets.paninidigitalcollections.com/assets/22/stickers/247-bebe9da688d21d5b34a1ced3525f96baa6866b9f.png,672,LEVANTE UD,8624,1518,36,https://assets.paninidigitalcollections.com/assets/22/pages/36-e5f3872ee0ccc7f2970548f02dce923493259384.jpg,0.2375,0.1971,false
22,LALIGA EA SPORTS 2026/2027,8625,248,6,MANU SÁNCHEZ,https://assets.paninidigitalcollections.com/assets/22/stickers/248-45bf73a9363b30eebfbcb5ad61280eca721e55f1.png,672,LEVANTE UD,8625,1518,36,https://assets.paninidigitalcollections.com/assets/22/pages/36-e5f3872ee0ccc7f2970548f02dce923493259384.jpg,0.4998,0.1971,false
22,LALIGA EA SPORTS 2026/2027,8626,249,7,ORIOL REY,https://assets.paninidigitalcollections.com/assets/22/stickers/249-4b5bdc7fcbd8002ab1046eac0d27119940c6c1f5.png,672,LEVANTE UD,8626,1518,36,https://assets.paninidigitalcollections.com/assets/22/pages/36-e5f3872ee0ccc7f2970548f02dce923493259384.jpg,0.762,0.1971,false
22,LALIGA EA SPORTS 2026/2027,8627,250,8,KERVIN ARRIAGA,https://assets.paninidigitalcollections.com/assets/22/stickers/250-ec8c2f767f3bb200e75a1a8a200bcbdaf63b2d11.png,672,LEVANTE UD,8627,1519,37,https://assets.paninidigitalcollections.com/assets/22/pages/37-66caf334e32ba88655104af215be98f883a3347c.jpg,0.2375,0.6574,false
22,LALIGA EA SPORTS 2026/2027,8628,251,9,JON ANDER OLASAGASTI,https://assets.paninidigitalcollections.com/assets/22/stickers/251-bebe9da688d21d5b34a1ced3525f96baa6866b9f.png,672,LEVANTE UD,8628,1519,37,https://assets.paninidigitalcollections.com/assets/22/pages/37-66caf334e32ba88655104af215be98f883a3347c.jpg,0.4998,0.6574,false
22,LALIGA EA SPORTS 2026/2027,8629,252,10,LEVANTE UD 252,https://assets.paninidigitalcollections.com/assets/22/stickers/252-bebe9da688d21d5b34a1ced3525f96baa6866b9f.png,672,LEVANTE UD,8629,1519,37,https://assets.paninidigitalcollections.com/assets/22/pages/37-66caf334e32ba88655104af215be98f883a3347c.jpg,0.762,0.6574,false
22,LALIGA EA SPORTS 2026/2027,8630,253,11,CARLOS ÁLVAREZ,https://assets.paninidigitalcollections.com/assets/22/stickers/253-216b22d7d6b93f6a2810403dc2a82f86356dcce1.png,672,LEVANTE UD,8630,1519,37,https://assets.paninidigitalcollections.com/assets/22/pages/37-66caf334e32ba88655104af215be98f883a3347c.jpg,0.2375,0.4273,false
22,LALIGA EA SPORTS 2026/2027,8631,254,12,KAREEM TUNDE,https://assets.paninidigitalcollections.com/assets/22/stickers/254-4fd28e55d54e326d4f14c5874cf8304104a16714.png,672,LEVANTE UD,8631,1519,37,https://assets.paninidigitalcollections.com/assets/22/pages/37-66caf334e32ba88655104af215be98f883a3347c.jpg,0.4998,0.4273,false
22,LALIGA EA SPORTS 2026/2027,8632,255,13,ROGER BRUGUÉ,https://assets.paninidigitalcollections.com/assets/22/stickers/255-89eff549d8e3cddf42ffa1c4c04f4499502a41d2.png,672,LEVANTE UD,8632,1519,37,https://assets.paninidigitalcollections.com/assets/22/pages/37-66caf334e32ba88655104af215be98f883a3347c.jpg,0.762,0.4273,false
22,LALIGA EA SPORTS 2026/2027,8633,256,14,IVÁN ROMERO,https://assets.paninidigitalcollections.com/assets/22/stickers/256-5b8b7af6bb012a86d4d10906c00f221d0e65144c.png,672,LEVANTE UD,8633,1519,37,https://assets.paninidigitalcollections.com/assets/22/pages/37-66caf334e32ba88655104af215be98f883a3347c.jpg,0.2375,0.1971,false
22,LALIGA EA SPORTS 2026/2027,8634,257,15,CARLOS ESPÍ,https://assets.paninidigitalcollections.com/assets/22/stickers/257-1616fc8a1b0f6e9aa7337c54bf28f1d0b1288622.png,672,LEVANTE UD,8634,1519,37,https://assets.paninidigitalcollections.com/assets/22/pages/37-66caf334e32ba88655104af215be98f883a3347c.jpg,0.4998,0.1971,false
22,LALIGA EA SPORTS 2026/2027,8635,258,16,KARL ETTA EYONG,https://assets.paninidigitalcollections.com/assets/22/stickers/258-9edf7e9a843bd38057ccc0b3e3881202259b6aee.png,672,LEVANTE UD,8635,1519,37,https://assets.paninidigitalcollections.com/assets/22/pages/37-66caf334e32ba88655104af215be98f883a3347c.jpg,0.762,0.1971,false
22,LALIGA EA SPORTS 2026/2027,8636,259,1,THIBAUT COURTOIS,https://assets.paninidigitalcollections.com/assets/22/stickers/259-56f452188ba1742f6629ca8bd1533d1c86713df5.png,673,REAL MADRID,8636,1520,38,https://assets.paninidigitalcollections.com/assets/22/pages/38-90159bfcfe7c88dac9b0ee5241249efd16363e33.jpg,0.4998,0.6574,false
22,LALIGA EA SPORTS 2026/2027,8637,260,2,TRENT ALEXANDER-ARNOLD,https://assets.paninidigitalcollections.com/assets/22/stickers/260-ca6a6ef0a5b66a5a956fe4679a58688f797e6e5c.png,673,REAL MADRID,8637,1520,38,https://assets.paninidigitalcollections.com/assets/22/pages/38-90159bfcfe7c88dac9b0ee5241249efd16363e33.jpg,0.2375,0.4273,false
22,LALIGA EA SPORTS 2026/2027,8638,261,3,EDER MILITAO,https://assets.paninidigitalcollections.com/assets/22/stickers/261-cbf61de00a38f457df0acb1a60e7b68053df5fe0.png,673,REAL MADRID,8638,1520,38,https://assets.paninidigitalcollections.com/assets/22/pages/38-90159bfcfe7c88dac9b0ee5241249efd16363e33.jpg,0.4998,0.4273,false
22,LALIGA EA SPORTS 2026/2027,8639,262,4,DEAN HUIJSEN,https://assets.paninidigitalcollections.com/assets/22/stickers/262-50fb7f2015d3103bee1da5f6d67d9a2b842b7ea4.png,673,REAL MADRID,8639,1520,38,https://assets.paninidigitalcollections.com/assets/22/pages/38-90159bfcfe7c88dac9b0ee5241249efd16363e33.jpg,0.762,0.4273,false
22,LALIGA EA SPORTS 2026/2027,8640,263,5,ANTONIO RÜDIGER,https://assets.paninidigitalcollections.com/assets/22/stickers/263-560a6f5667be4a908a837f52ef365125abb06eeb.png,673,REAL MADRID,8640,1520,38,https://assets.paninidigitalcollections.com/assets/22/pages/38-90159bfcfe7c88dac9b0ee5241249efd16363e33.jpg,0.2375,0.1971,false
22,LALIGA EA SPORTS 2026/2027,8641,264,6,ÁLVARO CARRERAS,https://assets.paninidigitalcollections.com/assets/22/stickers/264-e8f4b493e33b6b4c6056779f81eb40bb5afb3c6b.png,673,REAL MADRID,8641,1520,38,https://assets.paninidigitalcollections.com/assets/22/pages/38-90159bfcfe7c88dac9b0ee5241249efd16363e33.jpg,0.4998,0.1971,false
22,LALIGA EA SPORTS 2026/2027,8642,265,7,AURÉLIEN TCHOUAMÉNI,https://assets.paninidigitalcollections.com/assets/22/stickers/265-952c8ff356429641436663a45c8bdf748f296672.png,673,REAL MADRID,8642,1520,38,https://assets.paninidigitalcollections.com/assets/22/pages/38-90159bfcfe7c88dac9b0ee5241249efd16363e33.jpg,0.762,0.1971,false
22,LALIGA EA SPORTS 2026/2027,8643,266,8,FEDE VALVERDE,https://assets.paninidigitalcollections.com/assets/22/stickers/266-92501791b8c99714429369f69fc1771cabd84462.png,673,REAL MADRID,8643,1521,39,https://assets.paninidigitalcollections.com/assets/22/pages/39-4c790ce5d1c8c542bd30d07e5d2fa0cd3b6ed1fb.jpg,0.2375,0.6574,false
22,LALIGA EA SPORTS 2026/2027,8644,267,9,EDUARDO CAMAVINGA,https://assets.paninidigitalcollections.com/assets/22/stickers/267-bba66389ca2286ed88d4044412a0ef2b96947c7a.png,673,REAL MADRID,8644,1521,39,https://assets.paninidigitalcollections.com/assets/22/pages/39-4c790ce5d1c8c542bd30d07e5d2fa0cd3b6ed1fb.jpg,0.4998,0.6574,false
22,LALIGA EA SPORTS 2026/2027,8645,268,10,JUDE BELLINGHAM,https://assets.paninidigitalcollections.com/assets/22/stickers/268-1ba9566eb021956a44836688255c6a204c942e52.png,673,REAL MADRID,8645,1521,39,https://assets.paninidigitalcollections.com/assets/22/pages/39-4c790ce5d1c8c542bd30d07e5d2fa0cd3b6ed1fb.jpg,0.762,0.6574,false
22,LALIGA EA SPORTS 2026/2027,8646,269,11,ARDA GÜLER,https://assets.paninidigitalcollections.com/assets/22/stickers/269-534e4e116b5a58f4e7beb38c092793b8b407d0bb.png,673,REAL MADRID,8646,1521,39,https://assets.paninidigitalcollections.com/assets/22/pages/39-4c790ce5d1c8c542bd30d07e5d2fa0cd3b6ed1fb.jpg,0.2375,0.4273,false
22,LALIGA EA SPORTS 2026/2027,8647,270,12,BRAHIM DÍAZ,https://assets.paninidigitalcollections.com/assets/22/stickers/270-0e647ce13760559eb86580177e8b2bd92ebb2059.png,673,REAL MADRID,8647,1521,39,https://assets.paninidigitalcollections.com/assets/22/pages/39-4c790ce5d1c8c542bd30d07e5d2fa0cd3b6ed1fb.jpg,0.4998,0.4273,false
22,LALIGA EA SPORTS 2026/2027,8648,271,13,RODRYGO GOES,https://assets.paninidigitalcollections.com/assets/22/stickers/271-72f397f9a8706b222da16387ea16061507657757.png,673,REAL MADRID,8648,1521,39,https://assets.paninidigitalcollections.com/assets/22/pages/39-4c790ce5d1c8c542bd30d07e5d2fa0cd3b6ed1fb.jpg,0.762,0.4273,false
22,LALIGA EA SPORTS 2026/2027,8649,272,14,KYLIAN MBAPPÉ,https://assets.paninidigitalcollections.com/assets/22/stickers/272-9b6eeebf2af57fbb1a9b4eed310e4f5eb07d9f5b.png,673,REAL MADRID,8649,1521,39,https://assets.paninidigitalcollections.com/assets/22/pages/39-4c790ce5d1c8c542bd30d07e5d2fa0cd3b6ed1fb.jpg,0.2375,0.1971,false
22,LALIGA EA SPORTS 2026/2027,8650,273,15,GONZALO GARCÍA,https://assets.paninidigitalcollections.com/assets/22/stickers/273-c8ded7d4549be8717384bce15b3889776ce5cbe0.png,673,REAL MADRID,8650,1521,39,https://assets.paninidigitalcollections.com/assets/22/pages/39-4c790ce5d1c8c542bd30d07e5d2fa0cd3b6ed1fb.jpg,0.4998,0.1971,false
22,LALIGA EA SPORTS 2026/2027,8651,274,16,VINÍCIUS JÚNIOR,https://assets.paninidigitalcollections.com/assets/22/stickers/274-0f735972205bb5955440ca92596984eddde9533c.png,673,REAL MADRID,8651,1521,39,https://assets.paninidigitalcollections.com/assets/22/pages/39-4c790ce5d1c8c542bd30d07e5d2fa0cd3b6ed1fb.jpg,0.762,0.1971,false
22,LALIGA EA SPORTS 2026/2027,8652,275,1,ALFONSO HERRERO,https://assets.paninidigitalcollections.com/assets/22/stickers/275-11a39df34d19c8f41f32db818cc842aff15ebc64.png,674,MALAGA FC,8652,1522,40,https://assets.paninidigitalcollections.com/assets/22/pages/40-d22dfb8e64798a6d4191da77a3f4ed37ade0ccc6.jpg,0.4998,0.6574,false
22,LALIGA EA SPORTS 2026/2027,8653,276,2,CARLOS PUGA,https://assets.paninidigitalcollections.com/assets/22/stickers/276-8ad5586a1723e8ee28eb09d73078aa6f59d3422a.png,674,MALAGA FC,8653,1522,40,https://assets.paninidigitalcollections.com/assets/22/pages/40-d22dfb8e64798a6d4191da77a3f4ed37ade0ccc6.jpg,0.2375,0.4273,false
22,LALIGA EA SPORTS 2026/2027,8654,277,3,DIEGO MURILLO,https://assets.paninidigitalcollections.com/assets/22/stickers/277-73b0baaa84e9960a6d37f85c762f4a44dd07b47e.png,674,MALAGA FC,8654,1522,40,https://assets.paninidigitalcollections.com/assets/22/pages/40-d22dfb8e64798a6d4191da77a3f4ed37ade0ccc6.jpg,0.4998,0.4273,false
22,LALIGA EA SPORTS 2026/2027,8655,278,4,MALAGA FC 278,https://assets.paninidigitalcollections.com/assets/22/stickers/278-c2ba9704dadd37a83a10d8e247b9cd5ab7156d43.png,674,MALAGA FC,8655,1522,40,https://assets.paninidigitalcollections.com/assets/22/pages/40-d22dfb8e64798a6d4191da77a3f4ed37ade0ccc6.jpg,0.762,0.4273,false
22,LALIGA EA SPORTS 2026/2027,8656,279,5,EINAR GALILEA,https://assets.paninidigitalcollections.com/assets/22/stickers/279-6633e50cb6526366d5a4e760775598617c752375.png,674,MALAGA FC,8656,1522,40,https://assets.paninidigitalcollections.com/assets/22/pages/40-d22dfb8e64798a6d4191da77a3f4ed37ade0ccc6.jpg,0.2375,0.1971,false
22,LALIGA EA SPORTS 2026/2027,8657,280,6,RAFITA,https://assets.paninidigitalcollections.com/assets/22/stickers/280-41d2a0c9f81e80b0ef2a3bb649b23faff87bb772.png,674,MALAGA FC,8657,1522,40,https://assets.paninidigitalcollections.com/assets/22/pages/40-d22dfb8e64798a6d4191da77a3f4ed37ade0ccc6.jpg,0.4998,0.1971,false
22,LALIGA EA SPORTS 2026/2027,8658,281,7,MALAGA FC 281,https://assets.paninidigitalcollections.com/assets/22/stickers/281-c2ba9704dadd37a83a10d8e247b9cd5ab7156d43.png,674,MALAGA FC,8658,1522,40,https://assets.paninidigitalcollections.com/assets/22/pages/40-d22dfb8e64798a6d4191da77a3f4ed37ade0ccc6.jpg,0.762,0.1971,false
22,LALIGA EA SPORTS 2026/2027,8659,282,8,IZAN MERINO,https://assets.paninidigitalcollections.com/assets/22/stickers/282-25db8f2ead3bfd02f38e716f0f9fcf9ad9be185a.png,674,MALAGA FC,8659,1523,41,https://assets.paninidigitalcollections.com/assets/22/pages/41-d4cc8688ed283c5362add3507d0cae697507fe1c.jpg,0.2375,0.6574,false
22,LALIGA EA SPORTS 2026/2027,8660,283,9,DANI LORENZO,https://assets.paninidigitalcollections.com/assets/22/stickers/283-93346528f7ad0f53d7aba694549d40a5d38759ce.png,674,MALAGA FC,8660,1523,41,https://assets.paninidigitalcollections.com/assets/22/pages/41-d4cc8688ed283c5362add3507d0cae697507fe1c.jpg,0.4998,0.6574,false
22,LALIGA EA SPORTS 2026/2027,8661,284,10,RAFA RODRÍGUEZ,https://assets.paninidigitalcollections.com/assets/22/stickers/284-ef35c546b7197ce63838c7411f8c94ee956e74fc.png,674,MALAGA FC,8661,1523,41,https://assets.paninidigitalcollections.com/assets/22/pages/41-d4cc8688ed283c5362add3507d0cae697507fe1c.jpg,0.762,0.6574,false
22,LALIGA EA SPORTS 2026/2027,8662,285,11,CARLOS DOTOR,https://assets.paninidigitalcollections.com/assets/22/stickers/285-4c698126791062638c59c3a65883d60364a4cb47.png,674,MALAGA FC,8662,1523,41,https://assets.paninidigitalcollections.com/assets/22/pages/41-d4cc8688ed283c5362add3507d0cae697507fe1c.jpg,0.2375,0.4273,false
22,LALIGA EA SPORTS 2026/2027,8663,286,12,DAVID LARRUBIA,https://assets.paninidigitalcollections.com/assets/22/stickers/286-c21169620822099c26d8e04fc96ef09caa2b6a5d.png,674,MALAGA FC,8663,1523,41,https://assets.paninidigitalcollections.com/assets/22/pages/41-d4cc8688ed283c5362add3507d0cae697507fe1c.jpg,0.4998,0.4273,false
22,LALIGA EA SPORTS 2026/2027,8664,287,13,JULEN LOBETE,https://assets.paninidigitalcollections.com/assets/22/stickers/287-4670328f30cc6004080e7cef3760c16c1a847046.png,674,MALAGA FC,8664,1523,41,https://assets.paninidigitalcollections.com/assets/22/pages/41-d4cc8688ed283c5362add3507d0cae697507fe1c.jpg,0.762,0.4273,false
22,LALIGA EA SPORTS 2026/2027,8665,288,14,ADRIÁN NIÑO,https://assets.paninidigitalcollections.com/assets/22/stickers/288-2f68d0c485c3dfabc11fee0ca630479c966311e5.png,674,MALAGA FC,8665,1523,41,https://assets.paninidigitalcollections.com/assets/22/pages/41-d4cc8688ed283c5362add3507d0cae697507fe1c.jpg,0.2375,0.1971,false
22,LALIGA EA SPORTS 2026/2027,8666,289,15,JOAQUÍN MUÑOZ,https://assets.paninidigitalcollections.com/assets/22/stickers/289-dbc993d0baadf6ec1aa0f52a50586805848d47e1.png,674,MALAGA FC,8666,1523,41,https://assets.paninidigitalcollections.com/assets/22/pages/41-d4cc8688ed283c5362add3507d0cae697507fe1c.jpg,0.4998,0.1971,false
22,LALIGA EA SPORTS 2026/2027,8667,290,16,CHUPE,https://assets.paninidigitalcollections.com/assets/22/stickers/290-e7a2f7342c722a0272c2dd52e5a87326773a6d28.png,674,MALAGA FC,8667,1523,41,https://assets.paninidigitalcollections.com/assets/22/pages/41-d4cc8688ed283c5362add3507d0cae697507fe1c.jpg,0.762,0.1971,false
22,LALIGA EA SPORTS 2026/2027,8668,291,1,SERGIO HERRERA,https://assets.paninidigitalcollections.com/assets/22/stickers/291-73cc7c0ed26e74cef50ef968fdaa2fe5f2f39b48.png,675,CA OSASUNA,8668,1524,42,https://assets.paninidigitalcollections.com/assets/22/pages/42-2a47dd7b56cc6dee18c59c696cc6a114aabe7a2b.jpg,0.4998,0.6574,false
22,LALIGA EA SPORTS 2026/2027,8669,292,2,VALENTÍN ROSIER,https://assets.paninidigitalcollections.com/assets/22/stickers/292-b156218e974b4a9c02aa8c5814d9e85a11b00802.png,675,CA OSASUNA,8669,1524,42,https://assets.paninidigitalcollections.com/assets/22/pages/42-2a47dd7b56cc6dee18c59c696cc6a114aabe7a2b.jpg,0.2375,0.4273,false
22,LALIGA EA SPORTS 2026/2027,8670,293,3,ENZO BOYOMO,https://assets.paninidigitalcollections.com/assets/22/stickers/293-060c3d210e8251d45cfb0203bc607e0b4725563a.png,675,CA OSASUNA,8670,1524,42,https://assets.paninidigitalcollections.com/assets/22/pages/42-2a47dd7b56cc6dee18c59c696cc6a114aabe7a2b.jpg,0.4998,0.4273,false
22,LALIGA EA SPORTS 2026/2027,8671,294,4,ALEJANDRO CATENA,https://assets.paninidigitalcollections.com/assets/22/stickers/294-d6a841c5ea028be9b2251403c17c3071e7e9fb20.png,675,CA OSASUNA,8671,1524,42,https://assets.paninidigitalcollections.com/assets/22/pages/42-2a47dd7b56cc6dee18c59c696cc6a114aabe7a2b.jpg,0.762,0.4273,false
22,LALIGA EA SPORTS 2026/2027,8672,295,5,JORGE HERRANDO,https://assets.paninidigitalcollections.com/assets/22/stickers/295-2119c12926357358a0c6b5655f85c3dff646f6f3.png,675,CA OSASUNA,8672,1524,42,https://assets.paninidigitalcollections.com/assets/22/pages/42-2a47dd7b56cc6dee18c59c696cc6a114aabe7a2b.jpg,0.2375,0.1971,false
22,LALIGA EA SPORTS 2026/2027,8673,296,6,CA OSASUNA 296,https://assets.paninidigitalcollections.com/assets/22/stickers/296-be8c81351212ddd53aec6d1d61aeb0fea7fbb01b.png,675,CA OSASUNA,8673,1524,42,https://assets.paninidigitalcollections.com/assets/22/pages/42-2a47dd7b56cc6dee18c59c696cc6a114aabe7a2b.jpg,0.4998,0.1971,false
22,LALIGA EA SPORTS 2026/2027,8674,297,7,ABEL BRETONES,https://assets.paninidigitalcollections.com/assets/22/stickers/297-57e4825bf6a5b756ff1e6def25721306af335094.png,675,CA OSASUNA,8674,1524,42,https://assets.paninidigitalcollections.com/assets/22/pages/42-2a47dd7b56cc6dee18c59c696cc6a114aabe7a2b.jpg,0.762,0.1971,false
22,LALIGA EA SPORTS 2026/2027,8675,298,8,LUCAS TORRÓ,https://assets.paninidigitalcollections.com/assets/22/stickers/298-8048e1b28025d54df797bd721d280f3b0ccde6d0.png,675,CA OSASUNA,8675,1525,43,https://assets.paninidigitalcollections.com/assets/22/pages/43-3cf15c77d5b239df5c567f3b4cd368d9dd035ed8.jpg,0.2375,0.6574,false
22,LALIGA EA SPORTS 2026/2027,8676,299,9,JON MONCAYOLA,https://assets.paninidigitalcollections.com/assets/22/stickers/299-2df51e5789af0a7f6852b7ef252f4b71fff30d39.png,675,CA OSASUNA,8676,1525,43,https://assets.paninidigitalcollections.com/assets/22/pages/43-3cf15c77d5b239df5c567f3b4cd368d9dd035ed8.jpg,0.4998,0.6574,false
22,LALIGA EA SPORTS 2026/2027,8677,300,10,MOI GÓMEZ,https://assets.paninidigitalcollections.com/assets/22/stickers/300-415abbd40bdafa4baaf48a80729ef3819e3a8e95.png,675,CA OSASUNA,8677,1525,43,https://assets.paninidigitalcollections.com/assets/22/pages/43-3cf15c77d5b239df5c567f3b4cd368d9dd035ed8.jpg,0.762,0.6574,false
22,LALIGA EA SPORTS 2026/2027,8678,301,11,RUBÉN GARCÍA,https://assets.paninidigitalcollections.com/assets/22/stickers/301-cfa03cf23c5c2abc7812afb1e107586ec8ab3d92.png,675,CA OSASUNA,8678,1525,43,https://assets.paninidigitalcollections.com/assets/22/pages/43-3cf15c77d5b239df5c567f3b4cd368d9dd035ed8.jpg,0.2375,0.4273,false
22,LALIGA EA SPORTS 2026/2027,8679,302,12,AIMAR OROZ,https://assets.paninidigitalcollections.com/assets/22/stickers/302-4a24b87f2fad513135c9ef3c29b2d911e26eacb8.png,675,CA OSASUNA,8679,1525,43,https://assets.paninidigitalcollections.com/assets/22/pages/43-3cf15c77d5b239df5c567f3b4cd368d9dd035ed8.jpg,0.4998,0.4273,false
22,LALIGA EA SPORTS 2026/2027,8680,303,13,RAÚL MORO,https://assets.paninidigitalcollections.com/assets/22/stickers/303-09984c5ebe77ab87366c421228de840809ecc5da.png,675,CA OSASUNA,8680,1525,43,https://assets.paninidigitalcollections.com/assets/22/pages/43-3cf15c77d5b239df5c567f3b4cd368d9dd035ed8.jpg,0.762,0.4273,false
22,LALIGA EA SPORTS 2026/2027,8681,304,14,KIKE BARJA,https://assets.paninidigitalcollections.com/assets/22/stickers/304-9a2f81a096282eb62498d6ab5c1aa6aaa60c5844.png,675,CA OSASUNA,8681,1525,43,https://assets.paninidigitalcollections.com/assets/22/pages/43-3cf15c77d5b239df5c567f3b4cd368d9dd035ed8.jpg,0.2375,0.1971,false
22,LALIGA EA SPORTS 2026/2027,8682,305,15,RAÚL GARCÍA,https://assets.paninidigitalcollections.com/assets/22/stickers/305-12385f14ca87ac3c4124684d8c9c91ccbd0055cc.png,675,CA OSASUNA,8682,1525,43,https://assets.paninidigitalcollections.com/assets/22/pages/43-3cf15c77d5b239df5c567f3b4cd368d9dd035ed8.jpg,0.4998,0.1971,false
22,LALIGA EA SPORTS 2026/2027,8683,306,16,ANTE BUDIMIR,https://assets.paninidigitalcollections.com/assets/22/stickers/306-9227c415c5d8589f436550bb5ccb8b898bd41427.png,675,CA OSASUNA,8683,1525,43,https://assets.paninidigitalcollections.com/assets/22/pages/43-3cf15c77d5b239df5c567f3b4cd368d9dd035ed8.jpg,0.762,0.1971,false
22,LALIGA EA SPORTS 2026/2027,8684,307,1,RACING 307,https://assets.paninidigitalcollections.com/assets/22/stickers/307-dc6b85dcbd6c5a38a8a7a0be1d4751545ecc987f.png,676,RACING,8684,1526,44,https://assets.paninidigitalcollections.com/assets/22/pages/44-7710dd36faf9707aa780554a17dd1c3484f47ff7.jpg,0.4998,0.6574,false
22,LALIGA EA SPORTS 2026/2027,8685,308,2,ÁLVARO MANTILLA,https://assets.paninidigitalcollections.com/assets/22/stickers/308-5010756319a461ab372d92dd2df179ea441bc4bc.png,676,RACING,8685,1526,44,https://assets.paninidigitalcollections.com/assets/22/pages/44-7710dd36faf9707aa780554a17dd1c3484f47ff7.jpg,0.2375,0.4273,false
22,LALIGA EA SPORTS 2026/2027,8686,309,3,MARCO SANGALLI,https://assets.paninidigitalcollections.com/assets/22/stickers/309-bb9a6661ea796c5b4aa4d530cd230bb7ccb8dc79.png,676,RACING,8686,1526,44,https://assets.paninidigitalcollections.com/assets/22/pages/44-7710dd36faf9707aa780554a17dd1c3484f47ff7.jpg,0.4998,0.4273,false
22,LALIGA EA SPORTS 2026/2027,8687,310,4,FACU GONZÁLEZ,https://assets.paninidigitalcollections.com/assets/22/stickers/310-9d088624c761be6e97cf85f78b4c771a9d37ee42.png,676,RACING,8687,1526,44,https://assets.paninidigitalcollections.com/assets/22/pages/44-7710dd36faf9707aa780554a17dd1c3484f47ff7.jpg,0.762,0.4273,false
22,LALIGA EA SPORTS 2026/2027,8688,311,5,RACING 311,https://assets.paninidigitalcollections.com/assets/22/stickers/311-dc6b85dcbd6c5a38a8a7a0be1d4751545ecc987f.png,676,RACING,8688,1526,44,https://assets.paninidigitalcollections.com/assets/22/pages/44-7710dd36faf9707aa780554a17dd1c3484f47ff7.jpg,0.2375,0.1971,false
22,LALIGA EA SPORTS 2026/2027,8689,312,6,MANU HERNANDO,https://assets.paninidigitalcollections.com/assets/22/stickers/312-025f2ea356864f8602b3af83c6eb6afe8d10eafb.png,676,RACING,8689,1526,44,https://assets.paninidigitalcollections.com/assets/22/pages/44-7710dd36faf9707aa780554a17dd1c3484f47ff7.jpg,0.4998,0.1971,false
22,LALIGA EA SPORTS 2026/2027,8690,313,7,JORGE SALINAS,https://assets.paninidigitalcollections.com/assets/22/stickers/313-048a3be3df35b221ce21fc357d8f3588359cc40c.png,676,RACING,8690,1526,44,https://assets.paninidigitalcollections.com/assets/22/pages/44-7710dd36faf9707aa780554a17dd1c3484f47ff7.jpg,0.762,0.1971,false
22,LALIGA EA SPORTS 2026/2027,8691,314,8,GUEYE MAGUETTE,https://assets.paninidigitalcollections.com/assets/22/stickers/314-3011adffcde58fee70ae48c014208a18889b6119.png,676,RACING,8691,1527,45,https://assets.paninidigitalcollections.com/assets/22/pages/45-a0e0e08e5734e7bd63bcbdc804be3ff361298403.jpg,0.2375,0.6574,false
22,LALIGA EA SPORTS 2026/2027,8692,315,9,GUSTAVO PUERTA,https://assets.paninidigitalcollections.com/assets/22/stickers/315-9940e0605fdb8c368bfdef629e5e98634c670b1c.png,676,RACING,8692,1527,45,https://assets.paninidigitalcollections.com/assets/22/pages/45-a0e0e08e5734e7bd63bcbdc804be3ff361298403.jpg,0.4998,0.6574,false
22,LALIGA EA SPORTS 2026/2027,8693,316,10,ÍÑIGO SAINZ - MAZA,https://assets.paninidigitalcollections.com/assets/22/stickers/316-e6dccaece63fac0c3d80fe113d9481efa6c2dd9e.png,676,RACING,8693,1527,45,https://assets.paninidigitalcollections.com/assets/22/pages/45-a0e0e08e5734e7bd63bcbdc804be3ff361298403.jpg,0.762,0.6574,false
22,LALIGA EA SPORTS 2026/2027,8694,317,11,RACING 317,https://assets.paninidigitalcollections.com/assets/22/stickers/317-dc6b85dcbd6c5a38a8a7a0be1d4751545ecc987f.png,676,RACING,8694,1527,45,https://assets.paninidigitalcollections.com/assets/22/pages/45-a0e0e08e5734e7bd63bcbdc804be3ff361298403.jpg,0.2375,0.4273,false
22,LALIGA EA SPORTS 2026/2027,8695,318,12,SULEIMAN CAMARA,https://assets.paninidigitalcollections.com/assets/22/stickers/318-7fb783d09d97e5f83d7f7c95fac2cfaae1de789f.png,676,RACING,8695,1527,45,https://assets.paninidigitalcollections.com/assets/22/pages/45-a0e0e08e5734e7bd63bcbdc804be3ff361298403.jpg,0.4998,0.4273,false
22,LALIGA EA SPORTS 2026/2027,8696,319,13,ANDRÉS MARTÍN,https://assets.paninidigitalcollections.com/assets/22/stickers/319-0b6ec1f9231b8267629537e48134125fc9737398.png,676,RACING,8696,1527,45,https://assets.paninidigitalcollections.com/assets/22/pages/45-a0e0e08e5734e7bd63bcbdc804be3ff361298403.jpg,0.762,0.4273,false
22,LALIGA EA SPORTS 2026/2027,8697,320,14,GIORGI GULIASHVILI,https://assets.paninidigitalcollections.com/assets/22/stickers/320-3a991e6b20e2ec917c591cc9d22ed5f82e8f4fe3.png,676,RACING,8697,1527,45,https://assets.paninidigitalcollections.com/assets/22/pages/45-a0e0e08e5734e7bd63bcbdc804be3ff361298403.jpg,0.2375,0.1971,false
22,LALIGA EA SPORTS 2026/2027,8698,321,15,ASIER VILLALIBRE,https://assets.paninidigitalcollections.com/assets/22/stickers/321-2d3fd8d0efd60335b87df31173d8438455b41737.png,676,RACING,8698,1527,45,https://assets.paninidigitalcollections.com/assets/22/pages/45-a0e0e08e5734e7bd63bcbdc804be3ff361298403.jpg,0.4998,0.1971,false
22,LALIGA EA SPORTS 2026/2027,8699,322,16,ÍÑIGO VICENTE,https://assets.paninidigitalcollections.com/assets/22/stickers/322-ba19d7be8f9d424832824285c23b63e0b361343a.png,676,RACING,8699,1527,45,https://assets.paninidigitalcollections.com/assets/22/pages/45-a0e0e08e5734e7bd63bcbdc804be3ff361298403.jpg,0.762,0.1971,false
22,LALIGA EA SPORTS 2026/2027,8700,323,1,AUGUSTO BATALLA,https://assets.paninidigitalcollections.com/assets/22/stickers/323-b8a528db09ac561094f497f9975824d78b04d26b.png,677,RAYO VALLECANO,8700,1528,46,https://assets.paninidigitalcollections.com/assets/22/pages/46-672e01fb81fb08699406f85df9f58983321ed7cc.jpg,0.4998,0.6574,false
22,LALIGA EA SPORTS 2026/2027,8701,324,2,ANDREI RATIU,https://assets.paninidigitalcollections.com/assets/22/stickers/324-ae23f346bf3f7a24254e806765ee0fa757100949.png,677,RAYO VALLECANO,8701,1528,46,https://assets.paninidigitalcollections.com/assets/22/pages/46-672e01fb81fb08699406f85df9f58983321ed7cc.jpg,0.2375,0.4273,false
22,LALIGA EA SPORTS 2026/2027,8702,325,3,IVÁN BALLIU,https://assets.paninidigitalcollections.com/assets/22/stickers/325-fe6914758ce189453e923a9ad50e8a9519927892.png,677,RAYO VALLECANO,8702,1528,46,https://assets.paninidigitalcollections.com/assets/22/pages/46-672e01fb81fb08699406f85df9f58983321ed7cc.jpg,0.4998,0.4273,false
22,LALIGA EA SPORTS 2026/2027,8703,326,4,FLORIAN LEJEUNE,https://assets.paninidigitalcollections.com/assets/22/stickers/326-a49e1f1359e07f63e070eed3d2a005fcb912e55a.png,677,RAYO VALLECANO,8703,1528,46,https://assets.paninidigitalcollections.com/assets/22/pages/46-672e01fb81fb08699406f85df9f58983321ed7cc.jpg,0.762,0.4273,false
22,LALIGA EA SPORTS 2026/2027,8704,327,5,NOBEL MENDY,https://assets.paninidigitalcollections.com/assets/22/stickers/327-e68020934f16620983811f19f639106719a9172b.png,677,RAYO VALLECANO,8704,1528,46,https://assets.paninidigitalcollections.com/assets/22/pages/46-672e01fb81fb08699406f85df9f58983321ed7cc.jpg,0.2375,0.1971,false
22,LALIGA EA SPORTS 2026/2027,8705,328,6,LUIZ FELIPE,https://assets.paninidigitalcollections.com/assets/22/stickers/328-d723a0e2984a2c93fc7915de549399b78f1d6c79.png,677,RAYO VALLECANO,8705,1528,46,https://assets.paninidigitalcollections.com/assets/22/pages/46-672e01fb81fb08699406f85df9f58983321ed7cc.jpg,0.4998,0.1971,false
22,LALIGA EA SPORTS 2026/2027,8706,329,7,PEP CHAVARRÍA,https://assets.paninidigitalcollections.com/assets/22/stickers/329-2dd25c707ed43e219112d9c52814344651c14ebe.png,677,RAYO VALLECANO,8706,1528,46,https://assets.paninidigitalcollections.com/assets/22/pages/46-672e01fb81fb08699406f85df9f58983321ed7cc.jpg,0.762,0.1971,false
22,LALIGA EA SPORTS 2026/2027,8707,330,8,PEDRO DÍAZ,https://assets.paninidigitalcollections.com/assets/22/stickers/330-8b5f76253d73a52404403d9d2b46eca945d728c4.png,677,RAYO VALLECANO,8707,1529,47,https://assets.paninidigitalcollections.com/assets/22/pages/47-db8110b301a9f02f1208b355af76b6e443b3ce33.jpg,0.2375,0.6574,false
22,LALIGA EA SPORTS 2026/2027,8708,331,9,PATHÉ CISS,https://assets.paninidigitalcollections.com/assets/22/stickers/331-436fd7f74c36f63aef2e393d3b7e714ab3c772db.png,677,RAYO VALLECANO,8708,1529,47,https://assets.paninidigitalcollections.com/assets/22/pages/47-db8110b301a9f02f1208b355af76b6e443b3ce33.jpg,0.4998,0.6574,false
22,LALIGA EA SPORTS 2026/2027,8709,332,10,ÓSCAR VALENTÍN,https://assets.paninidigitalcollections.com/assets/22/stickers/332-32c46fbe2b522fbdaad34630c2f734089487231b.png,677,RAYO VALLECANO,8709,1529,47,https://assets.paninidigitalcollections.com/assets/22/pages/47-db8110b301a9f02f1208b355af76b6e443b3ce33.jpg,0.762,0.6574,false
22,LALIGA EA SPORTS 2026/2027,8710,333,11,UNAI LÓPEZ,https://assets.paninidigitalcollections.com/assets/22/stickers/333-68e54560784df550024f2d50b14b448a71245812.png,677,RAYO VALLECANO,8710,1529,47,https://assets.paninidigitalcollections.com/assets/22/pages/47-db8110b301a9f02f1208b355af76b6e443b3ce33.jpg,0.2375,0.4273,false
22,LALIGA EA SPORTS 2026/2027,8711,334,12,ISI,https://assets.paninidigitalcollections.com/assets/22/stickers/334-6607bb181c88edc539b3650372d5dd5478bfe67d.png,677,RAYO VALLECANO,8711,1529,47,https://assets.paninidigitalcollections.com/assets/22/pages/47-db8110b301a9f02f1208b355af76b6e443b3ce33.jpg,0.4998,0.4273,false
22,LALIGA EA SPORTS 2026/2027,8712,335,13,ÁLVARO GARCÍA,https://assets.paninidigitalcollections.com/assets/22/stickers/335-6735668457edc7500044c1f5e78a5ddc77ae2ea6.png,677,RAYO VALLECANO,8712,1529,47,https://assets.paninidigitalcollections.com/assets/22/pages/47-db8110b301a9f02f1208b355af76b6e443b3ce33.jpg,0.762,0.4273,false
22,LALIGA EA SPORTS 2026/2027,8713,336,14,JORGE DE FRUTOS,https://assets.paninidigitalcollections.com/assets/22/stickers/336-d623d53d594ed51b03b9ff000d73913aacee7f93.png,677,RAYO VALLECANO,8713,1529,47,https://assets.paninidigitalcollections.com/assets/22/pages/47-db8110b301a9f02f1208b355af76b6e443b3ce33.jpg,0.2375,0.1971,false
22,LALIGA EA SPORTS 2026/2027,8714,337,15,SERGIO CAMELLO,https://assets.paninidigitalcollections.com/assets/22/stickers/337-4a357bd2c79ecbd7d7c1e81dde7224ecc31ad5cd.png,677,RAYO VALLECANO,8714,1529,47,https://assets.paninidigitalcollections.com/assets/22/pages/47-db8110b301a9f02f1208b355af76b6e443b3ce33.jpg,0.4998,0.1971,false
22,LALIGA EA SPORTS 2026/2027,8715,338,16,ALEMAO,https://assets.paninidigitalcollections.com/assets/22/stickers/338-f177a24baebcf9da7b41d74d2651b260d9d46609.png,677,RAYO VALLECANO,8715,1529,47,https://assets.paninidigitalcollections.com/assets/22/pages/47-db8110b301a9f02f1208b355af76b6e443b3ce33.jpg,0.762,0.1971,false
22,LALIGA EA SPORTS 2026/2027,8716,339,1,ÁLEX REMIRO,https://assets.paninidigitalcollections.com/assets/22/stickers/339-ec3ab1660cf8a6938f1ef8798535196b98b4b14e.png,678,REAL SOCIEDAD,8716,1530,48,https://assets.paninidigitalcollections.com/assets/22/pages/48-bd4feb1d787c27f453dc9c84a3b03e15c24fe5f4.jpg,0.4998,0.6574,false
22,LALIGA EA SPORTS 2026/2027,8717,340,2,JON ARAMBURU,https://assets.paninidigitalcollections.com/assets/22/stickers/340-dd25002a76d0f6bc9eb329f394e87d542c142bc7.png,678,REAL SOCIEDAD,8717,1530,48,https://assets.paninidigitalcollections.com/assets/22/pages/48-bd4feb1d787c27f453dc9c84a3b03e15c24fe5f4.jpg,0.2375,0.4273,false
22,LALIGA EA SPORTS 2026/2027,8718,341,3,JON MARTÍN,https://assets.paninidigitalcollections.com/assets/22/stickers/341-8bea5179ce8babf96dd56455749959d081789b08.png,678,REAL SOCIEDAD,8718,1530,48,https://assets.paninidigitalcollections.com/assets/22/pages/48-bd4feb1d787c27f453dc9c84a3b03e15c24fe5f4.jpg,0.4998,0.4273,false
22,LALIGA EA SPORTS 2026/2027,8719,342,4,IGOR ZUBELDIA,https://assets.paninidigitalcollections.com/assets/22/stickers/342-19f60cef603648577e3667143e358964437f4632.png,678,REAL SOCIEDAD,8719,1530,48,https://assets.paninidigitalcollections.com/assets/22/pages/48-bd4feb1d787c27f453dc9c84a3b03e15c24fe5f4.jpg,0.762,0.4273,false
22,LALIGA EA SPORTS 2026/2027,8720,343,5,SERGIO GÓMEZ,https://assets.paninidigitalcollections.com/assets/22/stickers/343-bd096bac2789c60d1ae00e8ecdf100aa81205a6f.png,678,REAL SOCIEDAD,8720,1530,48,https://assets.paninidigitalcollections.com/assets/22/pages/48-bd4feb1d787c27f453dc9c84a3b03e15c24fe5f4.jpg,0.2375,0.1971,false
22,LALIGA EA SPORTS 2026/2027,8721,344,6,AIHEN MUÑOZ,https://assets.paninidigitalcollections.com/assets/22/stickers/344-dfee4f8a84a25ca2f6ed98c9c7fdf86720442583.png,678,REAL SOCIEDAD,8721,1530,48,https://assets.paninidigitalcollections.com/assets/22/pages/48-bd4feb1d787c27f453dc9c84a3b03e15c24fe5f4.jpg,0.4998,0.1971,false
22,LALIGA EA SPORTS 2026/2027,8722,345,7,JON GORROTXATEGI,https://assets.paninidigitalcollections.com/assets/22/stickers/345-0eb2d53327ce65227ace61fdb82ef9ebf7912f0b.png,678,REAL SOCIEDAD,8722,1530,48,https://assets.paninidigitalcollections.com/assets/22/pages/48-bd4feb1d787c27f453dc9c84a3b03e15c24fe5f4.jpg,0.762,0.1971,false
22,LALIGA EA SPORTS 2026/2027,8723,346,8,BEÑAT TURRIENTES,https://assets.paninidigitalcollections.com/assets/22/stickers/346-9fff5d998a4a579431e075ff8c871a285a194194.png,678,REAL SOCIEDAD,8723,1531,49,https://assets.paninidigitalcollections.com/assets/22/pages/49-969f08095dcc96fe487c1a89a057414c17ed852b.jpg,0.2375,0.6574,false
22,LALIGA EA SPORTS 2026/2027,8724,347,9,PABLO MARÍN,https://assets.paninidigitalcollections.com/assets/22/stickers/347-8dfe1c34cf5b89e705283ec4039501775352bf5b.png,678,REAL SOCIEDAD,8724,1531,49,https://assets.paninidigitalcollections.com/assets/22/pages/49-969f08095dcc96fe487c1a89a057414c17ed852b.jpg,0.4998,0.6574,false
22,LALIGA EA SPORTS 2026/2027,8725,348,10,REAL SOCIEDAD 348,https://assets.paninidigitalcollections.com/assets/22/stickers/348-3b4af1facfa592ee7f6e4437fc297fe4d922a412.png,678,REAL SOCIEDAD,8725,1531,49,https://assets.paninidigitalcollections.com/assets/22/pages/49-969f08095dcc96fe487c1a89a057414c17ed852b.jpg,0.762,0.6574,false
22,LALIGA EA SPORTS 2026/2027,8726,349,11,CARLOS SOLER,https://assets.paninidigitalcollections.com/assets/22/stickers/349-c5571a4376ed8b55a27d890b48ebd57363e2cc49.png,678,REAL SOCIEDAD,8726,1531,49,https://assets.paninidigitalcollections.com/assets/22/pages/49-969f08095dcc96fe487c1a89a057414c17ed852b.jpg,0.2375,0.4273,false
22,LALIGA EA SPORTS 2026/2027,8727,350,12,LUKA SUCIC,https://assets.paninidigitalcollections.com/assets/22/stickers/350-e371062d018c6d2346d240455d7b73948296c3d4.png,678,REAL SOCIEDAD,8727,1531,49,https://assets.paninidigitalcollections.com/assets/22/pages/49-969f08095dcc96fe487c1a89a057414c17ed852b.jpg,0.4998,0.4273,false
22,LALIGA EA SPORTS 2026/2027,8728,351,13,ANDER BARRENETXEA,https://assets.paninidigitalcollections.com/assets/22/stickers/351-9706342029bcf1512ad78d61e6514a8d2bbcd8d3.png,678,REAL SOCIEDAD,8728,1531,49,https://assets.paninidigitalcollections.com/assets/22/pages/49-969f08095dcc96fe487c1a89a057414c17ed852b.jpg,0.762,0.4273,false
22,LALIGA EA SPORTS 2026/2027,8729,352,14,GONÇALO GUEDES,https://assets.paninidigitalcollections.com/assets/22/stickers/352-728048e591dfa6e4f95044cf2c7939c501336a9b.png,678,REAL SOCIEDAD,8729,1531,49,https://assets.paninidigitalcollections.com/assets/22/pages/49-969f08095dcc96fe487c1a89a057414c17ed852b.jpg,0.2375,0.1971,false
22,LALIGA EA SPORTS 2026/2027,8730,353,15,TAKEFUSA KUBO,https://assets.paninidigitalcollections.com/assets/22/stickers/353-55d1e2ae23e4bd93753d40daf297b5ce340b43f4.png,678,REAL SOCIEDAD,8730,1531,49,https://assets.paninidigitalcollections.com/assets/22/pages/49-969f08095dcc96fe487c1a89a057414c17ed852b.jpg,0.4998,0.1971,false
22,LALIGA EA SPORTS 2026/2027,8731,354,16,MIKEL OYARZABAL,https://assets.paninidigitalcollections.com/assets/22/stickers/354-814a49d8e692964e4eb6d152f06049035b8552f4.png,678,REAL SOCIEDAD,8731,1531,49,https://assets.paninidigitalcollections.com/assets/22/pages/49-969f08095dcc96fe487c1a89a057414c17ed852b.jpg,0.762,0.1971,false
22,LALIGA EA SPORTS 2026/2027,8732,355,1,ODYSSEAS VLACHODIMOS,https://assets.paninidigitalcollections.com/assets/22/stickers/355-a1b5aab00f5f19cd32b47e2c3cfeaa990f918db6.png,679,SEVILLA FC,8732,1532,50,https://assets.paninidigitalcollections.com/assets/22/pages/50-0cd494273bf6090bd2b3ed9f6ae499e0affe8fbe.jpg,0.4998,0.6574,false
22,LALIGA EA SPORTS 2026/2027,8733,356,2,JOSÉ ÁNGEL CARMONA,https://assets.paninidigitalcollections.com/assets/22/stickers/356-e31f79cb3ab35cfc3a187511bccddbbd7e21de1d.png,679,SEVILLA FC,8733,1532,50,https://assets.paninidigitalcollections.com/assets/22/pages/50-0cd494273bf6090bd2b3ed9f6ae499e0affe8fbe.jpg,0.2375,0.4273,false
22,LALIGA EA SPORTS 2026/2027,8734,357,3,JUANLU,https://assets.paninidigitalcollections.com/assets/22/stickers/357-25f0bc2b904f262f0ab4db3cfd300042d991f5fc.png,679,SEVILLA FC,8734,1532,50,https://assets.paninidigitalcollections.com/assets/22/pages/50-0cd494273bf6090bd2b3ed9f6ae499e0affe8fbe.jpg,0.4998,0.4273,false
22,LALIGA EA SPORTS 2026/2027,8735,358,4,KIKE SALAS,https://assets.paninidigitalcollections.com/assets/22/stickers/358-7eece44f51732ea422f5e39731e2a3254321bc27.png,679,SEVILLA FC,8735,1532,50,https://assets.paninidigitalcollections.com/assets/22/pages/50-0cd494273bf6090bd2b3ed9f6ae499e0affe8fbe.jpg,0.762,0.4273,false
22,LALIGA EA SPORTS 2026/2027,8736,359,5,TANGUY NIANZOU,https://assets.paninidigitalcollections.com/assets/22/stickers/359-e14c61d6bec1547d0146f4b1fb539a55e4eba75a.png,679,SEVILLA FC,8736,1532,50,https://assets.paninidigitalcollections.com/assets/22/pages/50-0cd494273bf6090bd2b3ed9f6ae499e0affe8fbe.jpg,0.2375,0.1971,false
22,LALIGA EA SPORTS 2026/2027,8737,360,6,CASTRÍN,https://assets.paninidigitalcollections.com/assets/22/stickers/360-fe445dd81021435193482670e2af0704034d1fc0.png,679,SEVILLA FC,8737,1532,50,https://assets.paninidigitalcollections.com/assets/22/pages/50-0cd494273bf6090bd2b3ed9f6ae499e0affe8fbe.jpg,0.4998,0.1971,false
22,LALIGA EA SPORTS 2026/2027,8738,361,7,GABRIEL SUAZO,https://assets.paninidigitalcollections.com/assets/22/stickers/361-2b54365178a611e6e886382f92dd08fb6c08494f.png,679,SEVILLA FC,8738,1532,50,https://assets.paninidigitalcollections.com/assets/22/pages/50-0cd494273bf6090bd2b3ed9f6ae499e0affe8fbe.jpg,0.762,0.1971,false
22,LALIGA EA SPORTS 2026/2027,8739,362,8,OSO,https://assets.paninidigitalcollections.com/assets/22/stickers/362-b9aad2f8077cd2954ac68cce910ebf1eb59d473b.png,679,SEVILLA FC,8739,1533,51,https://assets.paninidigitalcollections.com/assets/22/pages/51-d07c22abc76d81bf82855e23190e1957a6d56dcd.jpg,0.2375,0.6574,false
22,LALIGA EA SPORTS 2026/2027,8740,363,9,LUCIEN AGOUMÉ,https://assets.paninidigitalcollections.com/assets/22/stickers/363-4e198921cd932f1465b0d3cd5b75e186119c00a4.png,679,SEVILLA FC,8740,1533,51,https://assets.paninidigitalcollections.com/assets/22/pages/51-d07c22abc76d81bf82855e23190e1957a6d56dcd.jpg,0.4998,0.6574,false
22,LALIGA EA SPORTS 2026/2027,8741,364,10,DJIBRIL SOW,https://assets.paninidigitalcollections.com/assets/22/stickers/364-83b4eecd4b7babf119b14d416845fdcf1531e57b.png,679,SEVILLA FC,8741,1533,51,https://assets.paninidigitalcollections.com/assets/22/pages/51-d07c22abc76d81bf82855e23190e1957a6d56dcd.jpg,0.762,0.6574,false
22,LALIGA EA SPORTS 2026/2027,8742,365,11,RUBÉN VARGAS,https://assets.paninidigitalcollections.com/assets/22/stickers/365-b4b100602f4c4d653dd9a46f481901a909d566cf.png,679,SEVILLA FC,8742,1533,51,https://assets.paninidigitalcollections.com/assets/22/pages/51-d07c22abc76d81bf82855e23190e1957a6d56dcd.jpg,0.2375,0.4273,false
22,LALIGA EA SPORTS 2026/2027,8743,366,12,PEQUE,https://assets.paninidigitalcollections.com/assets/22/stickers/366-6c8ca9e78b498d5f20c1f21a38ac22b76a3cb627.png,679,SEVILLA FC,8743,1533,51,https://assets.paninidigitalcollections.com/assets/22/pages/51-d07c22abc76d81bf82855e23190e1957a6d56dcd.jpg,0.4998,0.4273,false
22,LALIGA EA SPORTS 2026/2027,8744,367,13,SEVILLA FC 367,https://assets.paninidigitalcollections.com/assets/22/stickers/367-e14c61d6bec1547d0146f4b1fb539a55e4eba75a.png,679,SEVILLA FC,8744,1533,51,https://assets.paninidigitalcollections.com/assets/22/pages/51-d07c22abc76d81bf82855e23190e1957a6d56dcd.jpg,0.762,0.4273,false
22,LALIGA EA SPORTS 2026/2027,8745,368,14,CHIDERA EJUKE,https://assets.paninidigitalcollections.com/assets/22/stickers/368-3b333a8922478a73806ffa66574119594eb1695f.png,679,SEVILLA FC,8745,1533,51,https://assets.paninidigitalcollections.com/assets/22/pages/51-d07c22abc76d81bf82855e23190e1957a6d56dcd.jpg,0.2375,0.1971,false
22,LALIGA EA SPORTS 2026/2027,8746,369,15,SEVILLA FC 369,https://assets.paninidigitalcollections.com/assets/22/stickers/369-e14c61d6bec1547d0146f4b1fb539a55e4eba75a.png,679,SEVILLA FC,8746,1533,51,https://assets.paninidigitalcollections.com/assets/22/pages/51-d07c22abc76d81bf82855e23190e1957a6d56dcd.jpg,0.4998,0.1971,false
22,LALIGA EA SPORTS 2026/2027,8747,370,16,ISAAC ROMERO,https://assets.paninidigitalcollections.com/assets/22/stickers/370-fec4774fccee562cfcd3a9e7f68ae75e572fac96.png,679,SEVILLA FC,8747,1533,51,https://assets.paninidigitalcollections.com/assets/22/pages/51-d07c22abc76d81bf82855e23190e1957a6d56dcd.jpg,0.762,0.1971,false
22,LALIGA EA SPORTS 2026/2027,8748,371,1,STOLE DIMITRIEVSKI,https://assets.paninidigitalcollections.com/assets/22/stickers/371-426462e204b39c8464d69aebecfc4509f565aaac.png,680,VALENCIA CF,8748,1534,52,https://assets.paninidigitalcollections.com/assets/22/pages/52-03346c7bc18a486554a736eca9bb5a7030260f15.jpg,0.4998,0.6574,false
22,LALIGA EA SPORTS 2026/2027,8749,372,2,DIMITRI FOULQUIER,https://assets.paninidigitalcollections.com/assets/22/stickers/372-c5641c6902da327aab8144414fade98b3a6f4f2c.png,680,VALENCIA CF,8749,1534,52,https://assets.paninidigitalcollections.com/assets/22/pages/52-03346c7bc18a486554a736eca9bb5a7030260f15.jpg,0.2375,0.4273,false
22,LALIGA EA SPORTS 2026/2027,8750,373,3,MOUCTAR DIAKHABY,https://assets.paninidigitalcollections.com/assets/22/stickers/373-96e8fb53fa34fe97e4cc940fc86b96f395df1223.png,680,VALENCIA CF,8750,1534,52,https://assets.paninidigitalcollections.com/assets/22/pages/52-03346c7bc18a486554a736eca9bb5a7030260f15.jpg,0.4998,0.4273,false
22,LALIGA EA SPORTS 2026/2027,8751,374,4,CÉSAR TÁRREGA,https://assets.paninidigitalcollections.com/assets/22/stickers/374-b89fa62df61dd2091bfba4a68a8e79b4fbd90a19.png,680,VALENCIA CF,8751,1534,52,https://assets.paninidigitalcollections.com/assets/22/pages/52-03346c7bc18a486554a736eca9bb5a7030260f15.jpg,0.762,0.4273,false
22,LALIGA EA SPORTS 2026/2027,8752,375,5,JOSÉ COPETE,https://assets.paninidigitalcollections.com/assets/22/stickers/375-9cdcaee0397792382139a8fcd27e30feea4140ed.png,680,VALENCIA CF,8752,1534,52,https://assets.paninidigitalcollections.com/assets/22/pages/52-03346c7bc18a486554a736eca9bb5a7030260f15.jpg,0.2375,0.1971,false
22,LALIGA EA SPORTS 2026/2027,8753,376,6,ERAY CÖMERT,https://assets.paninidigitalcollections.com/assets/22/stickers/376-05abf342bfaadb81b8d6c264c9c44e7564905eef.png,680,VALENCIA CF,8753,1534,52,https://assets.paninidigitalcollections.com/assets/22/pages/52-03346c7bc18a486554a736eca9bb5a7030260f15.jpg,0.4998,0.1971,false
22,LALIGA EA SPORTS 2026/2027,8754,377,7,JOSÉ LUIS GAYÀ,https://assets.paninidigitalcollections.com/assets/22/stickers/377-600b7eb0765f90db87bc59ff9ff0251d6b0fc633.png,680,VALENCIA CF,8754,1534,52,https://assets.paninidigitalcollections.com/assets/22/pages/52-03346c7bc18a486554a736eca9bb5a7030260f15.jpg,0.762,0.1971,false
22,LALIGA EA SPORTS 2026/2027,8755,378,8,PEPELU,https://assets.paninidigitalcollections.com/assets/22/stickers/378-f9252f69556ae18d208f215dc8d480b888c3ec89.png,680,VALENCIA CF,8755,1535,53,https://assets.paninidigitalcollections.com/assets/22/pages/53-a45d47d2fa0b7d11f662c068fe9e627794728d4b.jpg,0.2375,0.6574,false
22,LALIGA EA SPORTS 2026/2027,8756,379,9,GUIDO RODRÍGUEZ,https://assets.paninidigitalcollections.com/assets/22/stickers/379-eed3dcf348359a0d06d2652afcc24c8da95c78ce.png,680,VALENCIA CF,8756,1535,53,https://assets.paninidigitalcollections.com/assets/22/pages/53-a45d47d2fa0b7d11f662c068fe9e627794728d4b.jpg,0.4998,0.6574,false
22,LALIGA EA SPORTS 2026/2027,8757,380,10,JAVI GUERRA,https://assets.paninidigitalcollections.com/assets/22/stickers/380-fd73f0c319f6014472a720009843864b660735b7.png,680,VALENCIA CF,8757,1535,53,https://assets.paninidigitalcollections.com/assets/22/pages/53-a45d47d2fa0b7d11f662c068fe9e627794728d4b.jpg,0.762,0.6574,false
22,LALIGA EA SPORTS 2026/2027,8758,381,11,LUIS RIOJA,https://assets.paninidigitalcollections.com/assets/22/stickers/381-4f3d69baded1b58a42f3f747ffb64cdd1ee34bc1.png,680,VALENCIA CF,8758,1535,53,https://assets.paninidigitalcollections.com/assets/22/pages/53-a45d47d2fa0b7d11f662c068fe9e627794728d4b.jpg,0.2375,0.4273,false
22,LALIGA EA SPORTS 2026/2027,8759,382,12,DIEGO LÓPEZ,https://assets.paninidigitalcollections.com/assets/22/stickers/382-7ef9e7f89b3db02ef3b1f7c62e3dbcce48cb5d37.png,680,VALENCIA CF,8759,1535,53,https://assets.paninidigitalcollections.com/assets/22/pages/53-a45d47d2fa0b7d11f662c068fe9e627794728d4b.jpg,0.4998,0.4273,false
22,LALIGA EA SPORTS 2026/2027,8760,383,13,LARGIE RAMAZANI,https://assets.paninidigitalcollections.com/assets/22/stickers/383-654bcd80592ed12c9912d4de69f5816f895c2e97.png,680,VALENCIA CF,8760,1535,53,https://assets.paninidigitalcollections.com/assets/22/pages/53-a45d47d2fa0b7d11f662c068fe9e627794728d4b.jpg,0.762,0.4273,false
22,LALIGA EA SPORTS 2026/2027,8761,384,14,HUGO DURO,https://assets.paninidigitalcollections.com/assets/22/stickers/384-87155092c491b18595ccb16a053cca53b35972a2.png,680,VALENCIA CF,8761,1535,53,https://assets.paninidigitalcollections.com/assets/22/pages/53-a45d47d2fa0b7d11f662c068fe9e627794728d4b.jpg,0.2375,0.1971,false
22,LALIGA EA SPORTS 2026/2027,8762,385,15,VALENCIA CF 385,https://assets.paninidigitalcollections.com/assets/22/stickers/385-c99f757afd92536ce271a910238a821f98b769df.png,680,VALENCIA CF,8762,1535,53,https://assets.paninidigitalcollections.com/assets/22/pages/53-a45d47d2fa0b7d11f662c068fe9e627794728d4b.jpg,0.4998,0.1971,false
22,LALIGA EA SPORTS 2026/2027,8763,386,16,UMAR SADIQ,https://assets.paninidigitalcollections.com/assets/22/stickers/386-50935ecd7a7e573933e3775bebcbd1027f044ccd.png,680,VALENCIA CF,8763,1535,53,https://assets.paninidigitalcollections.com/assets/22/pages/53-a45d47d2fa0b7d11f662c068fe9e627794728d4b.jpg,0.762,0.1971,false
22,LALIGA EA SPORTS 2026/2027,8764,387,1,LUIZ JÚNIOR,https://assets.paninidigitalcollections.com/assets/22/stickers/387-3f749f507b8e4e352a2d1beb87bdb1f84eb34a96.png,681,VILLARREAL CF,8764,1536,54,https://assets.paninidigitalcollections.com/assets/22/pages/54-a2ff341a80c526978e825259527a5e3f4fa6e15b.jpg,0.4998,0.6574,false
22,LALIGA EA SPORTS 2026/2027,8765,388,2,SANTIAGO MOURIÑO,https://assets.paninidigitalcollections.com/assets/22/stickers/388-4305ecd761e595a5b624236f2d904238a7c04468.png,681,VILLARREAL CF,8765,1536,54,https://assets.paninidigitalcollections.com/assets/22/pages/54-a2ff341a80c526978e825259527a5e3f4fa6e15b.jpg,0.2375,0.4273,false
22,LALIGA EA SPORTS 2026/2027,8766,389,3,PAU NAVARRO,https://assets.paninidigitalcollections.com/assets/22/stickers/389-526c488dda9b562080924cb553b369d943b24918.png,681,VILLARREAL CF,8766,1536,54,https://assets.paninidigitalcollections.com/assets/22/pages/54-a2ff341a80c526978e825259527a5e3f4fa6e15b.jpg,0.4998,0.4273,false
22,LALIGA EA SPORTS 2026/2027,8767,390,4,JUAN FOYTH,https://assets.paninidigitalcollections.com/assets/22/stickers/390-a9a771bd7c4d8f4fcc56c625cb97cd01d0ff81be.png,681,VILLARREAL CF,8767,1536,54,https://assets.paninidigitalcollections.com/assets/22/pages/54-a2ff341a80c526978e825259527a5e3f4fa6e15b.jpg,0.762,0.4273,false
22,LALIGA EA SPORTS 2026/2027,8768,391,5,VILLARREAL CF 391,https://assets.paninidigitalcollections.com/assets/22/stickers/391-d0b5be6d830388078e23b3b2cb0c1dd25b8b30b7.png,681,VILLARREAL CF,8768,1536,54,https://assets.paninidigitalcollections.com/assets/22/pages/54-a2ff341a80c526978e825259527a5e3f4fa6e15b.jpg,0.2375,0.1971,false
22,LALIGA EA SPORTS 2026/2027,8769,392,6,RENATO VEIGA,https://assets.paninidigitalcollections.com/assets/22/stickers/392-5dbb27535d87849784f08c693d8d768d42ff40b7.png,681,VILLARREAL CF,8769,1536,54,https://assets.paninidigitalcollections.com/assets/22/pages/54-a2ff341a80c526978e825259527a5e3f4fa6e15b.jpg,0.4998,0.1971,false
22,LALIGA EA SPORTS 2026/2027,8770,393,7,SERGI CARDONA,https://assets.paninidigitalcollections.com/assets/22/stickers/393-27927cd2444fbad441d425af71c15a9f4367cb72.png,681,VILLARREAL CF,8770,1536,54,https://assets.paninidigitalcollections.com/assets/22/pages/54-a2ff341a80c526978e825259527a5e3f4fa6e15b.jpg,0.762,0.1971,false
22,LALIGA EA SPORTS 2026/2027,8771,394,8,SANTI COMESAÑA,https://assets.paninidigitalcollections.com/assets/22/stickers/394-13deea242b8e2ba9820cf9b31196e2349dcc9064.png,681,VILLARREAL CF,8771,1537,55,https://assets.paninidigitalcollections.com/assets/22/pages/55-060dae2fa66dc70698456bc5fe0c22fff7465503.jpg,0.2375,0.6574,false
22,LALIGA EA SPORTS 2026/2027,8772,395,9,CARLOS MACIÁ,https://assets.paninidigitalcollections.com/assets/22/stickers/395-6d009d51818bdbaf75e6cdd9fb23426de93e1bb1.png,681,VILLARREAL CF,8772,1537,55,https://assets.paninidigitalcollections.com/assets/22/pages/55-060dae2fa66dc70698456bc5fe0c22fff7465503.jpg,0.4998,0.6574,false
22,LALIGA EA SPORTS 2026/2027,8773,396,10,PAPE GUEYE,https://assets.paninidigitalcollections.com/assets/22/stickers/396-34a0e6ce986ec5ce7f7a9904a3c2bae26bfaa4f2.png,681,VILLARREAL CF,8773,1537,55,https://assets.paninidigitalcollections.com/assets/22/pages/55-060dae2fa66dc70698456bc5fe0c22fff7465503.jpg,0.762,0.6574,false
22,LALIGA EA SPORTS 2026/2027,8774,397,11,ALBERTO MOLEIRO,https://assets.paninidigitalcollections.com/assets/22/stickers/397-da4578583d84385e35bd144e9062e862210cd9cd.png,681,VILLARREAL CF,8774,1537,55,https://assets.paninidigitalcollections.com/assets/22/pages/55-060dae2fa66dc70698456bc5fe0c22fff7465503.jpg,0.2375,0.4273,false
22,LALIGA EA SPORTS 2026/2027,8775,398,12,TAJON BUCHANAN,https://assets.paninidigitalcollections.com/assets/22/stickers/398-382dfa5ea3566550217c1ddda56ec0fe895f455d.png,681,VILLARREAL CF,8775,1537,55,https://assets.paninidigitalcollections.com/assets/22/pages/55-060dae2fa66dc70698456bc5fe0c22fff7465503.jpg,0.4998,0.4273,false
22,LALIGA EA SPORTS 2026/2027,8776,399,13,NICOLAS PÉPÉ,https://assets.paninidigitalcollections.com/assets/22/stickers/399-94ed28815cf7dbfdad18425a23e1be20f989f23a.png,681,VILLARREAL CF,8776,1537,55,https://assets.paninidigitalcollections.com/assets/22/pages/55-060dae2fa66dc70698456bc5fe0c22fff7465503.jpg,0.762,0.4273,false
22,LALIGA EA SPORTS 2026/2027,8777,400,14,GEORGES MIKAUTADZE,https://assets.paninidigitalcollections.com/assets/22/stickers/400-85f48b984d1e81410543eb4f64adae1cc3343dc2.png,681,VILLARREAL CF,8777,1537,55,https://assets.paninidigitalcollections.com/assets/22/pages/55-060dae2fa66dc70698456bc5fe0c22fff7465503.jpg,0.2375,0.1971,false
22,LALIGA EA SPORTS 2026/2027,8778,401,15,AYOZE PÉREZ,https://assets.paninidigitalcollections.com/assets/22/stickers/401-eff664de954c32c21e2027ebd81cc8e4300e8221.png,681,VILLARREAL CF,8778,1537,55,https://assets.paninidigitalcollections.com/assets/22/pages/55-060dae2fa66dc70698456bc5fe0c22fff7465503.jpg,0.4998,0.1971,false
22,LALIGA EA SPORTS 2026/2027,8779,402,16,GERARD MORENO,https://assets.paninidigitalcollections.com/assets/22/stickers/402-f12fb66275abe1d8c0b638e5f1d633106a57cf57.png,681,VILLARREAL CF,8779,1537,55,https://assets.paninidigitalcollections.com/assets/22/pages/55-060dae2fa66dc70698456bc5fe0c22fff7465503.jpg,0.762,0.1971,false
22,LALIGA EA SPORTS 2026/2027,8780,403,1,QUIQUE SÁNCHEZ FLORES,https://assets.paninidigitalcollections.com/assets/22/stickers/403-38f6a4e6b5e765d445d1afd1b821d84f7e9a2058.png,682,ENTRENADORES,8780,1538,56,https://assets.paninidigitalcollections.com/assets/22/pages/56-ba7013e86be479f11000dece1b28beea5315a27c.jpg,0.2375,0.616,false
22,LALIGA EA SPORTS 2026/2027,8781,404,2,EDIN TERZIC,https://assets.paninidigitalcollections.com/assets/22/stickers/404-bf7fce42a5f4f963c8b42aeca1c8a2df233922a8.png,682,ENTRENADORES,8781,1538,56,https://assets.paninidigitalcollections.com/assets/22/pages/56-ba7013e86be479f11000dece1b28beea5315a27c.jpg,0.4998,0.616,false
22,LALIGA EA SPORTS 2026/2027,8782,405,3,DIEGO PABLO SIMEONE,https://assets.paninidigitalcollections.com/assets/22/stickers/405-68f11a0ca46fc4b465851a053b16fb4c3a8e2440.png,682,ENTRENADORES,8782,1538,56,https://assets.paninidigitalcollections.com/assets/22/pages/56-ba7013e86be479f11000dece1b28beea5315a27c.jpg,0.762,0.616,false
22,LALIGA EA SPORTS 2026/2027,8783,406,4,HANSI FLICK,https://assets.paninidigitalcollections.com/assets/22/stickers/406-d70ab12f499fc98d263ad65a62700c74e575f70e.png,682,ENTRENADORES,8783,1538,56,https://assets.paninidigitalcollections.com/assets/22/pages/56-ba7013e86be479f11000dece1b28beea5315a27c.jpg,0.2375,0.3875,false
22,LALIGA EA SPORTS 2026/2027,8784,407,5,MANUEL PELLEGRINI,https://assets.paninidigitalcollections.com/assets/22/stickers/407-f4f7e924fe4ed5b42882b3a5a8482e50b1169a62.png,682,ENTRENADORES,8784,1538,56,https://assets.paninidigitalcollections.com/assets/22/pages/56-ba7013e86be479f11000dece1b28beea5315a27c.jpg,0.4998,0.3875,false
22,LALIGA EA SPORTS 2026/2027,8785,408,6,CLAUDIO GIRÁLDEZ,https://assets.paninidigitalcollections.com/assets/22/stickers/408-30e2ca93a3b0041c7a426b9bfbdf818fc4864cae.png,682,ENTRENADORES,8785,1538,56,https://assets.paninidigitalcollections.com/assets/22/pages/56-ba7013e86be479f11000dece1b28beea5315a27c.jpg,0.762,0.3875,false
22,LALIGA EA SPORTS 2026/2027,8786,409,7,ANTONIO HIDALGO,https://assets.paninidigitalcollections.com/assets/22/stickers/409-263136d26956ccb208b865d2214b36634f69fd70.png,682,ENTRENADORES,8786,1538,56,https://assets.paninidigitalcollections.com/assets/22/pages/56-ba7013e86be479f11000dece1b28beea5315a27c.jpg,0.2375,0.159,false
22,LALIGA EA SPORTS 2026/2027,8787,410,8,MARTÍN ANSELMI,https://assets.paninidigitalcollections.com/assets/22/stickers/410-4efae82e30c37d8b343475eae439741e6772863c.png,682,ENTRENADORES,8787,1538,56,https://assets.paninidigitalcollections.com/assets/22/pages/56-ba7013e86be479f11000dece1b28beea5315a27c.jpg,0.4998,0.159,false
22,LALIGA EA SPORTS 2026/2027,8788,411,9,MANOLO GONZÁLEZ,https://assets.paninidigitalcollections.com/assets/22/stickers/411-691e4dbb58fc30cca88835bf71777d2c2a9d9c4e.png,682,ENTRENADORES,8788,1538,56,https://assets.paninidigitalcollections.com/assets/22/pages/56-ba7013e86be479f11000dece1b28beea5315a27c.jpg,0.762,0.159,false
22,LALIGA EA SPORTS 2026/2027,8789,412,10,JOSÉ BORDALÁS,https://assets.paninidigitalcollections.com/assets/22/stickers/412-4dd54ba89bfdf4bdf184fea16a763399533108fe.png,682,ENTRENADORES,8789,1539,57,https://assets.paninidigitalcollections.com/assets/22/pages/57-55009e20a7d495ef266c29e6938b88b8e9dfca8f.jpg,0.4998,0.8445,false
22,LALIGA EA SPORTS 2026/2027,8790,413,11,LUÍS CASTRO,https://assets.paninidigitalcollections.com/assets/22/stickers/413-ba77860958b76fd2482da18dc7c425a1b70ab5fe.png,682,ENTRENADORES,8790,1539,57,https://assets.paninidigitalcollections.com/assets/22/pages/57-55009e20a7d495ef266c29e6938b88b8e9dfca8f.jpg,0.762,0.8445,false
22,LALIGA EA SPORTS 2026/2027,8791,414,12,JOSÉ MOURINHO,https://assets.paninidigitalcollections.com/assets/22/stickers/414-3d33b0701489485054a33a630b353f1de1b2297d.png,682,ENTRENADORES,8791,1539,57,https://assets.paninidigitalcollections.com/assets/22/pages/57-55009e20a7d495ef266c29e6938b88b8e9dfca8f.jpg,0.2375,0.616,false
22,LALIGA EA SPORTS 2026/2027,8792,415,13,JUAN FRANCISCO FUNES,https://assets.paninidigitalcollections.com/assets/22/stickers/415-7aad65a44b49f85e557bdcaee7bd365ac405a659.png,682,ENTRENADORES,8792,1539,57,https://assets.paninidigitalcollections.com/assets/22/pages/57-55009e20a7d495ef266c29e6938b88b8e9dfca8f.jpg,0.4998,0.616,false
22,LALIGA EA SPORTS 2026/2027,8793,416,14,LUIS MIGUEL RAMIS,https://assets.paninidigitalcollections.com/assets/22/stickers/416-3d96447bbc9e21f3ec0e855bbeeb956ee6643e0d.png,682,ENTRENADORES,8793,1539,57,https://assets.paninidigitalcollections.com/assets/22/pages/57-55009e20a7d495ef266c29e6938b88b8e9dfca8f.jpg,0.762,0.616,false
22,LALIGA EA SPORTS 2026/2027,8794,417,15,JOSÉ ALBERTO LÓPEZ,https://assets.paninidigitalcollections.com/assets/22/stickers/417-c98657dbc9b9708d84cb2454f14ad4252b397216.png,682,ENTRENADORES,8794,1539,57,https://assets.paninidigitalcollections.com/assets/22/pages/57-55009e20a7d495ef266c29e6938b88b8e9dfca8f.jpg,0.2375,0.3875,false
22,LALIGA EA SPORTS 2026/2027,8795,418,16,BEÑAT SAN JOSÉ,https://assets.paninidigitalcollections.com/assets/22/stickers/418-0f5a530050be4bd9bf667acd847569defbef7b87.png,682,ENTRENADORES,8795,1539,57,https://assets.paninidigitalcollections.com/assets/22/pages/57-55009e20a7d495ef266c29e6938b88b8e9dfca8f.jpg,0.4998,0.3875,false
22,LALIGA EA SPORTS 2026/2027,8796,419,17,PELLEGRINO MATARAZZO,https://assets.paninidigitalcollections.com/assets/22/stickers/419-377167903df0f7bd2e75f2abc9657a669a58475f.png,682,ENTRENADORES,8796,1539,57,https://assets.paninidigitalcollections.com/assets/22/pages/57-55009e20a7d495ef266c29e6938b88b8e9dfca8f.jpg,0.762,0.3875,false
22,LALIGA EA SPORTS 2026/2027,8797,420,18,LUIS GARCÍA PLAZA,https://assets.paninidigitalcollections.com/assets/22/stickers/420-34eb82cd6c144f2733c7e67208490db4bcf2c46b.png,682,ENTRENADORES,8797,1539,57,https://assets.paninidigitalcollections.com/assets/22/pages/57-55009e20a7d495ef266c29e6938b88b8e9dfca8f.jpg,0.2375,0.159,false
22,LALIGA EA SPORTS 2026/2027,8798,421,19,CARLOS CORBERÁN,https://assets.paninidigitalcollections.com/assets/22/stickers/421-2b20f6d6a8905898f13af70c410faae69e1a4ca6.png,682,ENTRENADORES,8798,1539,57,https://assets.paninidigitalcollections.com/assets/22/pages/57-55009e20a7d495ef266c29e6938b88b8e9dfca8f.jpg,0.4998,0.159,false
22,LALIGA EA SPORTS 2026/2027,8799,422,20,ÍÑIGO PÉREZ,https://assets.paninidigitalcollections.com/assets/22/stickers/422-75883770900f835995827139fe69becd273c870f.png,682,ENTRENADORES,8799,1539,57,https://assets.paninidigitalcollections.com/assets/22/pages/57-55009e20a7d495ef266c29e6938b88b8e9dfca8f.jpg,0.762,0.159,false
22,LALIGA EA SPORTS 2026/2027,8800,423,1,ABDE_ID,https://assets.paninidigitalcollections.com/assets/22/stickers/423-40bcca18c6abe7f4e1faf2ead129d7d743b3f6e4.png,683,IDOLOS,8800,1540,58,https://assets.paninidigitalcollections.com/assets/22/pages/58-823e3f45a1807545c31bd6e15b81a9fc4e8cd591.jpg,0.2075,0.4545,false
22,LALIGA EA SPORTS 2026/2027,8801,424,2,ANDRES MARTIN_ID,https://assets.paninidigitalcollections.com/assets/22/stickers/424-e8eab3e58d0442344e977f974e8dcda344973063.png,683,IDOLOS,8801,1540,58,https://assets.paninidigitalcollections.com/assets/22/pages/58-823e3f45a1807545c31bd6e15b81a9fc4e8cd591.jpg,0.5015,0.4545,false
22,LALIGA EA SPORTS 2026/2027,8802,425,3,ANTONY_ID,https://assets.paninidigitalcollections.com/assets/22/stickers/425-69b6dbb2f76eaa4db04c2bbc0ed56603c7c4dd08.png,683,IDOLOS,8802,1540,58,https://assets.paninidigitalcollections.com/assets/22/pages/58-823e3f45a1807545c31bd6e15b81a9fc4e8cd591.jpg,0.7943,0.4545,false
22,LALIGA EA SPORTS 2026/2027,8803,426,4,BARRIOS_ID,https://assets.paninidigitalcollections.com/assets/22/stickers/426-4090103f72a5217eb9f55b384799d75ff1adf308.png,683,IDOLOS,8803,1540,58,https://assets.paninidigitalcollections.com/assets/22/pages/58-823e3f45a1807545c31bd6e15b81a9fc4e8cd591.jpg,0.2075,0.1707,false
22,LALIGA EA SPORTS 2026/2027,8804,427,5,BELLINGHAM_ID,https://assets.paninidigitalcollections.com/assets/22/stickers/427-f70f82b3af45d1c752fec1943329d17045ed57ab.png,683,IDOLOS,8804,1540,58,https://assets.paninidigitalcollections.com/assets/22/pages/58-823e3f45a1807545c31bd6e15b81a9fc4e8cd591.jpg,0.5015,0.1707,false
22,LALIGA EA SPORTS 2026/2027,8805,428,6,BORJA IGLESIAS_ID,https://assets.paninidigitalcollections.com/assets/22/stickers/428-fb6f2da6cb4f88ec7a3cdc8d247b7830bf35a995.png,683,IDOLOS,8805,1540,58,https://assets.paninidigitalcollections.com/assets/22/pages/58-823e3f45a1807545c31bd6e15b81a9fc4e8cd591.jpg,0.7943,0.1707,false
22,LALIGA EA SPORTS 2026/2027,8806,429,7,BUDIMIR_ID,https://assets.paninidigitalcollections.com/assets/22/stickers/429-e4ce93624406ce574f87941a305e61c153474dff.png,683,IDOLOS,8806,1541,59,https://assets.paninidigitalcollections.com/assets/22/pages/59-36dc2c46a86a9338a36f206ef9d38175cf0512bc.jpg,0.2075,0.7357,false
22,LALIGA EA SPORTS 2026/2027,8807,430,8,CARLOS ALVAREZ_ID,https://assets.paninidigitalcollections.com/assets/22/stickers/430-5f480c50057f35683dcde50e014374d05512dab6.png,683,IDOLOS,8807,1541,59,https://assets.paninidigitalcollections.com/assets/22/pages/59-36dc2c46a86a9338a36f206ef9d38175cf0512bc.jpg,0.5015,0.7357,false
22,LALIGA EA SPORTS 2026/2027,8808,431,9,CHUPE_ID,https://assets.paninidigitalcollections.com/assets/22/stickers/431-8d437592cd7e2dbf17909d8892643b43b11137b6.png,683,IDOLOS,8808,1541,59,https://assets.paninidigitalcollections.com/assets/22/pages/59-36dc2c46a86a9338a36f206ef9d38175cf0512bc.jpg,0.7943,0.7357,false
22,LALIGA EA SPORTS 2026/2027,8809,432,10,DE FRUTOS_ID,https://assets.paninidigitalcollections.com/assets/22/stickers/432-9a89921b583946cd92780f2ab3ec326a50a0ad6e.png,683,IDOLOS,8809,1541,59,https://assets.paninidigitalcollections.com/assets/22/pages/59-36dc2c46a86a9338a36f206ef9d38175cf0512bc.jpg,0.2075,0.4545,false
22,LALIGA EA SPORTS 2026/2027,8810,433,11,FEDE VALVERDE_ID,https://assets.paninidigitalcollections.com/assets/22/stickers/433-86c945fc2e71ef96fe3c97b5afdbaae812790e70.png,683,IDOLOS,8810,1541,59,https://assets.paninidigitalcollections.com/assets/22/pages/59-36dc2c46a86a9338a36f206ef9d38175cf0512bc.jpg,0.5015,0.4545,false
22,LALIGA EA SPORTS 2026/2027,8811,434,12,FERRAN TORRES_ID,https://assets.paninidigitalcollections.com/assets/22/stickers/434-c2e953da4ab9b2f1982cccd52d030616fb5da6f2.png,683,IDOLOS,8811,1541,59,https://assets.paninidigitalcollections.com/assets/22/pages/59-36dc2c46a86a9338a36f206ef9d38175cf0512bc.jpg,0.7943,0.4545,false
22,LALIGA EA SPORTS 2026/2027,8812,435,13,GERARD MORENO_ID,https://assets.paninidigitalcollections.com/assets/22/stickers/435-3f6cf9508138754e9a3b05e22df71462d4b82cd7.png,683,IDOLOS,8812,1541,59,https://assets.paninidigitalcollections.com/assets/22/pages/59-36dc2c46a86a9338a36f206ef9d38175cf0512bc.jpg,0.2075,0.1707,false
22,LALIGA EA SPORTS 2026/2027,8813,436,14,GERMAN VALERA_ID,https://assets.paninidigitalcollections.com/assets/22/stickers/436-4c66a5ed595cc48c403c98beee711727b49b11b3.png,683,IDOLOS,8813,1541,59,https://assets.paninidigitalcollections.com/assets/22/pages/59-36dc2c46a86a9338a36f206ef9d38175cf0512bc.jpg,0.5015,0.1707,false
22,LALIGA EA SPORTS 2026/2027,8814,437,15,HUGO DURO_ID,https://assets.paninidigitalcollections.com/assets/22/stickers/437-2093d73a450928c70484814d16de76cb40caa0fd.png,683,IDOLOS,8814,1541,59,https://assets.paninidigitalcollections.com/assets/22/pages/59-36dc2c46a86a9338a36f206ef9d38175cf0512bc.jpg,0.7943,0.1707,false
22,LALIGA EA SPORTS 2026/2027,8815,438,16,IAGO ASPAS_ID,https://assets.paninidigitalcollections.com/assets/22/stickers/438-54f2a67081f70974a4d50527d01eb4be163966ec.png,683,IDOLOS,8815,1542,60,https://assets.paninidigitalcollections.com/assets/22/pages/60-f17b99a5aab7e2d84f9a6103aa0b96b56bca758d.jpg,0.2075,0.7357,false
22,LALIGA EA SPORTS 2026/2027,8816,439,17,ISAAC ROMERO_ID,https://assets.paninidigitalcollections.com/assets/22/stickers/439-603265e674f34ea3af0e05caa954ef3bb83a6df9.png,683,IDOLOS,8816,1542,60,https://assets.paninidigitalcollections.com/assets/22/pages/60-f17b99a5aab7e2d84f9a6103aa0b96b56bca758d.jpg,0.5015,0.7357,false
22,LALIGA EA SPORTS 2026/2027,8817,440,18,KOKE_ID,https://assets.paninidigitalcollections.com/assets/22/stickers/440-ef29cc90db55956ef0a4b5525476d5f3bba6f544.png,683,IDOLOS,8817,1542,60,https://assets.paninidigitalcollections.com/assets/22/pages/60-f17b99a5aab7e2d84f9a6103aa0b96b56bca758d.jpg,0.7943,0.7357,false
22,LALIGA EA SPORTS 2026/2027,8818,441,19,KUBO_ID,https://assets.paninidigitalcollections.com/assets/22/stickers/441-7b2d5ebc361d518e0ac5aa38fd68830b6ffb9370.png,683,IDOLOS,8818,1542,60,https://assets.paninidigitalcollections.com/assets/22/pages/60-f17b99a5aab7e2d84f9a6103aa0b96b56bca758d.jpg,0.2075,0.4545,false
22,LALIGA EA SPORTS 2026/2027,8819,442,20,LAMINE YAMAL_ID,https://assets.paninidigitalcollections.com/assets/22/stickers/442-75e062595735ccc8c0f98916afe047ba93552729.png,683,IDOLOS,8819,1542,60,https://assets.paninidigitalcollections.com/assets/22/pages/60-f17b99a5aab7e2d84f9a6103aa0b96b56bca758d.jpg,0.5015,0.4545,false
22,LALIGA EA SPORTS 2026/2027,8820,443,21,MBAPPE_ID,https://assets.paninidigitalcollections.com/assets/22/stickers/443-ee84faf89523568aae0f8db17477b8b0626270c9.png,683,IDOLOS,8820,1542,60,https://assets.paninidigitalcollections.com/assets/22/pages/60-f17b99a5aab7e2d84f9a6103aa0b96b56bca758d.jpg,0.7943,0.4545,false
22,LALIGA EA SPORTS 2026/2027,8821,444,22,MOLEIRO_ID,https://assets.paninidigitalcollections.com/assets/22/stickers/444-c695806e9e8292d0f816ee408cd7bbafb01e0e40.png,683,IDOLOS,8821,1542,60,https://assets.paninidigitalcollections.com/assets/22/pages/60-f17b99a5aab7e2d84f9a6103aa0b96b56bca758d.jpg,0.2075,0.1707,false
22,LALIGA EA SPORTS 2026/2027,8822,445,23,NICO WILLIAMS_ID,https://assets.paninidigitalcollections.com/assets/22/stickers/445-273b7990e326aeb3b17cae7aa7377ca7a29724bf.png,683,IDOLOS,8822,1542,60,https://assets.paninidigitalcollections.com/assets/22/pages/60-f17b99a5aab7e2d84f9a6103aa0b96b56bca758d.jpg,0.5015,0.1707,false
22,LALIGA EA SPORTS 2026/2027,8823,446,24,OBLAK_ID,https://assets.paninidigitalcollections.com/assets/22/stickers/446-67ecffb0fa919091c92565a0671a33fb06fe7fef.png,683,IDOLOS,8823,1542,60,https://assets.paninidigitalcollections.com/assets/22/pages/60-f17b99a5aab7e2d84f9a6103aa0b96b56bca758d.jpg,0.7943,0.1707,false
22,LALIGA EA SPORTS 2026/2027,8824,447,25,OYARZABAL_ID,https://assets.paninidigitalcollections.com/assets/22/stickers/447-bd162b1c1484be241819a60e2dbbe7099ac3d86f.png,683,IDOLOS,8824,1543,61,https://assets.paninidigitalcollections.com/assets/22/pages/61-36dc2c46a86a9338a36f206ef9d38175cf0512bc.jpg,0.2075,0.7357,false
22,LALIGA EA SPORTS 2026/2027,8825,448,26,PEDRI_ID,https://assets.paninidigitalcollections.com/assets/22/stickers/448-21a9c77fc06af1d523fce567b29b92798782ec3c.png,683,IDOLOS,8825,1543,61,https://assets.paninidigitalcollections.com/assets/22/pages/61-36dc2c46a86a9338a36f206ef9d38175cf0512bc.jpg,0.5015,0.7357,false
22,LALIGA EA SPORTS 2026/2027,8826,449,27,PUADO_ID,https://assets.paninidigitalcollections.com/assets/22/stickers/449-1faa884b27aef7eb0c940296be47079915607842.png,683,IDOLOS,8826,1543,61,https://assets.paninidigitalcollections.com/assets/22/pages/61-36dc2c46a86a9338a36f206ef9d38175cf0512bc.jpg,0.7943,0.7357,false
22,LALIGA EA SPORTS 2026/2027,8827,450,28,RAPHINHA_ID,https://assets.paninidigitalcollections.com/assets/22/stickers/450-55062e853e6ccea6ea0f2b0f6394e9718cf16a6f.png,683,IDOLOS,8827,1543,61,https://assets.paninidigitalcollections.com/assets/22/pages/61-36dc2c46a86a9338a36f206ef9d38175cf0512bc.jpg,0.2075,0.4545,false
22,LALIGA EA SPORTS 2026/2027,8828,451,29,SATRIANO_ID,https://assets.paninidigitalcollections.com/assets/22/stickers/451-386cdd214ae384643cbe60d9cc1467b82b8a3c3a.png,683,IDOLOS,8828,1543,61,https://assets.paninidigitalcollections.com/assets/22/pages/61-36dc2c46a86a9338a36f206ef9d38175cf0512bc.jpg,0.5015,0.4545,false
22,LALIGA EA SPORTS 2026/2027,8829,452,30,TONI MARTINEZ_ID,https://assets.paninidigitalcollections.com/assets/22/stickers/452-e0732d2b9ec8793a8045b994b7b95ab75792cc77.png,683,IDOLOS,8829,1543,61,https://assets.paninidigitalcollections.com/assets/22/pages/61-36dc2c46a86a9338a36f206ef9d38175cf0512bc.jpg,0.7943,0.4545,false
22,LALIGA EA SPORTS 2026/2027,8830,453,31,UNAI SIMON_ID,https://assets.paninidigitalcollections.com/assets/22/stickers/453-d93ba4d8c51ab8c4a7944922d34d7b57e649e9bd.png,683,IDOLOS,8830,1543,61,https://assets.paninidigitalcollections.com/assets/22/pages/61-36dc2c46a86a9338a36f206ef9d38175cf0512bc.jpg,0.2075,0.1707,false
22,LALIGA EA SPORTS 2026/2027,8831,454,32,VINICIUS_ID,https://assets.paninidigitalcollections.com/assets/22/stickers/454-da92f15009675ff76ee9f9dc3ce0685f40e36f2a.png,683,IDOLOS,8831,1543,61,https://assets.paninidigitalcollections.com/assets/22/pages/61-36dc2c46a86a9338a36f206ef9d38175cf0512bc.jpg,0.5015,0.1707,false
22,LALIGA EA SPORTS 2026/2027,8832,455,33,YEREMAY_ID,https://assets.paninidigitalcollections.com/assets/22/stickers/455-a805560482c84b59a2a3d3d2886d619caa95499f.png,683,IDOLOS,8832,1543,61,https://assets.paninidigitalcollections.com/assets/22/pages/61-36dc2c46a86a9338a36f206ef9d38175cf0512bc.jpg,0.7943,0.1707,false
22,LALIGA EA SPORTS 2026/2027,8833,456,1,ALBACETE,https://assets.paninidigitalcollections.com/assets/22/stickers/456-9886a2b54e04ab11c99703fe202377dc883ea6b8.png,684,LIGA HYPERMOTION,8833,1546,64,https://assets.paninidigitalcollections.com/assets/22/pages/64-c594198903723b4cebe90fa7806720a389c6a9b3.jpg,0.762,0.8445,false
22,LALIGA EA SPORTS 2026/2027,8834,457,2,ALMERÍA,https://assets.paninidigitalcollections.com/assets/22/stickers/457-95bafea4f819b797d8aecb65a46be2bbaf207bfc.png,684,LIGA HYPERMOTION,8834,1546,64,https://assets.paninidigitalcollections.com/assets/22/pages/64-c594198903723b4cebe90fa7806720a389c6a9b3.jpg,0.2375,0.616,false
22,LALIGA EA SPORTS 2026/2027,8835,458,3,ANDORRA,https://assets.paninidigitalcollections.com/assets/22/stickers/458-a589ca233b17dfe8699d84d988971e8ce7172962.png,684,LIGA HYPERMOTION,8835,1546,64,https://assets.paninidigitalcollections.com/assets/22/pages/64-c594198903723b4cebe90fa7806720a389c6a9b3.jpg,0.4998,0.616,false
22,LALIGA EA SPORTS 2026/2027,8836,459,4,BURGOS,https://assets.paninidigitalcollections.com/assets/22/stickers/459-3a4a6735c58c50ef9a6e23bdac3927e4f8d78cd8.png,684,LIGA HYPERMOTION,8836,1546,64,https://assets.paninidigitalcollections.com/assets/22/pages/64-c594198903723b4cebe90fa7806720a389c6a9b3.jpg,0.762,0.616,false
22,LALIGA EA SPORTS 2026/2027,8837,460,5,CÁDIZ,https://assets.paninidigitalcollections.com/assets/22/stickers/460-36ecfc44c45e18de2dcd62bd47d01b153d9ea709.png,684,LIGA HYPERMOTION,8837,1546,64,https://assets.paninidigitalcollections.com/assets/22/pages/64-c594198903723b4cebe90fa7806720a389c6a9b3.jpg,0.2375,0.3875,false
22,LALIGA EA SPORTS 2026/2027,8838,461,6,CASTELLÓN,https://assets.paninidigitalcollections.com/assets/22/stickers/461-603fe97e8f7213d17d61f7a37353fc1d7f781a9f.png,684,LIGA HYPERMOTION,8838,1546,64,https://assets.paninidigitalcollections.com/assets/22/pages/64-c594198903723b4cebe90fa7806720a389c6a9b3.jpg,0.4998,0.3875,false
22,LALIGA EA SPORTS 2026/2027,8839,462,7,CELTA FORTUNA,https://assets.paninidigitalcollections.com/assets/22/stickers/462-90eda0c4335cafd872546b24b53027c51b4b57e6.png,684,LIGA HYPERMOTION,8839,1546,64,https://assets.paninidigitalcollections.com/assets/22/pages/64-c594198903723b4cebe90fa7806720a389c6a9b3.jpg,0.762,0.3875,false
22,LALIGA EA SPORTS 2026/2027,8840,463,8,CEUTA,https://assets.paninidigitalcollections.com/assets/22/stickers/463-4d091c47a5747415b4ebf818b13e1c972e5646e7.png,684,LIGA HYPERMOTION,8840,1546,64,https://assets.paninidigitalcollections.com/assets/22/pages/64-c594198903723b4cebe90fa7806720a389c6a9b3.jpg,0.2375,0.159,false
22,LALIGA EA SPORTS 2026/2027,8841,464,9,CÓRDOBA,https://assets.paninidigitalcollections.com/assets/22/stickers/464-f2acbc0926c38fb3d25caa3887f735e084ec47fb.png,684,LIGA HYPERMOTION,8841,1546,64,https://assets.paninidigitalcollections.com/assets/22/pages/64-c594198903723b4cebe90fa7806720a389c6a9b3.jpg,0.4998,0.159,false
22,LALIGA EA SPORTS 2026/2027,8842,465,10,EIBAR,https://assets.paninidigitalcollections.com/assets/22/stickers/465-53055236f6569ee98c4f9a2d4ab5e163cb679d67.png,684,LIGA HYPERMOTION,8842,1546,64,https://assets.paninidigitalcollections.com/assets/22/pages/64-c594198903723b4cebe90fa7806720a389c6a9b3.jpg,0.762,0.159,false
22,LALIGA EA SPORTS 2026/2027,8843,466,11,ELDENSE,https://assets.paninidigitalcollections.com/assets/22/stickers/466-7204bc5eb54ba7734052c60c89fcc3a399454bc8.png,684,LIGA HYPERMOTION,8843,1547,65,https://assets.paninidigitalcollections.com/assets/22/pages/65-8f884e3fc8ce898709b320dff0f36d9fa99f6a4c.jpg,0.2375,0.8445,false
22,LALIGA EA SPORTS 2026/2027,8844,467,12,GIRONA,https://assets.paninidigitalcollections.com/assets/22/stickers/467-b1237a6c43fcb1003203b91bb2a95ef4583fae69.png,684,LIGA HYPERMOTION,8844,1547,65,https://assets.paninidigitalcollections.com/assets/22/pages/65-8f884e3fc8ce898709b320dff0f36d9fa99f6a4c.jpg,0.4998,0.8445,false
22,LALIGA EA SPORTS 2026/2027,8845,468,13,GRANADA,https://assets.paninidigitalcollections.com/assets/22/stickers/468-bfdc29e5b0ddc0dbf849ec47ba4d1fe29d9d709f.png,684,LIGA HYPERMOTION,8845,1547,65,https://assets.paninidigitalcollections.com/assets/22/pages/65-8f884e3fc8ce898709b320dff0f36d9fa99f6a4c.jpg,0.762,0.8445,false
22,LALIGA EA SPORTS 2026/2027,8846,469,14,LAS PALMAS,https://assets.paninidigitalcollections.com/assets/22/stickers/469-9e74be709fea3242d45e1eaf36bfddfc74a99625.png,684,LIGA HYPERMOTION,8846,1547,65,https://assets.paninidigitalcollections.com/assets/22/pages/65-8f884e3fc8ce898709b320dff0f36d9fa99f6a4c.jpg,0.2375,0.616,false
22,LALIGA EA SPORTS 2026/2027,8847,470,15,LEGANÉS,https://assets.paninidigitalcollections.com/assets/22/stickers/470-76df59a44e599c76d9458bc070d0f0697cb1346d.png,684,LIGA HYPERMOTION,8847,1547,65,https://assets.paninidigitalcollections.com/assets/22/pages/65-8f884e3fc8ce898709b320dff0f36d9fa99f6a4c.jpg,0.4998,0.616,false
22,LALIGA EA SPORTS 2026/2027,8848,471,16,MALLORCA,https://assets.paninidigitalcollections.com/assets/22/stickers/471-2909ec84fc96f8754431646c1720159c13651b30.png,684,LIGA HYPERMOTION,8848,1547,65,https://assets.paninidigitalcollections.com/assets/22/pages/65-8f884e3fc8ce898709b320dff0f36d9fa99f6a4c.jpg,0.762,0.616,false
22,LALIGA EA SPORTS 2026/2027,8849,472,17,OVIEDO,https://assets.paninidigitalcollections.com/assets/22/stickers/472-32e792714dea5affed3cfa5459f3898d259d0bad.png,684,LIGA HYPERMOTION,8849,1547,65,https://assets.paninidigitalcollections.com/assets/22/pages/65-8f884e3fc8ce898709b320dff0f36d9fa99f6a4c.jpg,0.2375,0.3875,false
22,LALIGA EA SPORTS 2026/2027,8850,473,18,REAL SOCIEDAD B,https://assets.paninidigitalcollections.com/assets/22/stickers/473-8374b12b84130b6d9f53a20634d16335c30582a7.png,684,LIGA HYPERMOTION,8850,1547,65,https://assets.paninidigitalcollections.com/assets/22/pages/65-8f884e3fc8ce898709b320dff0f36d9fa99f6a4c.jpg,0.4998,0.3875,false
22,LALIGA EA SPORTS 2026/2027,8851,474,19,SABADELL,https://assets.paninidigitalcollections.com/assets/22/stickers/474-e0648310b7dfa6c23d7caf4b77d0e955769d34f1.png,684,LIGA HYPERMOTION,8851,1547,65,https://assets.paninidigitalcollections.com/assets/22/pages/65-8f884e3fc8ce898709b320dff0f36d9fa99f6a4c.jpg,0.762,0.3875,false
22,LALIGA EA SPORTS 2026/2027,8852,475,20,SPORTING GIJÓN,https://assets.paninidigitalcollections.com/assets/22/stickers/475-962a7947e6cf2c17de6bab6528f1ac1f1d272d33.png,684,LIGA HYPERMOTION,8852,1547,65,https://assets.paninidigitalcollections.com/assets/22/pages/65-8f884e3fc8ce898709b320dff0f36d9fa99f6a4c.jpg,0.2375,0.159,false
22,LALIGA EA SPORTS 2026/2027,8853,476,21,TENERIFE,https://assets.paninidigitalcollections.com/assets/22/stickers/476-bdc6ce60208b0d978298e5f147a0d64b4d8ffb46.png,684,LIGA HYPERMOTION,8853,1547,65,https://assets.paninidigitalcollections.com/assets/22/pages/65-8f884e3fc8ce898709b320dff0f36d9fa99f6a4c.jpg,0.4998,0.159,false
22,LALIGA EA SPORTS 2026/2027,8854,477,22,VALLADOLID,https://assets.paninidigitalcollections.com/assets/22/stickers/477-8f97305614329c8c0ee64af846666fb3395d5fbb.png,684,LIGA HYPERMOTION,8854,1547,65,https://assets.paninidigitalcollections.com/assets/22/pages/65-8f884e3fc8ce898709b320dff0f36d9fa99f6a4c.jpg,0.762,0.159,false
