clave,squad_id,team_slug,seccion_album,equipo,dorsal,posicion,posicion_slug,rol,rol_slug,nombre,apodo,nombre_pila,apellidos,fecha_nacimiento,lugar_nacimiento,pais,altura_cm,peso_kg,internacional,activo,cedido,cedido_fuera,foto_url,foto_grande_url,foto_cuadrada_url,person_id,opta_id,temporada
d-alaves-84216,84216,d-alaves,DEPORTIVO ALAVÉS,Deportivo Alavés,,Entrenador,entrenador,Entrenador,entrenador,Enrique Sánchez Flores,Sanchez Flores,Enrique,Sánchez Flores,1965-02-02,,ES,,,false,true,false,false,https://assets.laliga.com/assets/useful/default-player/512x556/manager_001.png,https://assets.laliga.com/assets/useful/default-player/1024x1113/manager_001.png,https://assets.laliga.com/assets/useful/default-player/512x512/manager_002.jpeg,1724,man261,2026
d-alaves-84179,84179,d-alaves,DEPORTIVO ALAVÉS,Deportivo Alavés,1,Portero,portero,Jugador,jugador,Antonio Sivera,Sivera,Antonio,Sivera,1996-08-11,Jávea,ES,184,75,false,true,false,false,https://assets.laliga.com/squad/2026/t173/p176245/512x556/p176245_t173_2026_0_001_000.png,https://assets.laliga.com/squad/2026/t173/p176245/1024x1113/p176245_t173_2026_0_001_000.png,https://assets.laliga.com/squad/2026/t173/p176245/512x512/p176245_t173_2026_0_002_000.jpg,1290,p176245,2026
d-alaves-84181,84181,d-alaves,DEPORTIVO ALAVÉS,Deportivo Alavés,13,Portero,portero,Jugador,jugador,Adrián Rodríguez,A. Rodriguez,Adrián,Rodríguez,2000-12-12,Palma de Mallorca,AR,195,82,false,true,false,false,https://assets.laliga.com/assets/useful/default-player/512x556/male_1_001.png,https://assets.laliga.com/assets/useful/default-player/1024x1113/male_1_001.png,https://assets.laliga.com/assets/useful/default-player/512x512/male_1_002.jpeg,12600,p466131,2026
d-alaves-84182,84182,d-alaves,DEPORTIVO ALAVÉS,Deportivo Alavés,31,Portero,portero,Jugador,jugador,Grégoire Swiderski,Swiderski,Grégoire,Swiderski,2005-10-05,,CA,187,72,false,true,false,false,https://assets.laliga.com/squad/2026/t173/p573143/512x556/p573143_t173_2026_0_001_000.png,https://assets.laliga.com/squad/2026/t173/p573143/1024x1113/p573143_t173_2026_0_001_000.png,https://assets.laliga.com/squad/2026/t173/p573143/512x512/p573143_t173_2026_0_002_000.jpg,39982,p573143,2026
d-alaves-86395,86395,d-alaves,DEPORTIVO ALAVÉS,Deportivo Alavés,2,Defensa,defensa,Jugador,jugador,Nicolás Valentini,Valentini,Nicolás,Valentini,2001-04-06,Junín,AR,184,79,false,true,false,false,https://assets.laliga.com/squad/2026/t173/default/512x556/default_t173_2026_0_001_000.png,https://assets.laliga.com/squad/2026/t173/default/1024x1113/default_t173_2026_0_001_000.png,https://assets.laliga.com/squad/2026/t173/default/512x512/default_t173_2026_0_002_000.jpg,39841,p536665,2026
d-alaves-84186,84186,d-alaves,DEPORTIVO ALAVÉS,Deportivo Alavés,3,Defensa,defensa,Jugador,jugador,Youssef Enriquez,Youssef,Youssef,Enriquez,2005-10-07,Madrid,MA,175,68,false,true,false,false,https://assets.laliga.com/squad/2026/t173/p554656/512x556/p554656_t173_2026_0_001_000.png,https://assets.laliga.com/squad/2026/t173/p554656/1024x1113/p554656_t173_2026_0_001_000.png,https://assets.laliga.com/squad/2026/t173/p554656/512x512/p554656_t173_2026_0_002_000.jpg,39685,p554656,2026
d-alaves-84185,84185,d-alaves,DEPORTIVO ALAVÉS,Deportivo Alavés,5,Defensa,defensa,Jugador,jugador,Facundo Garcés,F. Garcés,Facundo,Garcés,1999-09-05,Santa Fé,MY,191,82,false,true,false,false,https://assets.laliga.com/squad/2026/t173/p422507/512x556/p422507_t173_2026_0_001_000.png,https://assets.laliga.com/squad/2026/t173/p422507/1024x1113/p422507_t173_2026_0_001_000.png,https://assets.laliga.com/squad/2026/t173/p422507/512x512/p422507_t173_2026_0_002_000.jpg,39842,p422507,2026
d-alaves-84187,84187,d-alaves,DEPORTIVO ALAVÉS,Deportivo Alavés,7,Defensa,defensa,Jugador,jugador,Ángel Pérez,Ángel P.,Ángel,Pérez,2002-06-08,,ES,183,,false,true,false,false,https://assets.laliga.com/squad/2026/t173/p633295/512x556/p633295_t173_2026_0_001_000.png,https://assets.laliga.com/squad/2026/t173/p633295/1024x1113/p633295_t173_2026_0_001_000.png,https://assets.laliga.com/squad/2026/t173/p633295/512x512/p633295_t173_2026_0_002_000.jpg,34740,p633295,2026
d-alaves-84209,84209,d-alaves,DEPORTIVO ALAVÉS,Deportivo Alavés,12,Defensa,defensa,Jugador,jugador,Hugo Novoa,Novoa,Hugo,Novoa,2003-01-24,Bertamiráns,ES,182,69,false,true,false,false,https://assets.laliga.com/squad/2026/t173/default/512x556/default_t173_2026_0_001_000.png,https://assets.laliga.com/squad/2026/t173/default/1024x1113/default_t173_2026_0_001_000.png,https://assets.laliga.com/squad/2026/t173/default/512x512/default_t173_2026_0_002_000.jpg,14762,p493055,2026
d-alaves-84189,84189,d-alaves,DEPORTIVO ALAVÉS,Deportivo Alavés,14,Defensa,defensa,Jugador,jugador,Nahuel Tenaglia,N. Tenaglia,Nahuel,Tenaglia,1996-02-21,Saladillo,AR,180,73,false,true,false,false,https://assets.laliga.com/squad/2026/t173/p432855/512x556/p432855_t173_2026_0_001_000.png,https://assets.laliga.com/squad/2026/t173/p432855/1024x1113/p432855_t173_2026_0_001_000.png,https://assets.laliga.com/squad/2026/t173/p432855/512x512/p432855_t173_2026_0_002_000.jpg,25476,p432855,2026
d-alaves-84184,84184,d-alaves,DEPORTIVO ALAVÉS,Deportivo Alavés,16,Defensa,defensa,Jugador,jugador,Ville Koski,Koski,Ville,Koski,2002-01-27,,FI,185,,false,true,false,false,https://assets.laliga.com/squad/2026/t173/p519810/512x556/p519810_t173_2026_0_001_000.png,https://assets.laliga.com/squad/2026/t173/p519810/1024x1113/p519810_t173_2026_0_001_000.png,https://assets.laliga.com/squad/2026/t173/p519810/512x512/p519810_t173_2026_0_002_000.jpg,20161,p519810,2026
d-alaves-84190,84190,d-alaves,DEPORTIVO ALAVÉS,Deportivo Alavés,17,Defensa,defensa,Jugador,jugador,Jonny Otto,J. Otto,Jonny,Otto,1994-03-03,Vigo,ES,175,70,false,true,false,false,https://assets.laliga.com/squad/2026/t173/p114128/512x556/p114128_t173_2026_0_001_000.png,https://assets.laliga.com/squad/2026/t173/p114128/1024x1113/p114128_t173_2026_0_001_000.png,https://assets.laliga.com/squad/2026/t173/p114128/512x512/p114128_t173_2026_0_002_000.jpg,594,p114128,2026
d-alaves-85802,85802,d-alaves,DEPORTIVO ALAVÉS,Deportivo Alavés,18,Defensa,defensa,Jugador,jugador,Mikel Rodríguez,Mikel R.,Mikel,Rodríguez,2002-04-03,,ES,175,65,false,true,false,false,https://assets.laliga.com/squad/2026/t173/default/512x556/default_t173_2026_0_001_000.png,https://assets.laliga.com/squad/2026/t173/default/1024x1113/default_t173_2026_0_001_000.png,https://assets.laliga.com/squad/2026/t173/default/512x512/default_t173_2026_0_002_000.jpg,39527,p631521,2026
d-alaves-84195,84195,d-alaves,DEPORTIVO ALAVÉS,Deportivo Alavés,27,Defensa,defensa,Jugador,jugador,Xanet Oláiz,Xanet Olaiz,Xanet,Oláiz,2005-06-18,Astigarraga,ES,183,,false,true,false,false,https://assets.laliga.com/squad/2026/t173/p554646/512x556/p554646_t173_2026_0_001_000.png,https://assets.laliga.com/squad/2026/t173/p554646/1024x1113/p554646_t173_2026_0_001_000.png,https://assets.laliga.com/squad/2026/t173/p554646/512x512/p554646_t173_2026_0_002_000.jpg,44473,p554646,2026
d-alaves-84199,84199,d-alaves,DEPORTIVO ALAVÉS,Deportivo Alavés,4,Centrocampista,centrocampista,Jugador,jugador,Denis Suárez,Denis Suárez,Denis,Suárez,1994-01-06,Salceda de Caselas,ES,176,69,true,true,false,false,https://assets.laliga.com/squad/2026/t173/p89572/512x556/p89572_t173_2026_0_001_000.png,https://assets.laliga.com/squad/2026/t173/p89572/1024x1113/p89572_t173_2026_0_001_000.png,https://assets.laliga.com/squad/2026/t173/p89572/512x512/p89572_t173_2026_0_002_000.jpg,530,p89572,2026
d-alaves-84200,84200,d-alaves,DEPORTIVO ALAVÉS,Deportivo Alavés,6,Centrocampista,centrocampista,Jugador,jugador,Ander Guevara,Guevara,Ander,Guevara,1997-07-07,Vitoria,ES,180,73,false,true,false,false,https://assets.laliga.com/squad/2026/t173/p431644/512x556/p431644_t173_2026_0_001_000.png,https://assets.laliga.com/squad/2026/t173/p431644/1024x1113/p431644_t173_2026_0_001_000.png,https://assets.laliga.com/squad/2026/t173/p431644/512x512/p431644_t173_2026_0_002_000.jpg,6270,p431644,2026
d-alaves-84201,84201,d-alaves,DEPORTIVO ALAVÉS,Deportivo Alavés,8,Centrocampista,centrocampista,Jugador,jugador,Antonio Blanco,Blanco,Antonio,Blanco,2000-07-23,Montalbán,ES,176,70,false,true,false,false,https://assets.laliga.com/squad/2026/t173/p437465/512x556/p437465_t173_2026_0_001_000.png,https://assets.laliga.com/squad/2026/t173/p437465/1024x1113/p437465_t173_2026_0_001_000.png,https://assets.laliga.com/squad/2026/t173/p437465/512x512/p437465_t173_2026_0_002_000.jpg,17025,p437465,2026
d-alaves-84202,84202,d-alaves,DEPORTIVO ALAVÉS,Deportivo Alavés,10,Centrocampista,centrocampista,Jugador,jugador,Carles Aleñá,C. Aleñá,Carles,Aleñá,1998-01-05,Mataró,ES,180,70,false,true,false,false,https://assets.laliga.com/squad/2026/t173/p179271/512x556/p179271_t173_2026_0_001_000.png,https://assets.laliga.com/squad/2026/t173/p179271/1024x1113/p179271_t173_2026_0_001_000.png,https://assets.laliga.com/squad/2026/t173/p179271/512x512/p179271_t173_2026_0_002_000.jpg,4319,p179271,2026
d-alaves-84203,84203,d-alaves,DEPORTIVO ALAVÉS,Deportivo Alavés,19,Centrocampista,centrocampista,Jugador,jugador,Pablo Ibáñez,Ibáñez,Pablo,Ibáñez,1998-09-20,Pamplona,ES,179,74,false,true,false,false,https://assets.laliga.com/squad/2026/t173/p522856/512x556/p522856_t173_2026_0_001_000.png,https://assets.laliga.com/squad/2026/t173/p522856/1024x1113/p522856_t173_2026_0_001_000.png,https://assets.laliga.com/squad/2026/t173/p522856/512x512/p522856_t173_2026_0_002_000.jpg,16650,p522856,2026
d-alaves-84210,84210,d-alaves,DEPORTIVO ALAVÉS,Deportivo Alavés,21,Centrocampista,centrocampista,Jugador,jugador,Abde Rebbach,A. Rebbach,Abde,Rebbach,1998-08-11,Bilda,DZ,176,68,false,true,false,false,https://assets.laliga.com/squad/2026/t173/p586866/512x556/p586866_t173_2026_0_001_000.png,https://assets.laliga.com/squad/2026/t173/p586866/1024x1113/p586866_t173_2026_0_001_000.png,https://assets.laliga.com/squad/2026/t173/p586866/512x512/p586866_t173_2026_0_002_000.jpg,27754,p586866,2026
d-alaves-84204,84204,d-alaves,DEPORTIVO ALAVÉS,Deportivo Alavés,23,Centrocampista,centrocampista,Jugador,jugador,Carlos Protesoni,C. Protesoni,Carlos,Protesoni,1998-03-30,,UY,185,76,false,true,false,false,https://assets.laliga.com/squad/2026/t173/p244707/512x556/p244707_t173_2026_0_001_000.png,https://assets.laliga.com/squad/2026/t173/p244707/1024x1113/p244707_t173_2026_0_001_000.png,https://assets.laliga.com/squad/2026/t173/p244707/512x512/p244707_t173_2026_0_002_000.jpg,27242,p244707,2026
d-alaves-84198,84198,d-alaves,DEPORTIVO ALAVÉS,Deportivo Alavés,24,Centrocampista,centrocampista,Jugador,jugador,Selu Diallo,Selu Diallo,Selu,Diallo,2003-10-01,,GN,187,,false,true,false,false,https://assets.laliga.com/squad/2026/t173/default/512x556/default_t173_2026_0_001_000.png,https://assets.laliga.com/squad/2026/t173/default/1024x1113/default_t173_2026_0_001_000.png,https://assets.laliga.com/squad/2026/t173/default/512x512/default_t173_2026_0_002_000.jpg,33382,p611627,2026
d-alaves-84206,84206,d-alaves,DEPORTIVO ALAVÉS,Deportivo Alavés,9,Delantero,delantero,Jugador,jugador,Mariano Díaz,Mariano,Mariano,Díaz,1993-08-01,Barcelona,DO,180,76,false,true,false,false,https://assets.laliga.com/squad/2026/t173/p178347/512x556/p178347_t173_2026_0_001_000.png,https://assets.laliga.com/squad/2026/t173/p178347/1024x1113/p178347_t173_2026_0_001_000.png,https://assets.laliga.com/squad/2026/t173/p178347/512x512/p178347_t173_2026_0_002_000.jpg,1190,p178347,2026
d-alaves-84207,84207,d-alaves,DEPORTIVO ALAVÉS,Deportivo Alavés,11,Delantero,delantero,Jugador,jugador,Toni Martínez,T. Martínez,Toni,Martínez,1997-06-30,Murcia,ES,187,83,false,true,false,false,https://assets.laliga.com/squad/2026/t173/p178867/512x556/p178867_t173_2026_0_001_000.png,https://assets.laliga.com/squad/2026/t173/p178867/1024x1113/p178867_t173_2026_0_001_000.png,https://assets.laliga.com/squad/2026/t173/p178867/512x512/p178867_t173_2026_0_002_000.jpg,7480,p178867,2026
d-alaves-84208,84208,d-alaves,DEPORTIVO ALAVÉS,Deportivo Alavés,15,Delantero,delantero,Jugador,jugador,Lucas Boyé,Lucas Boyé,Lucas,Boyé,1996-02-28,San Gregorio,AR,179,81,false,true,false,false,https://assets.laliga.com/squad/2026/t173/p193774/512x556/p193774_t173_2026_0_001_000.png,https://assets.laliga.com/squad/2026/t173/p193774/1024x1113/p193774_t173_2026_0_001_000.png,https://assets.laliga.com/squad/2026/t173/p193774/512x512/p193774_t173_2026_0_002_000.jpg,7482,p193774,2026
d-alaves-84213,84213,d-alaves,DEPORTIVO ALAVÉS,Deportivo Alavés,20,Delantero,delantero,Jugador,jugador,Aitor Mañas,Mañas,Aitor,Mañas,2003-01-05,Madrid,ES,185,,false,true,false,false,https://assets.laliga.com/squad/2026/t173/p551482/512x556/p551482_t173_2026_0_001_000.png,https://assets.laliga.com/squad/2026/t173/p551482/1024x1113/p551482_t173_2026_0_001_000.png,https://assets.laliga.com/squad/2026/t173/p551482/512x512/p551482_t173_2026_0_002_000.jpg,35424,p551482,2026
d-alaves-86053,86053,d-alaves,DEPORTIVO ALAVÉS,Deportivo Alavés,22,Delantero,delantero,Jugador,jugador,Miguel Rodríguez,Miguel,Miguel,Rodríguez,2003-04-29,,ES,179,73,false,true,false,false,https://assets.laliga.com/squad/2026/t173/default/512x556/default_t173_2026_0_001_000.png,https://assets.laliga.com/squad/2026/t173/default/1024x1113/default_t173_2026_0_001_000.png,https://assets.laliga.com/squad/2026/t173/default/512x512/default_t173_2026_0_002_000.jpg,14920,p494932,2026
d-alaves-86136,86136,d-alaves,DEPORTIVO ALAVÉS,Deportivo Alavés,,Segundo entrenador,segundo-entrenador,Segundo entrenador,segundo-entrenador,Antonio Díaz,Carlavilla,Antonio,Díaz,1968-02-23,,ES,,,false,true,false,false,https://assets.laliga.com/assets/useful/default-player/512x556/manager_001.png,https://assets.laliga.com/assets/useful/default-player/1024x1113/manager_001.png,https://assets.laliga.com/assets/useful/default-player/512x512/manager_002.jpeg,11885,man49942,2026
athletic-club-84261,84261,athletic-club,ATHLETIC CLUB DE BILBAO,Athletic Club,,Entrenador,entrenador,Entrenador,entrenador,Edin Terzic,Terzic,Edin,Terzic,1982-10-30,Menden,DE,,,false,true,false,false,https://assets.laliga.com/assets/useful/default-player/512x556/manager_001.png,https://assets.laliga.com/assets/useful/default-player/1024x1113/manager_001.png,https://assets.laliga.com/assets/useful/default-player/512x512/manager_002.jpeg,17175,man50573,2026
athletic-club-84217,84217,athletic-club,ATHLETIC CLUB DE BILBAO,Athletic Club,1,Portero,portero,Jugador,jugador,Unai Simón,Unai Simon,Unai,Simón,1997-06-11,Vitoria-Gasteiz,ES,190,88,false,true,false,false,https://assets.laliga.com/squad/2026/t174/p212769/512x556/p212769_t174_2026_0_001_000.png,https://assets.laliga.com/squad/2026/t174/p212769/1024x1113/p212769_t174_2026_0_001_000.png,https://assets.laliga.com/squad/2026/t174/p212769/512x512/p212769_t174_2026_0_002_000.jpg,2001,p212769,2026
athletic-club-84219,84219,athletic-club,ATHLETIC CLUB DE BILBAO,Athletic Club,13,Portero,portero,Jugador,jugador,Álex Padilla,Padilla,Álex,Padilla,2003-09-01,Zarautz,MX,190,83,false,true,false,false,https://assets.laliga.com/squad/2026/t174/p564564/512x556/p564564_t174_2026_0_001_000.png,https://assets.laliga.com/squad/2026/t174/p564564/1024x1113/p564564_t174_2026_0_001_000.png,https://assets.laliga.com/squad/2026/t174/p564564/512x512/p564564_t174_2026_0_002_000.jpg,27916,p564564,2026
athletic-club-84221,84221,athletic-club,ATHLETIC CLUB DE BILBAO,Athletic Club,3,Defensa,defensa,Jugador,jugador,Dani Vivian,Vivian,Dani,Vivian,1999-07-05,Vitoria,ES,183,78,false,true,false,false,https://assets.laliga.com/squad/2026/t174/p437554/512x556/p437554_t174_2026_0_001_000.png,https://assets.laliga.com/squad/2026/t174/p437554/1024x1113/p437554_t174_2026_0_001_000.png,https://assets.laliga.com/squad/2026/t174/p437554/512x512/p437554_t174_2026_0_002_000.jpg,8225,p437554,2026
athletic-club-84222,84222,athletic-club,ATHLETIC CLUB DE BILBAO,Athletic Club,4,Defensa,defensa,Jugador,jugador,Aitor Paredes,Paredes,Aitor,Paredes,2000-04-29,Bilbao,ES,186,76,false,true,false,false,https://assets.laliga.com/squad/2026/t174/p440593/512x556/p440593_t174_2026_0_001_000.png,https://assets.laliga.com/squad/2026/t174/p440593/1024x1113/p440593_t174_2026_0_001_000.png,https://assets.laliga.com/squad/2026/t174/p440593/512x512/p440593_t174_2026_0_002_000.jpg,15047,p440593,2026
athletic-club-84223,84223,athletic-club,ATHLETIC CLUB DE BILBAO,Athletic Club,5,Defensa,defensa,Jugador,jugador,Yeray Álvarez,Yeray,Yeray,Álvarez,1995-01-24,Barakaldo,ES,182,78,false,true,false,false,https://assets.laliga.com/squad/2026/t174/p197319/512x556/p197319_t174_2026_0_001_000.png,https://assets.laliga.com/squad/2026/t174/p197319/1024x1113/p197319_t174_2026_0_001_000.png,https://assets.laliga.com/squad/2026/t174/p197319/512x512/p197319_t174_2026_0_002_000.jpg,2007,p197319,2026
athletic-club-84224,84224,athletic-club,ATHLETIC CLUB DE BILBAO,Athletic Club,12,Defensa,defensa,Jugador,jugador,Jesús Areso,Areso,Jesús,Areso,1999-07-02,Cascante,ES,182,81,false,true,false,false,https://assets.laliga.com/squad/2026/t174/p437549/512x556/p437549_t174_2026_0_001_000.png,https://assets.laliga.com/squad/2026/t174/p437549/1024x1113/p437549_t174_2026_0_001_000.png,https://assets.laliga.com/squad/2026/t174/p437549/512x512/p437549_t174_2026_0_002_000.jpg,13804,p437549,2026
athletic-club-84226,84226,athletic-club,ATHLETIC CLUB DE BILBAO,Athletic Club,14,Defensa,defensa,Jugador,jugador,Aymeric Laporte,Laporte,Aymeric,Laporte,1994-05-27,Agen,ES,189,86,false,true,false,false,https://assets.laliga.com/squad/2026/t174/p146941/512x556/p146941_t174_2026_0_001_000.png,https://assets.laliga.com/squad/2026/t174/p146941/1024x1113/p146941_t174_2026_0_001_000.png,https://assets.laliga.com/squad/2026/t174/p146941/512x512/p146941_t174_2026_0_002_000.jpg,395,p146941,2026
athletic-club-84230,84230,athletic-club,ATHLETIC CLUB DE BILBAO,Athletic Club,15,Defensa,defensa,Jugador,jugador,Hugo Rincón,H. Rincón,Hugo,Rincón,2003-01-27,Valtierra,ES,183,75,false,true,false,false,https://assets.laliga.com/squad/2026/t174/default/512x556/default_t174_2026_0_001_000.png,https://assets.laliga.com/squad/2026/t174/default/1024x1113/default_t174_2026_0_001_000.png,https://assets.laliga.com/squad/2026/t174/default/512x512/default_t174_2026_0_002_000.jpg,32767,p620583,2026
athletic-club-84227,84227,athletic-club,ATHLETIC CLUB DE BILBAO,Athletic Club,17,Defensa,defensa,Jugador,jugador,Yuri Berchiche,Yuri,Yuri,Berchiche,1990-02-10,Zarautz,ES,181,79,false,true,false,false,https://assets.laliga.com/squad/2026/t174/p42670/512x556/p42670_t174_2026_0_001_000.png,https://assets.laliga.com/squad/2026/t174/p42670/1024x1113/p42670_t174_2026_0_001_000.png,https://assets.laliga.com/squad/2026/t174/p42670/512x512/p42670_t174_2026_0_002_000.jpg,157,p42670,2026
athletic-club-84244,84244,athletic-club,ATHLETIC CLUB DE BILBAO,Athletic Club,20,Defensa,defensa,Jugador,jugador,Alejandro Rego,Rego,Alejandro,Rego,2003-06-11,Bilbao,ES,192,79,false,true,false,false,https://assets.laliga.com/squad/2026/t174/p631986/512x556/p631986_t174_2026_0_001_000.png,https://assets.laliga.com/squad/2026/t174/p631986/1024x1113/p631986_t174_2026_0_001_000.png,https://assets.laliga.com/squad/2026/t174/p631986/512x512/p631986_t174_2026_0_002_000.jpg,40321,p631986,2026
athletic-club-84233,84233,athletic-club,ATHLETIC CLUB DE BILBAO,Athletic Club,30,Defensa,defensa,Jugador,jugador,Iker Monreal,Monreal,Iker,Monreal,2005-07-03,Iruña,ES,185,75,false,true,false,false,https://assets.laliga.com/squad/2026/t174/p668821/512x556/p668821_t174_2026_0_001_000.png,https://assets.laliga.com/squad/2026/t174/p668821/1024x1113/p668821_t174_2026_0_001_000.png,https://assets.laliga.com/squad/2026/t174/p668821/512x512/p668821_t174_2026_0_002_000.jpg,42875,p668821,2026
athletic-club-86487,86487,athletic-club,ATHLETIC CLUB DE BILBAO,Athletic Club,31,Defensa,defensa,Jugador,jugador,Johaneko Louis-Jean,Johaneko,Johaneko,Louis-Jean,2004-06-28,Bayonne,FR,175,66,false,true,false,false,https://assets.laliga.com/squad/2026/t174/default/512x556/default_t174_2026_0_001_000.png,https://assets.laliga.com/squad/2026/t174/default/1024x1113/default_t174_2026_0_001_000.png,https://assets.laliga.com/squad/2026/t174/default/512x512/default_t174_2026_0_002_000.jpg,25358,p564923,2026
athletic-club-84241,84241,athletic-club,ATHLETIC CLUB DE BILBAO,Athletic Club,6,Centrocampista,centrocampista,Jugador,jugador,Beñat Prados,Prados,Beñat,Prados,2001-02-08,Pamplona,ES,180,72,false,true,false,false,https://assets.laliga.com/squad/2026/t174/p470506/512x556/p470506_t174_2026_0_001_000.png,https://assets.laliga.com/squad/2026/t174/p470506/1024x1113/p470506_t174_2026_0_001_000.png,https://assets.laliga.com/squad/2026/t174/p470506/512x512/p470506_t174_2026_0_002_000.jpg,19074,p470506,2026
athletic-club-84235,84235,athletic-club,ATHLETIC CLUB DE BILBAO,Athletic Club,8,Centrocampista,centrocampista,Jugador,jugador,Oihan Sancet,O. Sancet,Oihan,Sancet,2000-04-25,Pamplona,ES,188,73,false,true,false,false,https://assets.laliga.com/squad/2026/t174/p439772/512x556/p439772_t174_2026_0_001_000.png,https://assets.laliga.com/squad/2026/t174/p439772/1024x1113/p439772_t174_2026_0_001_000.png,https://assets.laliga.com/squad/2026/t174/p439772/512x512/p439772_t174_2026_0_002_000.jpg,12609,p439772,2026
athletic-club-84237,84237,athletic-club,ATHLETIC CLUB DE BILBAO,Athletic Club,16,Centrocampista,centrocampista,Jugador,jugador,Íñigo Ruiz de Galarreta,R. De Galarreta,Íñigo,Ruiz de Galarreta,1993-08-06,Eibar,ES,175,69,false,true,false,false,https://assets.laliga.com/squad/2026/t174/p96736/512x556/p96736_t174_2026_0_001_000.png,https://assets.laliga.com/squad/2026/t174/p96736/1024x1113/p96736_t174_2026_0_001_000.png,https://assets.laliga.com/squad/2026/t174/p96736/512x512/p96736_t174_2026_0_002_000.jpg,819,p96736,2026
athletic-club-84238,84238,athletic-club,ATHLETIC CLUB DE BILBAO,Athletic Club,18,Centrocampista,centrocampista,Jugador,jugador,Mikel Jauregizar,Jauregizar,Mikel,Jauregizar,2003-11-13,Bermeo,ES,177,74,false,true,false,false,https://assets.laliga.com/squad/2026/t174/p632021/512x556/p632021_t174_2026_0_001_000.png,https://assets.laliga.com/squad/2026/t174/p632021/1024x1113/p632021_t174_2026_0_001_000.png,https://assets.laliga.com/squad/2026/t174/p632021/512x512/p632021_t174_2026_0_002_000.jpg,35219,p632021,2026
athletic-club-84240,84240,athletic-club,ATHLETIC CLUB DE BILBAO,Athletic Club,23,Centrocampista,centrocampista,Jugador,jugador,Robert Navarro,Navarro,Robert,Navarro,2002-04-12,Barcelona,ES,178,65,false,true,false,false,https://assets.laliga.com/squad/2026/t174/p460265/512x556/p460265_t174_2026_0_001_000.png,https://assets.laliga.com/squad/2026/t174/p460265/1024x1113/p460265_t174_2026_0_001_000.png,https://assets.laliga.com/squad/2026/t174/p460265/512x512/p460265_t174_2026_0_002_000.jpg,14936,p460265,2026
athletic-club-84243,84243,athletic-club,ATHLETIC CLUB DE BILBAO,Athletic Club,24,Centrocampista,centrocampista,Jugador,jugador,Beñat Gerenabarrena,Gerenabarrena,Beñat,Gerenabarrena,2003-03-29,Lekeitio,ES,173,68,false,true,false,false,https://assets.laliga.com/squad/2026/t174/default/512x556/default_t174_2026_0_001_000.png,https://assets.laliga.com/squad/2026/t174/default/1024x1113/default_t174_2026_0_001_000.png,https://assets.laliga.com/squad/2026/t174/default/512x512/default_t174_2026_0_002_000.jpg,37628,p631990,2026
athletic-club-84248,84248,athletic-club,ATHLETIC CLUB DE BILBAO,Athletic Club,7,Delantero,delantero,Jugador,jugador,Alex Berenguer,Berenguer,Alex,Berenguer,1995-07-04,Pamplona,ES,175,73,false,true,false,false,https://assets.laliga.com/squad/2026/t174/p195385/512x556/p195385_t174_2026_0_001_000.png,https://assets.laliga.com/squad/2026/t174/p195385/1024x1113/p195385_t174_2026_0_001_000.png,https://assets.laliga.com/squad/2026/t174/p195385/512x512/p195385_t174_2026_0_002_000.jpg,1593,p195385,2026
athletic-club-84249,84249,athletic-club,ATHLETIC CLUB DE BILBAO,Athletic Club,9,Delantero,delantero,Jugador,jugador,Iñaki Williams,Williams,Iñaki,Williams,1994-06-15,Bilbao,GH,186,81,false,true,false,false,https://assets.laliga.com/squad/2026/t174/p197334/512x556/p197334_t174_2026_0_001_000.png,https://assets.laliga.com/squad/2026/t174/p197334/1024x1113/p197334_t174_2026_0_001_000.png,https://assets.laliga.com/squad/2026/t174/p197334/512x512/p197334_t174_2026_0_002_000.jpg,1702,p197334,2026
athletic-club-84250,84250,athletic-club,ATHLETIC CLUB DE BILBAO,Athletic Club,10,Delantero,delantero,Jugador,jugador,Nico Williams,Williams Jr,Nico,Williams,2002-07-12,Pamplona,ES,181,67,false,true,false,false,https://assets.laliga.com/squad/2026/t174/p523654/512x556/p523654_t174_2026_0_001_000.png,https://assets.laliga.com/squad/2026/t174/p523654/1024x1113/p523654_t174_2026_0_001_000.png,https://assets.laliga.com/squad/2026/t174/p523654/512x512/p523654_t174_2026_0_002_000.jpg,16889,p523654,2026
athletic-club-84252,84252,athletic-club,ATHLETIC CLUB DE BILBAO,Athletic Club,11,Delantero,delantero,Jugador,jugador,Gorka Guruzeta,Guruzeta,Gorka,Guruzeta,1996-09-12,San Sebastián,ES,188,77,false,true,false,false,https://assets.laliga.com/squad/2026/t174/p220182/512x556/p220182_t174_2026_0_001_000.png,https://assets.laliga.com/squad/2026/t174/p220182/1024x1113/p220182_t174_2026_0_001_000.png,https://assets.laliga.com/squad/2026/t174/p220182/512x512/p220182_t174_2026_0_002_000.jpg,4269,p220182,2026
athletic-club-84253,84253,athletic-club,ATHLETIC CLUB DE BILBAO,Athletic Club,21,Delantero,delantero,Jugador,jugador,Maroan Sannadi,Maroan,Maroan,Sannadi,2001-02-01,Vitoria-Gasteiz,MA,192,78,false,true,false,false,https://assets.laliga.com/squad/2026/t174/p611626/512x556/p611626_t174_2026_0_001_000.png,https://assets.laliga.com/squad/2026/t174/p611626/1024x1113/p611626_t174_2026_0_001_000.png,https://assets.laliga.com/squad/2026/t174/p611626/512x512/p611626_t174_2026_0_002_000.jpg,39083,p611626,2026
athletic-club-84254,84254,athletic-club,ATHLETIC CLUB DE BILBAO,Athletic Club,22,Delantero,delantero,Jugador,jugador,Nico Serrano,Nico Serrano,Nico,Serrano,2003-03-05,Pamplona,ES,181,72,false,true,false,false,https://assets.laliga.com/squad/2026/t174/p494929/512x556/p494929_t174_2026_0_001_000.png,https://assets.laliga.com/squad/2026/t174/p494929/1024x1113/p494929_t174_2026_0_001_000.png,https://assets.laliga.com/squad/2026/t174/p494929/512x512/p494929_t174_2026_0_002_000.jpg,22798,p494929,2026
athletic-club-84251,84251,athletic-club,ATHLETIC CLUB DE BILBAO,Athletic Club,25,Delantero,delantero,Jugador,jugador,Álvaro Djaló Dias-Fernandes,Djalo,Álvaro,Djaló Dias-Fernandes,1999-08-16,Madrid,GW,175,73,false,true,false,false,https://assets.laliga.com/squad/2026/t174/default/512x556/default_t174_2026_0_001_000.png,https://assets.laliga.com/squad/2026/t174/default/1024x1113/default_t174_2026_0_001_000.png,https://assets.laliga.com/squad/2026/t174/default/512x512/default_t174_2026_0_002_000.jpg,30241,p588171,2026
athletic-club-84242,84242,athletic-club,ATHLETIC CLUB DE BILBAO,Athletic Club,28,Delantero,delantero,Jugador,jugador,Peio Canales,Canales,Peio,Canales,2005-01-17,Barrika,ES,175,68,false,true,false,false,https://assets.laliga.com/squad/2026/t174/default/512x556/default_t174_2026_0_001_000.png,https://assets.laliga.com/squad/2026/t174/default/1024x1113/default_t174_2026_0_001_000.png,https://assets.laliga.com/squad/2026/t174/default/512x512/default_t174_2026_0_002_000.jpg,37627,p632023,2026
athletic-club-86872,86872,athletic-club,ATHLETIC CLUB DE BILBAO,Athletic Club,,Segundo entrenador,segundo-entrenador,Segundo entrenador,segundo-entrenador,Sebastian Geppert,Geppert,Sebastian,Geppert,1984-01-11,,DE,,,false,true,false,false,https://assets.laliga.com/assets/useful/default-player/512x556/manager_001.png,https://assets.laliga.com/assets/useful/default-player/1024x1113/manager_001.png,https://assets.laliga.com/assets/useful/default-player/512x512/manager_002.jpeg,17937,man54668,2026
atletico-de-madrid-84305,84305,atletico-de-madrid,ATLÉTICO DE MADRID,Atlético de Madrid,,Entrenador,entrenador,Entrenador,entrenador,Diego Simeone,Simeone,Diego,Simeone,1970-04-28,Buenos Aires,AR,,,false,true,false,false,https://assets.laliga.com/squad/2026/t175/man37905/512x556/man37905_t175_2026_1_001_000.png,https://assets.laliga.com/squad/2026/t175/man37905/1024x1113/man37905_t175_2026_1_001_000.png,https://assets.laliga.com/squad/2026/t175/man37905/512x512/man37905_t175_2026_1_002_000.jpg,581,man37905,2026
atletico-de-madrid-84263,84263,atletico-de-madrid,ATLÉTICO DE MADRID,Atlético de Madrid,1,Portero,portero,Jugador,jugador,Juan Musso,J. Musso,Juan,Musso,1994-05-06,San Nicolás de los Arroyos,AR,191,93,false,true,false,false,https://assets.laliga.com/squad/2026/t175/p121537/512x556/p121537_t175_2026_1_001_000.png,https://assets.laliga.com/squad/2026/t175/p121537/1024x1113/p121537_t175_2026_1_001_000.png,https://assets.laliga.com/squad/2026/t175/p121537/512x512/p121537_t175_2026_1_002_000.jpg,17824,p121537,2026
atletico-de-madrid-84264,84264,atletico-de-madrid,ATLÉTICO DE MADRID,Atlético de Madrid,13,Portero,portero,Jugador,jugador,Jan Oblak,Oblak,Jan,Oblak,1993-01-07,Skojfa Loka,SI,188,87,true,true,false,false,https://assets.laliga.com/squad/2026/t175/p81352/512x556/p81352_t175_2026_1_001_000.png,https://assets.laliga.com/squad/2026/t175/p81352/1024x1113/p81352_t175_2026_1_001_000.png,https://assets.laliga.com/squad/2026/t175/p81352/512x512/p81352_t175_2026_1_002_000.jpg,1470,p81352,2026
atletico-de-madrid-84265,84265,atletico-de-madrid,ATLÉTICO DE MADRID,Atlético de Madrid,25,Portero,portero,Jugador,jugador,Salvi Esquivel,Esquivel,Salvi,Esquivel,2005-09-30,Estepona,ES,190,85,false,true,false,false,https://assets.laliga.com/squad/2026/t175/p551321/512x556/p551321_t175_2026_0_001_000.png,https://assets.laliga.com/squad/2026/t175/p551321/1024x1113/p551321_t175_2026_0_001_000.png,https://assets.laliga.com/squad/2026/t175/p551321/512x512/p551321_t175_2026_0_002_000.jpg,40922,p551321,2026
atletico-de-madrid-84272,84272,atletico-de-madrid,ATLÉTICO DE MADRID,Atlético de Madrid,17,Defensa,defensa,Jugador,jugador,Dávid Hancko,Hancko,Dávid,Hancko,1997-12-13,Prievidza,SK,188,82,false,true,false,false,https://assets.laliga.com/squad/2026/t175/p235093/512x556/p235093_t175_2026_1_001_000.png,https://assets.laliga.com/squad/2026/t175/p235093/1024x1113/p235093_t175_2026_1_001_000.png,https://assets.laliga.com/squad/2026/t175/p235093/512x512/p235093_t175_2026_1_002_000.jpg,15739,p235093,2026
atletico-de-madrid-84273,84273,atletico-de-madrid,ATLÉTICO DE MADRID,Atlético de Madrid,18,Defensa,defensa,Jugador,jugador,Marc Pubill,Marc Pubill,Marc,Pubill,2003-06-20,Terrassa,ES,190,86,false,true,false,false,https://assets.laliga.com/squad/2026/t175/p562720/512x556/p562720_t175_2026_1_001_000.png,https://assets.laliga.com/squad/2026/t175/p562720/1024x1113/p562720_t175_2026_1_001_000.png,https://assets.laliga.com/squad/2026/t175/p562720/512x512/p562720_t175_2026_1_002_000.jpg,25275,p562720,2026
atletico-de-madrid-86639,86639,atletico-de-madrid,ATLÉTICO DE MADRID,Atlético de Madrid,21,Defensa,defensa,Jugador,jugador,Cristian Romero,Romero,Cristian,Romero,1998-04-27,Córdoba,AR,185,78,false,true,false,false,https://assets.laliga.com/squad/2026/t175/default/512x556/default_t175_2026_0_001_000.png,https://assets.laliga.com/squad/2026/t175/default/1024x1113/default_t175_2026_0_001_000.png,https://assets.laliga.com/squad/2026/t175/default/512x512/default_t175_2026_0_002_000.jpg,15204,p221632,2026
atletico-de-madrid-84268,84268,atletico-de-madrid,ATLÉTICO DE MADRID,Atlético de Madrid,22,Defensa,defensa,Jugador,jugador,Alejandro Grimaldo,Grimaldo,Alejandro,Grimaldo,1995-09-20,Valencia,ES,171,63,false,true,false,false,https://assets.laliga.com/squad/2026/t175/p106004/512x556/p106004_t175_2026_1_001_000.png,https://assets.laliga.com/squad/2026/t175/p106004/1024x1113/p106004_t175_2026_1_001_000.png,https://assets.laliga.com/squad/2026/t175/p106004/512x512/p106004_t175_2026_1_002_000.jpg,526,p106004,2026
atletico-de-madrid-84274,84274,atletico-de-madrid,ATLÉTICO DE MADRID,Atlético de Madrid,24,Defensa,defensa,Jugador,jugador,Robin Le Normand,Le Normand,Robin,Le Normand,1996-11-11,Pabu,ES,187,80,false,true,false,false,https://assets.laliga.com/squad/2026/t175/p224919/512x556/p224919_t175_2026_1_001_000.png,https://assets.laliga.com/squad/2026/t175/p224919/1024x1113/p224919_t175_2026_1_001_000.png,https://assets.laliga.com/squad/2026/t175/p224919/512x512/p224919_t175_2026_1_002_000.jpg,9468,p224919,2026
atletico-de-madrid-86175,86175,atletico-de-madrid,ATLÉTICO DE MADRID,Atlético de Madrid,27,Defensa,defensa,Jugador,jugador,Jorge Domínguez,Domínguez,Jorge,Domínguez,2009-12-21,,ES,,,false,true,false,false,https://assets.laliga.com/squad/2026/t175/p710911/512x556/p710911_t175_2026_1_001_000.png,https://assets.laliga.com/squad/2026/t175/p710911/1024x1113/p710911_t175_2026_1_001_000.png,https://assets.laliga.com/squad/2026/t175/p710911/512x512/p710911_t175_2026_1_002_000.jpg,47068,p710911,2026
atletico-de-madrid-84289,84289,atletico-de-madrid,ATLÉTICO DE MADRID,Atlético de Madrid,3,Centrocampista,centrocampista,Jugador,jugador,Obed Vargas,Obed Vargas,Obed,Vargas,2005-08-05,Anchorage,MX,175,68,false,true,false,false,https://assets.laliga.com/squad/2026/t175/p502868/512x556/p502868_t175_2026_0_001_000.png,https://assets.laliga.com/squad/2026/t175/p502868/1024x1113/p502868_t175_2026_0_001_000.png,https://assets.laliga.com/squad/2026/t175/p502868/512x512/p502868_t175_2026_0_002_000.jpg,40426,p502868,2026
atletico-de-madrid-84281,84281,atletico-de-madrid,ATLÉTICO DE MADRID,Atlético de Madrid,4,Centrocampista,centrocampista,Jugador,jugador,Rodrigo Mendoza,Mendoza,Rodrigo,Mendoza,2005-03-15,Murcia,ES,182,72,false,true,false,false,https://assets.laliga.com/squad/2026/t175/p578538/512x556/p578538_t175_2026_1_001_000.png,https://assets.laliga.com/squad/2026/t175/p578538/1024x1113/p578538_t175_2026_1_001_000.png,https://assets.laliga.com/squad/2026/t175/p578538/512x512/p578538_t175_2026_1_002_000.jpg,30818,p578538,2026
atletico-de-madrid-84282,84282,atletico-de-madrid,ATLÉTICO DE MADRID,Atlético de Madrid,5,Centrocampista,centrocampista,Jugador,jugador,Johnny Cardoso,Johnny,Johnny,Cardoso,2001-09-20,Denville,US,186,78,false,true,false,false,https://assets.laliga.com/squad/2026/t175/p488662/512x556/p488662_t175_2026_1_001_000.png,https://assets.laliga.com/squad/2026/t175/p488662/1024x1113/p488662_t175_2026_1_001_000.png,https://assets.laliga.com/squad/2026/t175/p488662/512x512/p488662_t175_2026_1_002_000.jpg,30522,p488662,2026
atletico-de-madrid-84283,84283,atletico-de-madrid,ATLÉTICO DE MADRID,Atlético de Madrid,6,Centrocampista,centrocampista,Jugador,jugador,Jorge Resurrección Merodio,Koke,Jorge,Resurrección Merodio,1992-01-08,Madrid,ES,176,77,true,true,false,false,https://assets.laliga.com/squad/2026/t175/p77390/512x556/p77390_t175_2026_1_001_000.png,https://assets.laliga.com/squad/2026/t175/p77390/1024x1113/p77390_t175_2026_1_001_000.png,https://assets.laliga.com/squad/2026/t175/p77390/512x512/p77390_t175_2026_1_002_000.jpg,571,p77390,2026
atletico-de-madrid-86054,86054,atletico-de-madrid,ATLÉTICO DE MADRID,Atlético de Madrid,7,Centrocampista,centrocampista,Jugador,jugador,Kang-In Lee,Kang In,Kang-In,Lee,2001-02-19,Incheon,KR,173,66,false,true,false,false,https://assets.laliga.com/squad/2026/t175/p451358/512x556/p451358_t175_2026_1_001_000.png,https://assets.laliga.com/squad/2026/t175/p451358/1024x1113/p451358_t175_2026_1_001_000.png,https://assets.laliga.com/squad/2026/t175/p451358/512x512/p451358_t175_2026_1_002_000.jpg,9361,p451358,2026
atletico-de-madrid-84284,84284,atletico-de-madrid,ATLÉTICO DE MADRID,Atlético de Madrid,8,Centrocampista,centrocampista,Jugador,jugador,Pablo Barrios,Barrios,Pablo,Barrios,2003-06-15,Madrid,ES,183,75,false,true,false,false,https://assets.laliga.com/squad/2026/t175/p503523/512x556/p503523_t175_2026_1_001_000.png,https://assets.laliga.com/squad/2026/t175/p503523/1024x1113/p503523_t175_2026_1_001_000.png,https://assets.laliga.com/squad/2026/t175/p503523/512x512/p503523_t175_2026_1_002_000.jpg,25683,p503523,2026
atletico-de-madrid-84285,84285,atletico-de-madrid,ATLÉTICO DE MADRID,Atlético de Madrid,10,Centrocampista,centrocampista,Jugador,jugador,Álex Baena,Álex B.,Álex,Baena,2001-07-20,Roquetas de Mar,ES,175,70,false,true,false,false,https://assets.laliga.com/squad/2026/t175/p248501/512x556/p248501_t175_2026_1_001_000.png,https://assets.laliga.com/squad/2026/t175/p248501/1024x1113/p248501_t175_2026_1_001_000.png,https://assets.laliga.com/squad/2026/t175/p248501/512x512/p248501_t175_2026_1_002_000.jpg,13963,p248501,2026
atletico-de-madrid-84296,84296,atletico-de-madrid,ATLÉTICO DE MADRID,Atlético de Madrid,12,Centrocampista,centrocampista,Jugador,jugador,Carlos Martín,Carlos M.,Carlos,Martín,2002-04-22,Madrid,ES,184,73,false,true,false,false,https://assets.laliga.com/squad/2026/t175/p531219/512x556/p531219_t175_2026_1_001_000.png,https://assets.laliga.com/squad/2026/t175/p531219/1024x1113/p531219_t175_2026_1_001_000.png,https://assets.laliga.com/squad/2026/t175/p531219/512x512/p531219_t175_2026_1_002_000.jpg,22855,p531219,2026
atletico-de-madrid-84288,84288,atletico-de-madrid,ATLÉTICO DE MADRID,Atlético de Madrid,14,Centrocampista,centrocampista,Jugador,jugador,Marcos Llorente,M. Llorente,Marcos,Llorente,1995-01-30,Madrid,ES,183,74,false,true,false,false,https://assets.laliga.com/squad/2026/t175/p192364/512x556/p192364_t175_2026_1_001_000.png,https://assets.laliga.com/squad/2026/t175/p192364/1024x1113/p192364_t175_2026_1_001_000.png,https://assets.laliga.com/squad/2026/t175/p192364/512x512/p192364_t175_2026_1_002_000.jpg,1700,p192364,2026
atletico-de-madrid-86179,86179,atletico-de-madrid,ATLÉTICO DE MADRID,Atlético de Madrid,16,Centrocampista,centrocampista,Jugador,jugador,Arnau Ortiz,Arnau Ortiz,Arnau,Ortiz,2001-10-29,,ES,175,71,false,true,false,false,https://assets.laliga.com/squad/2026/t175/p552095/512x556/p552095_t175_2026_1_001_000.png,https://assets.laliga.com/squad/2026/t175/p552095/1024x1113/p552095_t175_2026_1_001_000.png,https://assets.laliga.com/squad/2026/t175/p552095/512x512/p552095_t175_2026_1_002_000.jpg,24044,p552095,2026
atletico-de-madrid-85697,85697,atletico-de-madrid,ATLÉTICO DE MADRID,Atlético de Madrid,23,Centrocampista,centrocampista,Jugador,jugador,Morten Hjulmand,Hjulmand,Morten,Hjulmand,1999-06-25,Kastrup,DK,185,73,false,true,false,false,https://assets.laliga.com/squad/2026/t175/p454812/512x556/p454812_t175_2026_1_001_000.png,https://assets.laliga.com/squad/2026/t175/p454812/1024x1113/p454812_t175_2026_1_001_000.png,https://assets.laliga.com/squad/2026/t175/p454812/512x512/p454812_t175_2026_1_002_000.jpg,27042,p454812,2026
atletico-de-madrid-86178,86178,atletico-de-madrid,ATLÉTICO DE MADRID,Atlético de Madrid,46,Centrocampista,centrocampista,Jugador,jugador,Jorge Castillo,Castillo,Jorge,Castillo,2006-05-23,,ES,180,,false,true,false,false,https://assets.laliga.com/squad/2026/t175/default/512x556/default_t175_2026_0_001_000.png,https://assets.laliga.com/squad/2026/t175/default/1024x1113/default_t175_2026_0_001_000.png,https://assets.laliga.com/squad/2026/t175/default/512x512/default_t175_2026_0_002_000.jpg,43243,p593184,2026
atletico-de-madrid-84295,84295,atletico-de-madrid,ATLÉTICO DE MADRID,Atlético de Madrid,9,Delantero,delantero,Jugador,jugador,Alexander Sørloth,Sørloth,Alexander,Sørloth,1995-12-05,Trondheim,NO,195,94,false,true,false,false,https://assets.laliga.com/squad/2026/t175/p143877/512x556/p143877_t175_2026_1_001_000.png,https://assets.laliga.com/squad/2026/t175/p143877/1024x1113/p143877_t175_2026_1_001_000.png,https://assets.laliga.com/squad/2026/t175/p143877/512x512/p143877_t175_2026_1_002_000.jpg,12902,p143877,2026
atletico-de-madrid-84299,84299,atletico-de-madrid,ATLÉTICO DE MADRID,Atlético de Madrid,11,Delantero,delantero,Jugador,jugador,Ademola Lookman,Lookman,Ademola,Lookman,1997-10-20,London,NG,174,71,false,true,false,false,https://assets.laliga.com/squad/2026/t175/p219352/512x556/p219352_t175_2026_1_001_000.png,https://assets.laliga.com/squad/2026/t175/p219352/1024x1113/p219352_t175_2026_1_001_000.png,https://assets.laliga.com/squad/2026/t175/p219352/512x512/p219352_t175_2026_1_002_000.jpg,7013,p219352,2026
atletico-de-madrid-87093,87093,atletico-de-madrid,ATLÉTICO DE MADRID,Atlético de Madrid,15,Delantero,delantero,Jugador,jugador,Jonathan David,J.david,Jonathan,David,2000-01-14,New York,CA,178,81,false,true,true,false,https://assets.laliga.com/squad/2026/t175/default/512x556/default_t175_2026_0_001_000.png,https://assets.laliga.com/squad/2026/t175/default/1024x1113/default_t175_2026_0_001_000.png,https://assets.laliga.com/squad/2026/t175/default/512x512/default_t175_2026_0_002_000.jpg,13016,p421821,2026
atletico-de-madrid-84297,84297,atletico-de-madrid,ATLÉTICO DE MADRID,Atlético de Madrid,19,Delantero,delantero,Jugador,jugador,Julián Alvarez,J.alvarez,Julián,Alvarez,2000-01-31,Calchín,AR,170,71,false,true,false,false,https://assets.laliga.com/squad/2026/t175/p461358/512x556/p461358_t175_2026_1_001_000.png,https://assets.laliga.com/squad/2026/t175/p461358/1024x1113/p461358_t175_2026_1_001_000.png,https://assets.laliga.com/squad/2026/t175/p461358/512x512/p461358_t175_2026_1_002_000.jpg,9589,p461358,2026
atletico-de-madrid-84298,84298,atletico-de-madrid,ATLÉTICO DE MADRID,Atlético de Madrid,20,Delantero,delantero,Jugador,jugador,Giuliano Simeone,Giuliano,Giuliano,Simeone,2002-12-18,Roma,AR,173,75,false,true,false,false,https://assets.laliga.com/squad/2026/t175/p482652/512x556/p482652_t175_2026_1_001_000.png,https://assets.laliga.com/squad/2026/t175/p482652/1024x1113/p482652_t175_2026_1_001_000.png,https://assets.laliga.com/squad/2026/t175/p482652/512x512/p482652_t175_2026_1_002_000.jpg,22856,p482652,2026
atletico-de-madrid-84303,84303,atletico-de-madrid,ATLÉTICO DE MADRID,Atlético de Madrid,29,Delantero,delantero,Jugador,jugador,Miguel Llorente Cubo,Cubo,Miguel,Llorente Cubo,2008-02-08,,ES,,,false,true,false,false,https://assets.laliga.com/squad/2026/t175/p709993/512x556/p709993_t175_2026_1_001_000.png,https://assets.laliga.com/squad/2026/t175/p709993/1024x1113/p709993_t175_2026_1_001_000.png,https://assets.laliga.com/squad/2026/t175/p709993/512x512/p709993_t175_2026_1_002_000.jpg,45841,p709993,2026
atletico-de-madrid-86117,86117,atletico-de-madrid,ATLÉTICO DE MADRID,Atlético de Madrid,,Segundo entrenador,segundo-entrenador,Segundo entrenador,segundo-entrenador,Gabriel Fernández Arenas,Gabi,Gabriel,Fernández Arenas,1983-07-10,Madrid,ES,,,false,true,false,false,https://assets.laliga.com/squad/2026/t175/man65568/512x556/man65568_t175_2026_1_001_000.png,https://assets.laliga.com/squad/2026/t175/man65568/1024x1113/man65568_t175_2026_1_001_000.png,https://assets.laliga.com/squad/2026/t175/man65568/512x512/man65568_t175_2026_1_002_000.jpg,40230,man65568,2026
fc-barcelona-84339,84339,fc-barcelona,FC BARCELONA,FC Barcelona,,Entrenador,entrenador,Entrenador,entrenador,Hansi Flick,Hansi Flick,Hansi,Flick,1965-02-24,Heidelberg,DE,,,false,true,false,false,https://assets.laliga.com/squad/2026/t178/man52340/512x556/man52340_t178_2026_0_001_000.png,https://assets.laliga.com/squad/2026/t178/man52340/1024x1113/man52340_t178_2026_0_001_000.png,https://assets.laliga.com/squad/2026/t178/man52340/512x512/man52340_t178_2026_0_002_000.jpg,13240,man52340,2026
fc-barcelona-84308,84308,fc-barcelona,FC BARCELONA,FC Barcelona,1,Portero,portero,Jugador,jugador,Joan García,Joan Garcia,Joan,García,2001-05-04,Sallent,ES,193,85,false,true,false,false,https://assets.laliga.com/squad/2026/t178/p449928/512x556/p449928_t178_2026_0_001_000.png,https://assets.laliga.com/squad/2026/t178/p449928/1024x1113/p449928_t178_2026_0_001_000.png,https://assets.laliga.com/squad/2026/t178/p449928/512x512/p449928_t178_2026_0_002_000.jpg,15102,p449928,2026
fc-barcelona-84309,84309,fc-barcelona,FC BARCELONA,FC Barcelona,13,Portero,portero,Jugador,jugador,Wojciech Szczesny,Szczesny,Wojciech,Szczesny,1990-04-18,Warszawa,PL,195,90,false,true,false,false,https://assets.laliga.com/squad/2026/t178/p59936/512x556/p59936_t178_2026_0_001_000.png,https://assets.laliga.com/squad/2026/t178/p59936/1024x1113/p59936_t178_2026_0_001_000.png,https://assets.laliga.com/squad/2026/t178/p59936/512x512/p59936_t178_2026_0_002_000.jpg,2162,p59936,2026
fc-barcelona-86901,86901,fc-barcelona,FC BARCELONA,FC Barcelona,25,Portero,portero,Jugador,jugador,Dominik Livakovic,Livakovic,Dominik,Livakovic,1995-01-09,Zadar,HR,188,79,false,true,false,false,https://assets.laliga.com/assets/useful/default-player/512x556/male_1_001.png,https://assets.laliga.com/assets/useful/default-player/1024x1113/male_1_001.png,https://assets.laliga.com/assets/useful/default-player/512x512/male_1_002.jpeg,4882,p198534,2026
fc-barcelona-84310,84310,fc-barcelona,FC BARCELONA,FC Barcelona,31,Portero,portero,Jugador,jugador,Eder Aller,Eder Aller,Eder,Aller,2007-04-04,León,ES,194,75,false,true,false,false,https://assets.laliga.com/squad/2026/t178/p669936/512x556/p669936_t178_2026_0_001_000.png,https://assets.laliga.com/squad/2026/t178/p669936/1024x1113/p669936_t178_2026_0_001_000.png,https://assets.laliga.com/squad/2026/t178/p669936/512x512/p669936_t178_2026_0_002_000.jpg,43009,p669936,2026
fc-barcelona-86787,86787,fc-barcelona,FC BARCELONA,FC Barcelona,2,Defensa,defensa,Jugador,jugador,João Pedro Cavaco Cancelo,Joao Cancelo,João Pedro,Cavaco Cancelo,1994-05-27,Barreiro,PT,182,74,false,true,false,false,https://assets.laliga.com/squad/2026/t178/default/512x556/default_t178_2026_0_001_000.png,https://assets.laliga.com/squad/2026/t178/default/1024x1113/default_t178_2026_0_001_000.png,https://assets.laliga.com/squad/2026/t178/default/512x512/default_t178_2026_0_002_000.jpg,1578,p121145,2026
fc-barcelona-84311,84311,fc-barcelona,FC BARCELONA,FC Barcelona,3,Defensa,defensa,Jugador,jugador,Alejandro Balde,Balde,Alejandro,Balde,2003-10-18,Barcelona,ES,177,76,false,true,false,false,https://assets.laliga.com/squad/2026/t178/p493019/512x556/p493019_t178_2026_0_001_000.png,https://assets.laliga.com/squad/2026/t178/p493019/1024x1113/p493019_t178_2026_0_001_000.png,https://assets.laliga.com/squad/2026/t178/p493019/512x512/p493019_t178_2026_0_002_000.jpg,21673,p493019,2026
fc-barcelona-84313,84313,fc-barcelona,FC BARCELONA,FC Barcelona,5,Defensa,defensa,Jugador,jugador,Pau Cubarsí,Cubarsí,Pau,Cubarsí,2007-01-22,Estanyol,ES,183,79,false,true,false,false,https://assets.laliga.com/squad/2026/t178/p593110/512x556/p593110_t178_2026_0_001_000.png,https://assets.laliga.com/squad/2026/t178/p593110/1024x1113/p593110_t178_2026_0_001_000.png,https://assets.laliga.com/squad/2026/t178/p593110/512x512/p593110_t178_2026_0_002_000.jpg,33706,p593110,2026
fc-barcelona-84321,84321,fc-barcelona,FC BARCELONA,FC Barcelona,12,Defensa,defensa,Jugador,jugador,Xavi Espart,Xavi Espart,Xavi,Espart,2007-05-21,,ES,175,,false,true,false,false,https://assets.laliga.com/squad/2026/t178/p634630/512x556/p634630_t178_2026_0_001_000.png,https://assets.laliga.com/squad/2026/t178/p634630/1024x1113/p634630_t178_2026_0_001_000.png,https://assets.laliga.com/squad/2026/t178/p634630/512x512/p634630_t178_2026_0_002_000.png,43270,p634630,2026
fc-barcelona-84314,84314,fc-barcelona,FC BARCELONA,FC Barcelona,15,Defensa,defensa,Jugador,jugador,Andreas Christensen,Christensen,Andreas,Christensen,1996-04-10,Lillerød,DK,187,82,false,true,false,false,https://assets.laliga.com/squad/2026/t178/p135363/512x556/p135363_t178_2026_0_001_000.png,https://assets.laliga.com/squad/2026/t178/p135363/1024x1113/p135363_t178_2026_0_001_000.png,https://assets.laliga.com/squad/2026/t178/p135363/512x512/p135363_t178_2026_0_002_000.jpg,2157,p135363,2026
fc-barcelona-84315,84315,fc-barcelona,FC BARCELONA,FC Barcelona,18,Defensa,defensa,Jugador,jugador,Gerard Martín,Gerard Martín,Gerard,Martín,2002-02-26,,ES,186,82,false,true,false,false,https://assets.laliga.com/squad/2026/t178/p523234/512x556/p523234_t178_2026_0_001_000.png,https://assets.laliga.com/squad/2026/t178/p523234/1024x1113/p523234_t178_2026_0_001_000.png,https://assets.laliga.com/squad/2026/t178/p523234/512x512/p523234_t178_2026_0_002_000.jpg,16483,p523234,2026
fc-barcelona-84316,84316,fc-barcelona,FC BARCELONA,FC Barcelona,23,Defensa,defensa,Jugador,jugador,Jules Koundé,Kounde,Jules,Koundé,1998-11-12,Paris,FR,181,84,false,true,false,false,https://assets.laliga.com/squad/2026/t178/p220325/512x556/p220325_t178_2026_0_001_000.png,https://assets.laliga.com/squad/2026/t178/p220325/1024x1113/p220325_t178_2026_0_001_000.png,https://assets.laliga.com/squad/2026/t178/p220325/512x512/p220325_t178_2026_0_002_000.jpg,4145,p220325,2026
fc-barcelona-84317,84317,fc-barcelona,FC BARCELONA,FC Barcelona,24,Defensa,defensa,Jugador,jugador,Eric García,Eric,Eric,García,2001-01-09,Martorell,ES,180,77,false,true,false,false,https://assets.laliga.com/squad/2026/t178/p432656/512x556/p432656_t178_2026_0_001_000.png,https://assets.laliga.com/squad/2026/t178/p432656/1024x1113/p432656_t178_2026_0_001_000.png,https://assets.laliga.com/squad/2026/t178/p432656/512x512/p432656_t178_2026_0_002_000.jpg,12859,p432656,2026
fc-barcelona-84320,84320,fc-barcelona,FC BARCELONA,FC Barcelona,26,Defensa,defensa,Jugador,jugador,Álvaro Cortés,Cortes,Álvaro,Cortés,2005-03-17,Zaragoza,ES,189,82,false,true,false,false,https://assets.laliga.com/squad/2026/t178/default/512x556/default_t178_2026_0_001_000.png,https://assets.laliga.com/squad/2026/t178/default/1024x1113/default_t178_2026_0_001_000.png,https://assets.laliga.com/squad/2026/t178/default/512x512/default_t178_2026_0_002_000.jpg,39542,p634056,2026
fc-barcelona-86161,86161,fc-barcelona,FC BARCELONA,FC Barcelona,33,Defensa,defensa,Jugador,jugador,Jordi Pesquer,Jordi Pesquer,Jordi,Pesquer,2009-01-26,,ES,,,false,true,false,false,https://assets.laliga.com/squad/2026/t178/default/512x556/default_t178_2026_0_001_000.png,https://assets.laliga.com/squad/2026/t178/default/1024x1113/default_t178_2026_0_001_000.png,https://assets.laliga.com/squad/2026/t178/default/512x512/default_t178_2026_0_002_000.jpg,47060,p723493,2026
fc-barcelona-86164,86164,fc-barcelona,FC BARCELONA,FC Barcelona,4,Centrocampista,centrocampista,Jugador,jugador,Brian Fariñas,Brian,Brian,Fariñas,2006-02-09,,ES,,,false,true,false,false,https://assets.laliga.com/squad/2026/t178/default/512x556/default_t178_2026_0_001_000.png,https://assets.laliga.com/squad/2026/t178/default/1024x1113/default_t178_2026_0_001_000.png,https://assets.laliga.com/squad/2026/t178/default/512x512/default_t178_2026_0_002_000.jpg,47063,p499314,2026
fc-barcelona-84322,84322,fc-barcelona,FC BARCELONA,FC Barcelona,6,Centrocampista,centrocampista,Jugador,jugador,Pablo Páez Gavira,Gavi,Pablo,Páez Gavira,2004-08-05,Los Palacios y Villafranca,ES,174,69,false,true,false,false,,,,21674,p500046,2026
fc-barcelona-84324,84324,fc-barcelona,FC BARCELONA,FC Barcelona,7,Centrocampista,centrocampista,Jugador,jugador,Fermín López,Fermin,Fermín,López,2003-05-11,El Campillo,ES,174,64,false,true,false,false,https://assets.laliga.com/squad/2026/t178/p551086/512x556/p551086_t178_2026_0_001_000.png,https://assets.laliga.com/squad/2026/t178/p551086/1024x1113/p551086_t178_2026_0_001_000.png,https://assets.laliga.com/squad/2026/t178/p551086/512x512/p551086_t178_2026_0_002_000.jpg,31378,p551086,2026
fc-barcelona-84323,84323,fc-barcelona,FC BARCELONA,FC Barcelona,8,Centrocampista,centrocampista,Jugador,jugador,Pedro González López,Pedri,Pedro,González López,2002-11-25,Tegueste,ES,174,68,false,true,false,false,https://assets.laliga.com/squad/2026/t178/p490541/512x556/p490541_t178_2026_0_001_000.png,https://assets.laliga.com/squad/2026/t178/p490541/1024x1113/p490541_t178_2026_0_001_000.png,https://assets.laliga.com/squad/2026/t178/p490541/512x512/p490541_t178_2026_0_002_000.jpg,12636,p490541,2026
fc-barcelona-86727,86727,fc-barcelona,FC BARCELONA,FC Barcelona,16,Centrocampista,centrocampista,Jugador,jugador,Rodrigo Hernández Cascante,Rodrigo,Rodrigo,Hernández Cascante,1996-06-22,Madrid,ES,190,90,true,true,false,false,https://assets.laliga.com/squad/2026/t178/default/512x556/default_t178_2026_0_001_000.png,https://assets.laliga.com/squad/2026/t178/default/1024x1113/default_t178_2026_0_001_000.png,https://assets.laliga.com/squad/2026/t178/default/512x512/default_t178_2026_0_002_000.jpg,4266,p220566,2026
fc-barcelona-84336,84336,fc-barcelona,FC BARCELONA,FC Barcelona,19,Centrocampista,centrocampista,Jugador,jugador,Roony Bardghji,Roony,Roony,Bardghji,2005-11-15,Kuwait City,SE,173,73,false,true,false,false,https://assets.laliga.com/squad/2026/t178/p561098/512x556/p561098_t178_2026_0_001_000.png,https://assets.laliga.com/squad/2026/t178/p561098/1024x1113/p561098_t178_2026_0_001_000.png,https://assets.laliga.com/squad/2026/t178/p561098/512x512/p561098_t178_2026_0_002_000.jpg,25774,p561098,2026
fc-barcelona-84326,84326,fc-barcelona,FC BARCELONA,FC Barcelona,20,Centrocampista,centrocampista,Jugador,jugador,Dani Olmo,Olmo,Dani,Olmo,1998-05-07,Terrassa,ES,182,73,false,true,false,false,https://assets.laliga.com/squad/2026/t178/p179370/512x556/p179370_t178_2026_0_001_000.png,https://assets.laliga.com/squad/2026/t178/p179370/1024x1113/p179370_t178_2026_0_001_000.png,https://assets.laliga.com/squad/2026/t178/p179370/512x512/p179370_t178_2026_0_002_000.jpg,9068,p179370,2026
fc-barcelona-84327,84327,fc-barcelona,FC BARCELONA,FC Barcelona,21,Centrocampista,centrocampista,Jugador,jugador,Frenkie de Jong,F. De Jong,Frenkie,de Jong,1997-05-12,Gorinchem,NL,181,74,false,true,false,false,https://assets.laliga.com/squad/2026/t178/p209712/512x556/p209712_t178_2026_0_001_000.png,https://assets.laliga.com/squad/2026/t178/p209712/1024x1113/p209712_t178_2026_0_001_000.png,https://assets.laliga.com/squad/2026/t178/p209712/512x512/p209712_t178_2026_0_002_000.jpg,5629,p209712,2026
fc-barcelona-84328,84328,fc-barcelona,FC BARCELONA,FC Barcelona,22,Centrocampista,centrocampista,Jugador,jugador,Marc Bernal,Bernal,Marc,Bernal,2007-05-26,Berga,ES,193,87,false,true,false,false,https://assets.laliga.com/squad/2026/t178/p637126/512x556/p637126_t178_2026_0_001_000.png,https://assets.laliga.com/squad/2026/t178/p637126/1024x1113/p637126_t178_2026_0_001_000.png,https://assets.laliga.com/squad/2026/t178/p637126/512x512/p637126_t178_2026_0_002_000.jpg,37536,p637126,2026
fc-barcelona-84334,84334,fc-barcelona,FC BARCELONA,FC Barcelona,10,Delantero,delantero,Jugador,jugador,Lamine Yamal Nasraoui Ebana,Lamine Yamal,Lamine Yamal,Nasraoui Ebana,2007-07-13,Esplugues de Llobregat,ES,178,76,false,true,false,false,https://assets.laliga.com/squad/2026/t178/p593109/512x556/p593109_t178_2026_0_001_000.png,https://assets.laliga.com/squad/2026/t178/p593109/1024x1113/p593109_t178_2026_0_001_000.png,https://assets.laliga.com/squad/2026/t178/p593109/512x512/p593109_t178_2026_0_002_000.jpg,32673,p593109,2026
fc-barcelona-84335,84335,fc-barcelona,FC BARCELONA,FC Barcelona,11,Delantero,delantero,Jugador,jugador,Raphael Dias Belloli,Raphinha,Raphael,Dias Belloli,1996-12-14,Porto Alegre,BR,176,64,false,true,false,false,https://assets.laliga.com/squad/2026/t178/p219961/512x556/p219961_t178_2026_0_001_000.png,https://assets.laliga.com/squad/2026/t178/p219961/1024x1113/p219961_t178_2026_0_001_000.png,https://assets.laliga.com/squad/2026/t178/p219961/512x512/p219961_t178_2026_0_002_000.jpg,6924,p219961,2026
fc-barcelona-85909,85909,fc-barcelona,FC BARCELONA,FC Barcelona,14,Delantero,delantero,Jugador,jugador,Karim Adeyemi,Adeyemi,Karim,Adeyemi,2002-01-18,München,DE,180,75,false,true,false,false,https://assets.laliga.com/squad/2026/t178/default/512x556/default_t178_2026_0_001_000.png,https://assets.laliga.com/squad/2026/t178/default/1024x1113/default_t178_2026_0_001_000.png,https://assets.laliga.com/squad/2026/t178/default/512x512/default_t178_2026_0_002_000.jpg,14564,p453750,2026
fc-barcelona-84332,84332,fc-barcelona,FC BARCELONA,FC Barcelona,17,Delantero,delantero,Jugador,jugador,Anthony Gordon,Anthony Gordon,Anthony,Gordon,2001-02-24,Liverpool,GB-ENG,183,72,false,true,false,false,https://assets.laliga.com/squad/2026/t178/default/512x556/default_t178_2026_0_001_000.png,https://assets.laliga.com/squad/2026/t178/default/1024x1113/default_t178_2026_0_001_000.png,https://assets.laliga.com/squad/2026/t178/default/512x512/default_t178_2026_0_002_000.jpg,7323,p232826,2026
fc-barcelona-86166,86166,fc-barcelona,FC BARCELONA,FC Barcelona,29,Delantero,delantero,Jugador,jugador,Hamza Mohamed Abdelkarim Elsayed Selim,Hamza Abdelkarim,Hamza Mohamed Abdelkarim Elsayed,Selim,2008-01-01,,EG,182,76,false,true,false,false,https://assets.laliga.com/squad/2026/t178/default/512x556/default_t178_2026_0_001_000.png,https://assets.laliga.com/squad/2026/t178/default/1024x1113/default_t178_2026_0_001_000.png,https://assets.laliga.com/squad/2026/t178/default/512x512/default_t178_2026_0_002_000.jpg,46014,p684337,2026
fc-barcelona-87050,87050,fc-barcelona,FC BARCELONA,FC Barcelona,,Delantero,delantero,Jugador,jugador,Gabriel Fernando de Jesus,Gabriel Jesus,Gabriel Fernando,de Jesus,1997-04-03,São Paulo,BR,175,73,false,true,false,false,https://assets.laliga.com/squad/2026/t178/default/512x556/default_t178_2026_0_001_000.png,https://assets.laliga.com/squad/2026/t178/default/1024x1113/default_t178_2026_0_001_000.png,https://assets.laliga.com/squad/2026/t178/default/512x512/default_t178_2026_0_002_000.jpg,6407,p205651,2026
fc-barcelona-84340,84340,fc-barcelona,FC BARCELONA,FC Barcelona,,Segundo entrenador,segundo-entrenador,Segundo entrenador,segundo-entrenador,Marcus Sorg,Marcus Sorg,Marcus,Sorg,1965-12-24,,DE,,,false,true,false,false,https://assets.laliga.com/squad/2026/t178/man37339/512x556/man37339_t178_2026_0_001_000.png,https://assets.laliga.com/squad/2026/t178/man37339/1024x1113/man37339_t178_2026_0_001_000.png,https://assets.laliga.com/squad/2026/t178/man37339/512x512/man37339_t178_2026_0_002_000.jpg,18887,man37339,2026
real-betis-84727,84727,real-betis,REAL BETIS,Real Betis,,Entrenador,entrenador,Entrenador,entrenador,Manuel Pellegrini,Manuel Pellegrini,Manuel,Pellegrini,1953-09-16,Santiago de Chile,CL,,,false,true,false,false,https://assets.laliga.com/squad/2026/t185/man257/512x556/man257_t185_2026_0_001_000.png,https://assets.laliga.com/squad/2026/t185/man257/1024x1113/man257_t185_2026_0_001_000.png,https://assets.laliga.com/squad/2026/t185/man257/512x512/man257_t185_2026_0_002_000.jpg,2567,man257,2026
real-betis-84696,84696,real-betis,REAL BETIS,Real Betis,1,Portero,portero,Jugador,jugador,Álvaro Valles,Á.valles,Álvaro,Valles,1997-07-25,La Rinconada,ES,190,78,false,true,false,false,https://assets.laliga.com/squad/2026/t185/p472194/512x556/p472194_t185_2026_0_001_000.png,https://assets.laliga.com/squad/2026/t185/p472194/1024x1113/p472194_t185_2026_0_001_000.png,https://assets.laliga.com/squad/2026/t185/p472194/512x512/p472194_t185_2026_0_002_000.jpg,9540,p472194,2026
real-betis-85894,85894,real-betis,REAL BETIS,Real Betis,13,Portero,portero,Jugador,jugador,Diego Conde,Diego Conde,Diego,Conde,1998-10-28,Madrid,ES,188,78,false,true,true,false,https://assets.laliga.com/assets/useful/default-player/512x556/male_1_001.png,https://assets.laliga.com/assets/useful/default-player/1024x1113/male_1_001.png,https://assets.laliga.com/assets/useful/default-player/512x512/male_1_002.jpeg,12585,p439597,2026
real-betis-84700,84700,real-betis,REAL BETIS,Real Betis,31,Portero,portero,Jugador,jugador,Manu González,Manu G.,Manu,González,2007-04-18,Isla Mayor,ES,189,81,false,true,false,false,https://assets.laliga.com/squad/2026/t185/p648428/512x556/p648428_t185_2026_0_001_000.png,https://assets.laliga.com/squad/2026/t185/p648428/1024x1113/p648428_t185_2026_0_001_000.png,https://assets.laliga.com/squad/2026/t185/p648428/512x512/p648428_t185_2026_0_002_000.jpg,38168,p648428,2026
real-betis-86870,86870,real-betis,REAL BETIS,Real Betis,40,Portero,portero,Jugador,jugador,Álvaro de Pablo,Á. De Pablo,Álvaro,de Pablo,2002-08-07,,ES,,,false,true,false,false,https://assets.laliga.com/assets/useful/default-player/512x556/male_1_001.png,https://assets.laliga.com/assets/useful/default-player/1024x1113/male_1_001.png,https://assets.laliga.com/assets/useful/default-player/512x512/male_1_002.jpeg,39249,p675374,2026
real-betis-84701,84701,real-betis,REAL BETIS,Real Betis,2,Defensa,defensa,Jugador,jugador,Héctor Bellerín,Bellerín,Héctor,Bellerín,1995-03-19,Badalona,ES,178,74,false,true,false,false,https://assets.laliga.com/squad/2026/t185/p98745/512x556/p98745_t185_2026_0_001_000.png,https://assets.laliga.com/squad/2026/t185/p98745/1024x1113/p98745_t185_2026_0_001_000.png,https://assets.laliga.com/squad/2026/t185/p98745/512x512/p98745_t185_2026_0_002_000.jpg,2419,p98745,2026
real-betis-84702,84702,real-betis,REAL BETIS,Real Betis,3,Defensa,defensa,Jugador,jugador,Diego Llorente,Llorente R.,Diego,Llorente,1993-08-16,Madrid,ES,186,75,false,true,false,false,https://assets.laliga.com/squad/2026/t185/p149915/512x556/p149915_t185_2026_0_001_000.png,https://assets.laliga.com/squad/2026/t185/p149915/1024x1113/p149915_t185_2026_0_001_000.png,https://assets.laliga.com/squad/2026/t185/p149915/512x512/p149915_t185_2026_0_002_000.jpg,989,p149915,2026
real-betis-84703,84703,real-betis,REAL BETIS,Real Betis,4,Defensa,defensa,Jugador,jugador,Natan Bernardo de Souza,Natan,Natan Bernardo,de Souza,2001-02-06,Itapecerica da Serra,BR,188,92,false,true,false,false,https://assets.laliga.com/squad/2026/t185/p448085/512x556/p448085_t185_2026_0_001_000.png,https://assets.laliga.com/squad/2026/t185/p448085/1024x1113/p448085_t185_2026_0_001_000.png,https://assets.laliga.com/squad/2026/t185/p448085/512x512/p448085_t185_2026_0_002_000.jpg,33287,p448085,2026
real-betis-84704,84704,real-betis,REAL BETIS,Real Betis,5,Defensa,defensa,Jugador,jugador,Marc Bartra,Bartra,Marc,Bartra,1991-01-15,Sant Jaume dels Domenys,ES,184,70,true,true,false,false,https://assets.laliga.com/squad/2026/t185/p81138/512x556/p81138_t185_2026_0_001_000.png,https://assets.laliga.com/squad/2026/t185/p81138/1024x1113/p81138_t185_2026_0_001_000.png,https://assets.laliga.com/squad/2026/t185/p81138/512x512/p81138_t185_2026_0_002_000.jpg,7,p81138,2026
real-betis-85601,85601,real-betis,REAL BETIS,Real Betis,11,Defensa,defensa,Jugador,jugador,Fran García,Fran García,Fran,García,1999-08-14,Bolaños de Calatrava,ES,169,63,false,true,false,false,https://assets.laliga.com/squad/2026/t185/default/512x556/default_t185_2026_0_001_000.png,https://assets.laliga.com/squad/2026/t185/default/1024x1113/default_t185_2026_0_001_000.png,https://assets.laliga.com/squad/2026/t185/default/512x512/default_t185_2026_0_002_000.jpg,9529,p227166,2026
real-betis-84705,84705,real-betis,REAL BETIS,Real Betis,16,Defensa,defensa,Jugador,jugador,Valentín Gómez,V. Gómez,Valentín,Gómez,2003-06-26,San Miguel,AR,180,76,false,true,false,false,https://assets.laliga.com/squad/2026/t185/p570931/512x556/p570931_t185_2026_0_001_000.png,https://assets.laliga.com/squad/2026/t185/p570931/1024x1113/p570931_t185_2026_0_001_000.png,https://assets.laliga.com/squad/2026/t185/p570931/512x512/p570931_t185_2026_0_002_000.jpg,41083,p570931,2026
real-betis-84706,84706,real-betis,REAL BETIS,Real Betis,23,Defensa,defensa,Jugador,jugador,Junior Firpo,J. Firpo,Junior,Firpo,1996-08-22,Santo Domingo de Guzmán,DO,184,78,false,true,false,false,https://assets.laliga.com/squad/2026/t185/p443967/512x556/p443967_t185_2026_0_001_000.png,https://assets.laliga.com/squad/2026/t185/p443967/1024x1113/p443967_t185_2026_0_001_000.png,https://assets.laliga.com/squad/2026/t185/p443967/512x512/p443967_t185_2026_0_002_000.jpg,7453,p443967,2026
real-betis-85602,85602,real-betis,REAL BETIS,Real Betis,6,Centrocampista,centrocampista,Jugador,jugador,Facundo Bernal,F. Bernal,Facundo,Bernal,2003-08-21,,UY,189,80,false,true,false,false,https://assets.laliga.com/squad/2026/t185/default/512x556/default_t185_2026_0_001_000.png,https://assets.laliga.com/squad/2026/t185/default/1024x1113/default_t185_2026_0_001_000.png,https://assets.laliga.com/squad/2026/t185/default/512x512/default_t185_2026_0_002_000.jpg,40508,p614242,2026
real-betis-84710,84710,real-betis,REAL BETIS,Real Betis,8,Centrocampista,centrocampista,Jugador,jugador,Pablo Fornals,P. Fornals,Pablo,Fornals,1996-02-22,Castelló de la Plana,ES,178,67,true,true,false,false,https://assets.laliga.com/squad/2026/t185/p217593/512x556/p217593_t185_2026_0_001_000.png,https://assets.laliga.com/squad/2026/t185/p217593/1024x1113/p217593_t185_2026_0_001_000.png,https://assets.laliga.com/squad/2026/t185/p217593/512x512/p217593_t185_2026_0_002_000.jpg,2275,p217593,2026
real-betis-84708,84708,real-betis,REAL BETIS,Real Betis,12,Centrocampista,centrocampista,Jugador,jugador,Ángel Ortiz,Á. Ortiz,Ángel,Ortiz,2004-07-25,Almendralejo,ES,167,60,false,true,false,false,https://assets.laliga.com/squad/2026/t185/p588143/512x556/p588143_t185_2026_0_001_000.png,https://assets.laliga.com/squad/2026/t185/p588143/1024x1113/p588143_t185_2026_0_001_000.png,https://assets.laliga.com/squad/2026/t185/p588143/512x512/p588143_t185_2026_0_002_000.jpg,39450,p588143,2026
real-betis-84711,84711,real-betis,REAL BETIS,Real Betis,14,Centrocampista,centrocampista,Jugador,jugador,Iker Losada,Iker,Iker,Losada,2001-08-01,Catoira,ES,175,70,false,true,false,false,https://assets.laliga.com/squad/2026/t185/default/512x556/default_t185_2026_0_001_000.png,https://assets.laliga.com/squad/2026/t185/default/1024x1113/default_t185_2026_0_001_000.png,https://assets.laliga.com/squad/2026/t185/default/512x512/default_t185_2026_0_002_000.jpg,12617,p490726,2026
real-betis-84712,84712,real-betis,REAL BETIS,Real Betis,15,Centrocampista,centrocampista,Jugador,jugador,Álvaro Fidalgo,Fidalgo,Álvaro,Fidalgo,1997-04-09,Oviedo,MX,174,68,false,true,false,false,https://assets.laliga.com/squad/2026/t185/p223761/512x556/p223761_t185_2026_0_001_000.png,https://assets.laliga.com/squad/2026/t185/p223761/1024x1113/p223761_t185_2026_0_001_000.png,https://assets.laliga.com/squad/2026/t185/p223761/512x512/p223761_t185_2026_0_002_000.jpg,9528,p223761,2026
real-betis-84713,84713,real-betis,REAL BETIS,Real Betis,17,Centrocampista,centrocampista,Jugador,jugador,Rodrigo Riquelme,Riquelme,Rodrigo,Riquelme,2000-04-02,Madrid,ES,173,66,false,true,false,false,https://assets.laliga.com/squad/2026/t185/p437834/512x556/p437834_t185_2026_0_001_000.png,https://assets.laliga.com/squad/2026/t185/p437834/1024x1113/p437834_t185_2026_0_001_000.png,https://assets.laliga.com/squad/2026/t185/p437834/512x512/p437834_t185_2026_0_002_000.jpg,12116,p437834,2026
real-betis-84714,84714,real-betis,REAL BETIS,Real Betis,18,Centrocampista,centrocampista,Jugador,jugador,Nelson Deossa,N. Deossa,Nelson,Deossa,2000-02-06,Marmato,CO,185,71,false,true,false,false,https://assets.laliga.com/squad/2026/t185/p544538/512x556/p544538_t185_2026_0_001_000.png,https://assets.laliga.com/squad/2026/t185/p544538/1024x1113/p544538_t185_2026_0_001_000.png,https://assets.laliga.com/squad/2026/t185/p544538/512x512/p544538_t185_2026_0_002_000.jpg,39759,p544538,2026
real-betis-84715,84715,real-betis,REAL BETIS,Real Betis,20,Centrocampista,centrocampista,Jugador,jugador,Giovani Lo Celso,Lo Celso,Giovani,Lo Celso,1996-04-09,Rosario,AR,177,68,true,true,false,false,https://assets.laliga.com/squad/2026/t185/p200826/512x556/p200826_t185_2026_0_001_000.png,https://assets.laliga.com/squad/2026/t185/p200826/1024x1113/p200826_t185_2026_0_001_000.png,https://assets.laliga.com/squad/2026/t185/p200826/512x512/p200826_t185_2026_0_002_000.jpg,6371,p200826,2026
real-betis-84716,84716,real-betis,REAL BETIS,Real Betis,21,Centrocampista,centrocampista,Jugador,jugador,Marc Roca,Marc Roca,Marc,Roca,1996-11-26,Vilafranca del Penedés,ES,184,77,false,true,false,false,https://assets.laliga.com/squad/2026/t185/p234370/512x556/p234370_t185_2026_0_001_000.png,https://assets.laliga.com/squad/2026/t185/p234370/1024x1113/p234370_t185_2026_0_001_000.png,https://assets.laliga.com/squad/2026/t185/p234370/512x512/p234370_t185_2026_0_002_000.jpg,4631,p234370,2026
real-betis-84717,84717,real-betis,REAL BETIS,Real Betis,22,Centrocampista,centrocampista,Jugador,jugador,Francisco Román Alarcón Suárez,Isco,Francisco Román,Alarcón Suárez,1992-04-21,Benalmádena,ES,176,79,true,true,false,false,https://assets.laliga.com/squad/2026/t185/p80209/512x556/p80209_t185_2026_0_001_000.png,https://assets.laliga.com/squad/2026/t185/p80209/1024x1113/p80209_t185_2026_0_001_000.png,https://assets.laliga.com/squad/2026/t185/p80209/512x512/p80209_t185_2026_0_002_000.jpg,66,p80209,2026
real-betis-87171,87171,real-betis,REAL BETIS,Real Betis,25,Centrocampista,centrocampista,Jugador,jugador,Dani Ceballos,D. Ceballos,Dani,Ceballos,1996-08-07,Utrera,ES,179,70,false,true,false,false,https://assets.laliga.com/squad/2026/t185/default/512x556/default_t185_2026_0_001_000.png,https://assets.laliga.com/squad/2026/t185/default/1024x1113/default_t185_2026_0_001_000.png,https://assets.laliga.com/squad/2026/t185/default/512x512/default_t185_2026_0_002_000.jpg,1297,p182539,2026
real-betis-84719,84719,real-betis,REAL BETIS,Real Betis,7,Delantero,delantero,Jugador,jugador,Antony Matheus dos Santos,Antony,Antony Matheus,dos Santos,2000-02-24,São Paulo,BR,174,63,false,true,false,false,https://assets.laliga.com/squad/2026/t185/p467169/512x556/p467169_t185_2026_0_001_000.png,https://assets.laliga.com/squad/2026/t185/p467169/1024x1113/p467169_t185_2026_0_001_000.png,https://assets.laliga.com/squad/2026/t185/p467169/512x512/p467169_t185_2026_0_002_000.jpg,15615,p467169,2026
real-betis-84721,84721,real-betis,REAL BETIS,Real Betis,9,Delantero,delantero,Jugador,jugador,Cucho Hernández,C. Hernández,Cucho,Hernández,1999-04-20,Pereira,CO,176,79,false,true,false,false,https://assets.laliga.com/squad/2026/t185/p244716/512x556/p244716_t185_2026_0_001_000.png,https://assets.laliga.com/squad/2026/t185/p244716/1024x1113/p244716_t185_2026_0_001_000.png,https://assets.laliga.com/squad/2026/t185/p244716/512x512/p244716_t185_2026_0_002_000.jpg,6262,p244716,2026
real-betis-84720,84720,real-betis,REAL BETIS,Real Betis,10,Delantero,delantero,Jugador,jugador,Abde Ezzalzouli,Ez Abde,Abde,Ezzalzouli,2001-12-17,Beni Melal,MA,177,73,false,true,false,false,https://assets.laliga.com/squad/2026/t185/p500745/512x556/p500745_t185_2026_0_001_000.png,https://assets.laliga.com/squad/2026/t185/p500745/1024x1113/p500745_t185_2026_0_001_000.png,https://assets.laliga.com/squad/2026/t185/p500745/512x512/p500745_t185_2026_0_002_000.jpg,13770,p500745,2026
real-betis-86802,86802,real-betis,REAL BETIS,Real Betis,19,Delantero,delantero,Jugador,jugador,Troy Parrott,Parrott,Troy,Parrott,2002-02-04,Dublin,IE,185,78,false,true,false,false,https://assets.laliga.com/squad/2026/t185/default/512x556/default_t185_2026_0_001_000.png,https://assets.laliga.com/squad/2026/t185/default/1024x1113/default_t185_2026_0_001_000.png,https://assets.laliga.com/squad/2026/t185/default/512x512/default_t185_2026_0_002_000.jpg,13388,p447235,2026
real-betis-84722,84722,real-betis,REAL BETIS,Real Betis,24,Delantero,delantero,Jugador,jugador,Aitor Ruibal,Aitor Ruibal,Aitor,Ruibal,1996-03-22,Sallent de Llobregat,ES,176,74,false,true,false,false,https://assets.laliga.com/squad/2026/t185/p441303/512x556/p441303_t185_2026_0_001_000.png,https://assets.laliga.com/squad/2026/t185/p441303/1024x1113/p441303_t185_2026_0_001_000.png,https://assets.laliga.com/squad/2026/t185/p441303/512x512/p441303_t185_2026_0_002_000.jpg,7280,p441303,2026
real-betis-84726,84726,real-betis,REAL BETIS,Real Betis,,Segundo entrenador,segundo-entrenador,Segundo entrenador,segundo-entrenador,Ruben Cousillas,Ruben,Ruben,Cousillas,1957-05-09,Roque Pérez,AR,,,false,true,false,false,https://assets.laliga.com/squad/2026/t185/man38389/512x556/man38389_t185_2026_0_001_000.png,https://assets.laliga.com/squad/2026/t185/man38389/1024x1113/man38389_t185_2026_0_001_000.png,https://assets.laliga.com/squad/2026/t185/man38389/512x512/man38389_t185_2026_0_002_000.jpg,14905,man38389,2026
rc-celta-84381,84381,rc-celta,RC CELTA DE VIGO,Celta,,Entrenador,entrenador,Entrenador,entrenador,Claudio Giráldez,Claudio Giraldez,Claudio,Giráldez,1988-02-24,O Porriño,ES,,,false,true,false,false,https://assets.laliga.com/squad/2026/t176/man61996/512x556/man61996_t176_2026_0_001_000.png,https://assets.laliga.com/squad/2026/t176/man61996/1024x1113/man61996_t176_2026_0_001_000.png,https://assets.laliga.com/squad/2026/t176/man61996/512x512/man61996_t176_2026_0_002_000.jpg,35633,man61996,2026
rc-celta-86396,86396,rc-celta,RC CELTA DE VIGO,Celta,1,Portero,portero,Jugador,jugador,Altay Bayindir,Altay Bayindir,Altay,Bayindir,1998-04-14,Bursa,TR,198,88,false,true,true,false,https://assets.laliga.com/assets/useful/default-player/512x556/male_1_001.png,https://assets.laliga.com/assets/useful/default-player/1024x1113/male_1_001.png,https://assets.laliga.com/assets/useful/default-player/512x512/male_1_002.jpeg,18958,p451302,2026
rc-celta-84344,84344,rc-celta,RC CELTA DE VIGO,Celta,13,Portero,portero,Jugador,jugador,Ionut Radu,Radu,Ionut,Radu,1997-05-28,Bucharest,RO,188,70,false,true,false,false,https://assets.laliga.com/squad/2026/t176/p215531/512x556/p215531_t176_2026_0_001_000.png,https://assets.laliga.com/squad/2026/t176/p215531/1024x1113/p215531_t176_2026_0_001_000.png,https://assets.laliga.com/squad/2026/t176/p215531/512x512/p215531_t176_2026_0_002_000.jpg,15822,p215531,2026
rc-celta-84343,84343,rc-celta,RC CELTA DE VIGO,Celta,25,Portero,portero,Jugador,jugador,Iván Villar,Iván Villar,Iván,Villar,1997-07-09,Aldán,ES,186,76,false,true,false,false,https://assets.laliga.com/squad/2026/t176/p234580/512x556/p234580_t176_2026_0_001_000.png,https://assets.laliga.com/squad/2026/t176/p234580/1024x1113/p234580_t176_2026_0_001_000.png,https://assets.laliga.com/squad/2026/t176/p234580/512x512/p234580_t176_2026_0_002_000.jpg,4655,p234580,2026
rc-celta-84349,84349,rc-celta,RC CELTA DE VIGO,Celta,2,Defensa,defensa,Jugador,jugador,Carl Starfelt,Starfelt,Carl,Starfelt,1995-06-01,Stockholm,SE,185,83,false,true,false,false,https://assets.laliga.com/squad/2026/t176/p174249/512x556/p174249_t176_2026_0_001_000.png,https://assets.laliga.com/squad/2026/t176/p174249/1024x1113/p174249_t176_2026_0_001_000.png,https://assets.laliga.com/squad/2026/t176/p174249/512x512/p174249_t176_2026_0_002_000.jpg,18955,p174249,2026
rc-celta-84354,84354,rc-celta,RC CELTA DE VIGO,Celta,3,Defensa,defensa,Jugador,jugador,Marcos Alonso,M. Alonso,Marcos,Alonso,1990-12-28,Madrid,ES,188,84,false,true,false,false,https://assets.laliga.com/squad/2026/t176/p82263/512x556/p82263_t176_2026_0_001_000.png,https://assets.laliga.com/squad/2026/t176/p82263/1024x1113/p82263_t176_2026_0_001_000.png,https://assets.laliga.com/squad/2026/t176/p82263/512x512/p82263_t176_2026_0_002_000.jpg,2821,p82263,2026
rc-celta-86290,86290,rc-celta,RC CELTA DE VIGO,Celta,4,Defensa,defensa,Jugador,jugador,Abdoulaye Faye,Faye,Abdoulaye,Faye,2004-09-22,,SN,188,,false,true,true,false,https://assets.laliga.com/squad/2026/t176/default/512x556/default_t176_2026_0_001_000.png,https://assets.laliga.com/squad/2026/t176/default/1024x1113/default_t176_2026_0_001_000.png,https://assets.laliga.com/squad/2026/t176/default/512x512/default_t176_2026_0_002_000.jpg,33882,p631935,2026
rc-celta-84350,84350,rc-celta,RC CELTA DE VIGO,Celta,5,Defensa,defensa,Jugador,jugador,Sergio Carreira,Carreira,Sergio,Carreira,2000-10-13,Vigo,ES,170,70,false,true,false,false,https://assets.laliga.com/squad/2026/t176/p439871/512x556/p439871_t176_2026_0_001_000.png,https://assets.laliga.com/squad/2026/t176/p439871/1024x1113/p439871_t176_2026_0_001_000.png,https://assets.laliga.com/squad/2026/t176/p439871/512x512/p439871_t176_2026_0_002_000.jpg,12678,p439871,2026
rc-celta-84352,84352,rc-celta,RC CELTA DE VIGO,Celta,15,Defensa,defensa,Jugador,jugador,Álvaro Núñez,Álvaro N.c.,Álvaro,Núñez,2000-07-07,,ES,174,60,false,true,false,false,https://assets.laliga.com/squad/2026/t176/p440594/512x556/p440594_t176_2026_0_001_000.png,https://assets.laliga.com/squad/2026/t176/p440594/1024x1113/p440594_t176_2026_0_001_000.png,https://assets.laliga.com/squad/2026/t176/p440594/512x512/p440594_t176_2026_0_002_000.jpg,33290,p440594,2026
rc-celta-84353,84353,rc-celta,RC CELTA DE VIGO,Celta,17,Defensa,defensa,Jugador,jugador,Javi Rueda,Javi Rueda,Javi,Rueda,2002-05-08,Alozaina,ES,177,74,false,true,false,false,https://assets.laliga.com/squad/2026/t176/p493333/512x556/p493333_t176_2026_0_001_000.png,https://assets.laliga.com/squad/2026/t176/p493333/1024x1113/p493333_t176_2026_0_001_000.png,https://assets.laliga.com/squad/2026/t176/p493333/512x512/p493333_t176_2026_0_002_000.jpg,24734,p493333,2026
rc-celta-84356,84356,rc-celta,RC CELTA DE VIGO,Celta,18,Defensa,defensa,Jugador,jugador,Yoel Lago,Yoel Lago,Yoel,Lago,2004-03-25,Mondariz,ES,185,70,false,true,false,false,https://assets.laliga.com/squad/2026/t176/p643133/512x556/p643133_t176_2026_0_001_000.png,https://assets.laliga.com/squad/2026/t176/p643133/1024x1113/p643133_t176_2026_0_001_000.png,https://assets.laliga.com/squad/2026/t176/p643133/512x512/p643133_t176_2026_0_002_000.jpg,35808,p643133,2026
rc-celta-84358,84358,rc-celta,RC CELTA DE VIGO,Celta,20,Defensa,defensa,Jugador,jugador,Javi Rodríguez,Javi Rguez,Javi,Rodríguez,2003-06-27,Poio,ES,178,70,false,true,false,false,https://assets.laliga.com/squad/2026/t176/p638238/512x556/p638238_t176_2026_0_001_000.png,https://assets.laliga.com/squad/2026/t176/p638238/1024x1113/p638238_t176_2026_0_001_000.png,https://assets.laliga.com/squad/2026/t176/p638238/512x512/p638238_t176_2026_0_002_000.jpg,34517,p638238,2026
rc-celta-87149,87149,rc-celta,RC CELTA DE VIGO,Celta,21,Defensa,defensa,Jugador,jugador,Sebastián Cáceres,S. Caceres,Sebastián,Cáceres,1999-08-18,Montevideo,UY,180,77,false,true,false,false,https://assets.laliga.com/squad/2026/t176/default/512x556/default_t176_2026_0_001_000.png,https://assets.laliga.com/squad/2026/t176/default/1024x1113/default_t176_2026_0_001_000.png,https://assets.laliga.com/squad/2026/t176/default/512x512/default_t176_2026_0_002_000.jpg,30521,p425715,2026
rc-celta-86960,86960,rc-celta,RC CELTA DE VIGO,Celta,27,Defensa,defensa,Jugador,jugador,Enrique Ribes,Ribes,Enrique,Ribes,2004-01-16,,ES,,,false,true,false,false,https://assets.laliga.com/squad/2026/t176/default/512x556/default_t176_2026_0_001_000.png,https://assets.laliga.com/squad/2026/t176/default/1024x1113/default_t176_2026_0_001_000.png,https://assets.laliga.com/squad/2026/t176/default/512x512/default_t176_2026_0_002_000.jpg,46222,p567886,2026
rc-celta-84360,84360,rc-celta,RC CELTA DE VIGO,Celta,6,Centrocampista,centrocampista,Jugador,jugador,Moriba Kourouma Kourouma,Moriba,Moriba,Kourouma Kourouma,2003-01-19,Conakry,GN,165,73,false,true,false,false,https://assets.laliga.com/squad/2026/t176/p465689/512x556/p465689_t176_2026_0_001_000.png,https://assets.laliga.com/squad/2026/t176/p465689/1024x1113/p465689_t176_2026_0_001_000.png,https://assets.laliga.com/squad/2026/t176/p465689/512x512/p465689_t176_2026_0_002_000.jpg,14930,p465689,2026
rc-celta-84364,84364,rc-celta,RC CELTA DE VIGO,Celta,8,Centrocampista,centrocampista,Jugador,jugador,Miguel Román,M. Román,Miguel,Román,2002-12-26,,ES,178,70,false,true,false,false,https://assets.laliga.com/squad/2026/t176/p602479/512x556/p602479_t176_2026_0_001_000.png,https://assets.laliga.com/squad/2026/t176/p602479/1024x1113/p602479_t176_2026_0_001_000.png,https://assets.laliga.com/squad/2026/t176/p602479/512x512/p602479_t176_2026_0_002_000.jpg,31440,p602479,2026
rc-celta-84359,84359,rc-celta,RC CELTA DE VIGO,Celta,14,Centrocampista,centrocampista,Jugador,jugador,Aleix Febas,Febas,Aleix,Febas,1996-02-02,Lérida,ES,171,61,false,true,false,false,https://assets.laliga.com/squad/2026/t176/default/512x556/default_t176_2026_0_001_000.png,https://assets.laliga.com/squad/2026/t176/default/1024x1113/default_t176_2026_0_001_000.png,https://assets.laliga.com/squad/2026/t176/default/512x512/default_t176_2026_0_002_000.jpg,6154,p199250,2026
rc-celta-84376,84376,rc-celta,RC CELTA DE VIGO,Celta,16,Centrocampista,centrocampista,Jugador,jugador,Hugo González,H. González,Hugo,González,2003-02-07,Valencia,ES,184,,false,true,false,false,https://assets.laliga.com/squad/2026/t176/p492900/512x556/p492900_t176_2026_0_001_000.png,https://assets.laliga.com/squad/2026/t176/p492900/1024x1113/p492900_t176_2026_0_001_000.png,https://assets.laliga.com/squad/2026/t176/p492900/512x512/p492900_t176_2026_0_002_000.png,23268,p492900,2026
rc-celta-84365,84365,rc-celta,RC CELTA DE VIGO,Celta,19,Centrocampista,centrocampista,Jugador,jugador,Williot Swedberg,Williot,Williot,Swedberg,2004-02-01,Stockholm,SE,187,78,false,true,false,false,https://assets.laliga.com/squad/2026/t176/p543932/512x556/p543932_t176_2026_0_001_000.png,https://assets.laliga.com/squad/2026/t176/p543932/1024x1113/p543932_t176_2026_0_001_000.png,https://assets.laliga.com/squad/2026/t176/p543932/512x512/p543932_t176_2026_0_002_000.jpg,22052,p543932,2026
rc-celta-84347,84347,rc-celta,RC CELTA DE VIGO,Celta,22,Centrocampista,centrocampista,Jugador,jugador,Javi Galán,Javi Galán,Javi,Galán,1994-11-19,Badajoz,ES,170,70,false,true,false,false,https://assets.laliga.com/squad/2026/t176/default/512x556/default_t176_2026_0_001_000.png,https://assets.laliga.com/squad/2026/t176/default/1024x1113/default_t176_2026_0_001_000.png,https://assets.laliga.com/squad/2026/t176/default/512x512/default_t176_2026_0_002_000.jpg,3956,p219717,2026
rc-celta-84367,84367,rc-celta,RC CELTA DE VIGO,Celta,23,Centrocampista,centrocampista,Jugador,jugador,Hugo Álvarez,Hugo A.,Hugo,Álvarez,2003-07-02,Ourense,ES,176,72,false,true,false,false,https://assets.laliga.com/squad/2026/t176/p550566/512x556/p550566_t176_2026_0_001_000.png,https://assets.laliga.com/squad/2026/t176/p550566/1024x1113/p550566_t176_2026_0_001_000.png,https://assets.laliga.com/squad/2026/t176/p550566/512x512/p550566_t176_2026_0_002_000.jpg,24190,p550566,2026
rc-celta-84368,84368,rc-celta,RC CELTA DE VIGO,Celta,28,Centrocampista,centrocampista,Jugador,jugador,Andrés Antañón,Antañon,Andrés,Antañón,2007-01-22,,ES,183,,false,true,false,false,https://assets.laliga.com/squad/2026/t176/p672231/512x556/p672231_t176_2026_0_001_000.png,https://assets.laliga.com/squad/2026/t176/p672231/1024x1113/p672231_t176_2026_0_001_000.png,https://assets.laliga.com/squad/2026/t176/p672231/512x512/p672231_t176_2026_0_002_000.jpg,44040,p672231,2026
rc-celta-84369,84369,rc-celta,RC CELTA DE VIGO,Celta,30,Centrocampista,centrocampista,Jugador,jugador,Hugo Burcio,Burcio,Hugo,Burcio,2006-10-31,,ES,187,,false,true,false,false,https://assets.laliga.com/squad/2026/t176/p657325/512x556/p657325_t176_2026_0_001_000.png,https://assets.laliga.com/squad/2026/t176/p657325/1024x1113/p657325_t176_2026_0_001_000.png,https://assets.laliga.com/squad/2026/t176/p657325/512x512/p657325_t176_2026_0_002_000.jpg,44039,p657325,2026
rc-celta-84370,84370,rc-celta,RC CELTA DE VIGO,Celta,7,Delantero,delantero,Jugador,jugador,Borja Iglesias,B. Iglesias,Borja,Iglesias,1993-01-17,Santiago de Compostela,ES,187,86,false,true,false,false,https://assets.laliga.com/squad/2026/t176/p202044/512x556/p202044_t176_2026_0_001_000.png,https://assets.laliga.com/squad/2026/t176/p202044/1024x1113/p202044_t176_2026_0_001_000.png,https://assets.laliga.com/squad/2026/t176/p202044/512x512/p202044_t176_2026_0_002_000.jpg,1720,p202044,2026
rc-celta-84372,84372,rc-celta,RC CELTA DE VIGO,Celta,9,Delantero,delantero,Jugador,jugador,Ferran Jutglà,Jutgla,Ferran,Jutglà,1999-02-01,Sant Julià de Vilatorta,ES,176,75,false,true,false,false,https://assets.laliga.com/squad/2026/t176/p464575/512x556/p464575_t176_2026_0_001_000.png,https://assets.laliga.com/squad/2026/t176/p464575/1024x1113/p464575_t176_2026_0_001_000.png,https://assets.laliga.com/squad/2026/t176/p464575/512x512/p464575_t176_2026_0_002_000.jpg,9522,p464575,2026
rc-celta-84373,84373,rc-celta,RC CELTA DE VIGO,Celta,10,Delantero,delantero,Jugador,jugador,Iago Aspas,Iago Aspas,Iago,Aspas,1987-08-01,Moaña,ES,176,67,true,true,false,false,https://assets.laliga.com/squad/2026/t176/p40270/512x556/p40270_t176_2026_0_001_000.png,https://assets.laliga.com/squad/2026/t176/p40270/1024x1113/p40270_t176_2026_0_001_000.png,https://assets.laliga.com/squad/2026/t176/p40270/512x512/p40270_t176_2026_0_002_000.jpg,1479,p40270,2026
rc-celta-84374,84374,rc-celta,RC CELTA DE VIGO,Celta,11,Delantero,delantero,Jugador,jugador,Pablo Durán,P. Durán,Pablo,Durán,2001-05-25,Tomiño,ES,176,72,false,true,false,false,https://assets.laliga.com/squad/2026/t176/p597355/512x556/p597355_t176_2026_0_001_000.png,https://assets.laliga.com/squad/2026/t176/p597355/1024x1113/p597355_t176_2026_0_001_000.png,https://assets.laliga.com/squad/2026/t176/p597355/512x512/p597355_t176_2026_0_002_000.jpg,30558,p597355,2026
rc-celta-86878,86878,rc-celta,RC CELTA DE VIGO,Celta,24,Delantero,delantero,Jugador,jugador,Couhaib Driouech,Driouech,Couhaib,Driouech,2002-04-17,IJmuiden,MA,175,75,false,true,false,false,https://assets.laliga.com/squad/2026/t176/default/512x556/default_t176_2026_0_001_000.png,https://assets.laliga.com/squad/2026/t176/default/1024x1113/default_t176_2026_0_001_000.png,https://assets.laliga.com/squad/2026/t176/default/512x512/default_t176_2026_0_002_000.jpg,38294,p510657,2026
rc-celta-84378,84378,rc-celta,RC CELTA DE VIGO,Celta,39,Delantero,delantero,Jugador,jugador,Jones El Abdellaoui,El-Abdellaoui,Jones,El Abdellaoui,2006-01-12,Oslo,MA,184,72,false,true,false,false,https://assets.laliga.com/squad/2026/t176/p566165/512x556/p566165_t176_2026_0_001_000.png,https://assets.laliga.com/squad/2026/t176/p566165/1024x1113/p566165_t176_2026_0_001_000.png,https://assets.laliga.com/squad/2026/t176/p566165/512x512/p566165_t176_2026_0_002_000.jpg,39871,p566165,2026
rc-celta-84380,84380,rc-celta,RC CELTA DE VIGO,Celta,,Segundo entrenador,segundo-entrenador,Segundo entrenador,segundo-entrenador,Rober Fernández,Rober,Rober,Fernández,1989-09-19,O Porriño,ES,,,false,true,false,false,https://assets.laliga.com/squad/2026/t176/man62588/512x556/man62588_t176_2026_0_001_000.png,https://assets.laliga.com/squad/2026/t176/man62588/1024x1113/man62588_t176_2026_0_001_000.png,https://assets.laliga.com/squad/2026/t176/man62588/512x512/man62588_t176_2026_0_002_000.jpg,35755,man62588,2026
rc-deportivo-84423,84423,rc-deportivo,DEPORTIVO,RC Deportivo,,Entrenador,entrenador,Entrenador,entrenador,Antonio Hidalgo,Antonio Hidalgo,Antonio,Hidalgo,1979-02-06,,ES,,,false,true,false,false,https://assets.laliga.com/squad/2026/t180/man50682/512x556/man50682_t180_2026_0_001_000.png,https://assets.laliga.com/squad/2026/t180/man50682/1024x1113/man50682_t180_2026_0_001_000.png,https://assets.laliga.com/squad/2026/t180/man50682/512x512/man50682_t180_2026_0_002_000.jpg,1018,man50682,2026
rc-deportivo-84384,84384,rc-deportivo,DEPORTIVO,RC Deportivo,1,Portero,portero,Jugador,jugador,Germán Parreño,Germán,Germán,Parreño,1993-02-16,Elche,ES,191,78,false,true,false,false,https://assets.laliga.com/squad/2026/t180/p149052/512x556/p149052_t180_2026_0_001_000.png,https://assets.laliga.com/squad/2026/t180/p149052/1024x1113/p149052_t180_2026_0_001_000.png,https://assets.laliga.com/squad/2026/t180/p149052/512x512/p149052_t180_2026_0_002_000.jpg,1037,p149052,2026
rc-deportivo-84383,84383,rc-deportivo,DEPORTIVO,RC Deportivo,13,Portero,portero,Jugador,jugador,Leo Román,Leo Román,Leo,Román,2000-07-06,Ibiza,ES,189,83,false,true,false,false,https://assets.laliga.com/assets/useful/default-player/512x556/male_1_001.png,https://assets.laliga.com/assets/useful/default-player/1024x1113/male_1_001.png,https://assets.laliga.com/assets/useful/default-player/512x512/male_1_002.jpeg,14070,p500755,2026
rc-deportivo-84386,84386,rc-deportivo,DEPORTIVO,RC Deportivo,25,Portero,portero,Jugador,jugador,Álvaro Fernández,A. Ferllo,Álvaro,Fernández,1998-04-13,Arnedo,ES,185,75,false,true,false,false,https://assets.laliga.com/squad/2026/t180/p240796/512x556/p240796_t180_2026_0_001_000.png,https://assets.laliga.com/squad/2026/t180/p240796/1024x1113/p240796_t180_2026_0_001_000.png,https://assets.laliga.com/squad/2026/t180/p240796/512x512/p240796_t180_2026_0_002_000.jpg,5370,p240796,2026
rc-deportivo-84388,84388,rc-deportivo,DEPORTIVO,RC Deportivo,2,Defensa,defensa,Jugador,jugador,Adrià Alti,A. Alti,Adrià,Alti,2001-03-28,,ES,170,62,false,true,false,false,https://assets.laliga.com/squad/2026/t180/p465599/512x556/p465599_t180_2026_0_001_000.png,https://assets.laliga.com/squad/2026/t180/p465599/1024x1113/p465599_t180_2026_0_001_000.png,https://assets.laliga.com/squad/2026/t180/p465599/512x512/p465599_t180_2026_0_002_000.jpg,24402,p465599,2026
rc-deportivo-84389,84389,rc-deportivo,DEPORTIVO,RC Deportivo,3,Defensa,defensa,Jugador,jugador,Arnau Comas,Comas,Arnau,Comas,2000-04-11,,ES,191,79,false,true,false,false,https://assets.laliga.com/squad/2026/t180/p437774/512x556/p437774_t180_2026_0_001_000.png,https://assets.laliga.com/squad/2026/t180/p437774/1024x1113/p437774_t180_2026_0_001_000.png,https://assets.laliga.com/squad/2026/t180/p437774/512x512/p437774_t180_2026_0_002_000.jpg,14262,p437774,2026
rc-deportivo-84390,84390,rc-deportivo,DEPORTIVO,RC Deportivo,4,Defensa,defensa,Jugador,jugador,Lucas Noubi,Noubi,Lucas,Noubi,2005-01-15,,BE,184,81,false,true,false,false,https://assets.laliga.com/squad/2026/t180/p543316/512x556/p543316_t180_2026_0_001_000.png,https://assets.laliga.com/squad/2026/t180/p543316/1024x1113/p543316_t180_2026_0_001_000.png,https://assets.laliga.com/squad/2026/t180/p543316/512x512/p543316_t180_2026_0_002_000.jpg,40969,p543316,2026
rc-deportivo-84391,84391,rc-deportivo,DEPORTIVO,RC Deportivo,5,Defensa,defensa,Jugador,jugador,Dani Barcia,Dani Barcia,Dani,Barcia,2003-01-19,,ES,186,77,false,true,false,false,https://assets.laliga.com/squad/2026/t180/p568583/512x556/p568583_t180_2026_0_001_000.png,https://assets.laliga.com/squad/2026/t180/p568583/1024x1113/p568583_t180_2026_0_001_000.png,https://assets.laliga.com/squad/2026/t180/p568583/512x512/p568583_t180_2026_0_002_000.jpg,31134,p568583,2026
rc-deportivo-84393,84393,rc-deportivo,DEPORTIVO,RC Deportivo,12,Defensa,defensa,Jugador,jugador,Giacomo Quagliata,Quagliata,Giacomo,Quagliata,2000-02-19,Palermo,IT,180,69,false,true,false,false,https://assets.laliga.com/squad/2026/t180/p456504/512x556/p456504_t180_2026_0_001_000.png,https://assets.laliga.com/squad/2026/t180/p456504/1024x1113/p456504_t180_2026_0_001_000.png,https://assets.laliga.com/squad/2026/t180/p456504/512x512/p456504_t180_2026_0_002_000.jpg,27825,p456504,2026
rc-deportivo-84394,84394,rc-deportivo,DEPORTIVO,RC Deportivo,15,Defensa,defensa,Jugador,jugador,Miguel Loureiro,M. Loureiro,Miguel,Loureiro,1996-11-21,Tordoia,ES,182,70,false,true,false,false,https://assets.laliga.com/squad/2026/t180/p429213/512x556/p429213_t180_2026_0_001_000.png,https://assets.laliga.com/squad/2026/t180/p429213/1024x1113/p429213_t180_2026_0_001_000.png,https://assets.laliga.com/squad/2026/t180/p429213/512x512/p429213_t180_2026_0_002_000.jpg,6132,p429213,2026
rc-deportivo-85595,85595,rc-deportivo,DEPORTIVO,RC Deportivo,22,Defensa,defensa,Jugador,jugador,Bright Ede,Ede,Bright,Ede,2007-02-18,Warsaw,PL,193,85,false,true,false,false,https://assets.laliga.com/squad/2026/t180/default/512x556/default_t180_2026_0_001_000.png,https://assets.laliga.com/squad/2026/t180/default/1024x1113/default_t180_2026_0_001_000.png,https://assets.laliga.com/squad/2026/t180/default/512x512/default_t180_2026_0_002_000.jpg,46895,p679125,2026
rc-deportivo-84395,84395,rc-deportivo,DEPORTIVO,RC Deportivo,23,Defensa,defensa,Jugador,jugador,Joaquín Navarro Jiménez,X. Navarro,Joaquín,Navarro Jiménez,1990-01-23,Guadahortuna,ES,176,75,false,true,false,false,https://assets.laliga.com/squad/2026/t180/p90728/512x556/p90728_t180_2026_0_001_000.png,https://assets.laliga.com/squad/2026/t180/p90728/1024x1113/p90728_t180_2026_0_001_000.png,https://assets.laliga.com/squad/2026/t180/p90728/512x512/p90728_t180_2026_0_002_000.jpg,182,p90728,2026
rc-deportivo-86354,86354,rc-deportivo,DEPORTIVO,RC Deportivo,24,Defensa,defensa,Jugador,jugador,José Ángel Esmoris Tasende,Angeliño,José Ángel,Esmoris Tasende,1997-01-04,Coristanco,ES,171,69,false,true,true,false,https://assets.laliga.com/squad/2026/t180/default/512x556/default_t180_2026_0_001_000.png,https://assets.laliga.com/squad/2026/t180/default/1024x1113/default_t180_2026_0_001_000.png,https://assets.laliga.com/squad/2026/t180/default/512x512/default_t180_2026_0_002_000.jpg,4820,p145235,2026
rc-deportivo-84406,84406,rc-deportivo,DEPORTIVO,RC Deportivo,8,Centrocampista,centrocampista,Jugador,jugador,Diego Villares,D. Villares,Diego,Villares,1996-06-17,Villalba,ES,180,75,false,true,false,false,https://assets.laliga.com/squad/2026/t180/p562005/512x556/p562005_t180_2026_0_001_000.png,https://assets.laliga.com/squad/2026/t180/p562005/1024x1113/p562005_t180_2026_0_001_000.png,https://assets.laliga.com/squad/2026/t180/p562005/512x512/p562005_t180_2026_0_002_000.jpg,25298,p562005,2026
rc-deportivo-84414,84414,rc-deportivo,DEPORTIVO,RC Deportivo,10,Centrocampista,centrocampista,Jugador,jugador,Yeremay Hernández,Yeremay,Yeremay,Hernández,2002-12-10,Las Palmas de Gran Canaria,ES,170,61,false,true,false,false,https://assets.laliga.com/squad/2026/t180/p523890/512x556/p523890_t180_2026_0_001_000.png,https://assets.laliga.com/squad/2026/t180/p523890/1024x1113/p523890_t180_2026_0_001_000.png,https://assets.laliga.com/squad/2026/t180/p523890/512x512/p523890_t180_2026_0_002_000.jpg,16992,p523890,2026
rc-deportivo-84415,84415,rc-deportivo,DEPORTIVO,RC Deportivo,11,Centrocampista,centrocampista,Jugador,jugador,David Mella,Mella,David,Mella,2005-05-23,,ES,169,65,false,true,false,false,https://assets.laliga.com/squad/2026/t180/p554651/512x556/p554651_t180_2026_0_001_000.png,https://assets.laliga.com/squad/2026/t180/p554651/1024x1113/p554651_t180_2026_0_001_000.png,https://assets.laliga.com/squad/2026/t180/p554651/512x512/p554651_t180_2026_0_002_000.jpg,34648,p554651,2026
rc-deportivo-84407,84407,rc-deportivo,DEPORTIVO,RC Deportivo,14,Centrocampista,centrocampista,Jugador,jugador,Riki Rodríguez,Riki,Riki,Rodríguez,1997-09-25,Oviedo,ES,175,70,false,true,false,false,https://assets.laliga.com/squad/2026/t180/p464470/512x556/p464470_t180_2026_0_001_000.png,https://assets.laliga.com/squad/2026/t180/p464470/1024x1113/p464470_t180_2026_0_001_000.png,https://assets.laliga.com/squad/2026/t180/p464470/512x512/p464470_t180_2026_0_002_000.jpg,12633,p464470,2026
rc-deportivo-85693,85693,rc-deportivo,DEPORTIVO,RC Deportivo,16,Centrocampista,centrocampista,Jugador,jugador,Lorenzo Amatucci,Amatucci,Lorenzo,Amatucci,2004-02-05,Arezzo,IT,173,73,false,true,false,false,https://assets.laliga.com/squad/2026/t180/default/512x556/default_t180_2026_0_001_000.png,https://assets.laliga.com/squad/2026/t180/default/1024x1113/default_t180_2026_0_001_000.png,https://assets.laliga.com/squad/2026/t180/default/512x512/default_t180_2026_0_002_000.jpg,32154,p607463,2026
rc-deportivo-85719,85719,rc-deportivo,DEPORTIVO,RC Deportivo,18,Centrocampista,centrocampista,Jugador,jugador,Jonathan Asp Jensen,Asp - Jensen,Jonathan Asp,Jensen,2006-01-14,,DK,182,72,false,true,false,false,https://assets.laliga.com/squad/2026/t180/default/512x556/default_t180_2026_0_001_000.png,https://assets.laliga.com/squad/2026/t180/default/1024x1113/default_t180_2026_0_001_000.png,https://assets.laliga.com/squad/2026/t180/default/512x512/default_t180_2026_0_002_000.jpg,35731,p568404,2026
rc-deportivo-84409,84409,rc-deportivo,DEPORTIVO,RC Deportivo,21,Centrocampista,centrocampista,Jugador,jugador,Mario Soriano,Mario S.,Mario,Soriano,2002-04-22,,ES,163,60,false,true,false,false,https://assets.laliga.com/squad/2026/t180/p488042/512x556/p488042_t180_2026_0_001_000.png,https://assets.laliga.com/squad/2026/t180/p488042/1024x1113/p488042_t180_2026_0_001_000.png,https://assets.laliga.com/squad/2026/t180/p488042/512x512/p488042_t180_2026_0_002_000.jpg,16961,p488042,2026
rc-deportivo-84402,84402,rc-deportivo,DEPORTIVO,RC Deportivo,,Centrocampista,centrocampista,Jugador,jugador,Teun Gijselhart,Gijselhart,Teun,Gijselhart,2005-04-06,,NL,176,69,false,true,false,false,https://assets.laliga.com/squad/2026/t180/default/512x556/default_t180_2026_0_001_000.png,https://assets.laliga.com/squad/2026/t180/default/1024x1113/default_t180_2026_0_001_000.png,https://assets.laliga.com/squad/2026/t180/default/512x512/default_t180_2026_0_002_000.jpg,46215,p560616,2026
rc-deportivo-85826,85826,rc-deportivo,DEPORTIVO,RC Deportivo,7,Delantero,delantero,Jugador,jugador,Pierre-Emerick Aubameyang,Aubameyang,Pierre-Emerick,Aubameyang,1989-06-18,Laval,GA,187,80,false,true,false,false,https://assets.laliga.com/squad/2026/t180/default/512x556/default_t180_2026_0_001_000.png,https://assets.laliga.com/squad/2026/t180/default/1024x1113/default_t180_2026_0_001_000.png,https://assets.laliga.com/squad/2026/t180/default/512x512/default_t180_2026_0_002_000.jpg,3750,p54694,2026
rc-deportivo-84413,84413,rc-deportivo,DEPORTIVO,RC Deportivo,9,Delantero,delantero,Jugador,jugador,Zakaria Eddahchouri,Eddahchouri,Zakaria,Eddahchouri,2000-05-11,Papendrecht,NL,187,78,false,true,false,false,https://assets.laliga.com/squad/2026/t180/p479491/512x556/p479491_t180_2026_0_001_000.png,https://assets.laliga.com/squad/2026/t180/p479491/1024x1113/p479491_t180_2026_0_001_000.png,https://assets.laliga.com/squad/2026/t180/p479491/512x512/p479491_t180_2026_0_002_000.jpg,40007,p479491,2026
rc-deportivo-84416,84416,rc-deportivo,DEPORTIVO,RC Deportivo,19,Delantero,delantero,Jugador,jugador,Luismi Cruz,Luismi Cruz,Luismi,Cruz,2001-05-23,El Puerto de Santa María,ES,166,62,false,true,false,false,https://assets.laliga.com/squad/2026/t180/p546000/512x556/p546000_t180_2026_0_001_000.png,https://assets.laliga.com/squad/2026/t180/p546000/1024x1113/p546000_t180_2026_0_001_000.png,https://assets.laliga.com/squad/2026/t180/p546000/512x512/p546000_t180_2026_0_002_000.jpg,24283,p546000,2026
rc-deportivo-84420,84420,rc-deportivo,DEPORTIVO,RC Deportivo,32,Delantero,delantero,Jugador,jugador,Bil Nsongo,Nsongo Bil,Bil,Nsongo,2004-09-21,Yaoundé,CM,182,70,false,true,false,false,https://assets.laliga.com/squad/2026/t180/p711110/512x556/p711110_t180_2026_0_001_000.png,https://assets.laliga.com/squad/2026/t180/p711110/1024x1113/p711110_t180_2026_0_001_000.png,https://assets.laliga.com/squad/2026/t180/p711110/512x512/p711110_t180_2026_0_002_000.jpg,44154,p711110,2026
rc-deportivo-84421,84421,rc-deportivo,DEPORTIVO,RC Deportivo,33,Delantero,delantero,Jugador,jugador,Kevin Sánchez,Kevin,Kevin,Sánchez,2005-02-20,Burgos,ES,169,70,false,true,false,false,https://assets.laliga.com/squad/2026/t180/default/512x556/default_t180_2026_0_001_000.png,https://assets.laliga.com/squad/2026/t180/default/1024x1113/default_t180_2026_0_001_000.png,https://assets.laliga.com/squad/2026/t180/default/512x512/default_t180_2026_0_002_000.jpg,35182,p568601,2026
rc-deportivo-87028,87028,rc-deportivo,DEPORTIVO,RC Deportivo,,Delantero,delantero,Jugador,jugador,Adama Traoré,Adama,Adama,Traoré,1996-01-25,L'Hospitalet de Llobregat,ES,178,86,false,true,false,false,https://assets.laliga.com/squad/2026/t180/default/512x556/default_t180_2026_0_001_000.png,https://assets.laliga.com/squad/2026/t180/default/1024x1113/default_t180_2026_0_001_000.png,https://assets.laliga.com/squad/2026/t180/default/512x512/default_t180_2026_0_002_000.jpg,536,p159533,2026
rc-deportivo-84424,84424,rc-deportivo,DEPORTIVO,RC Deportivo,,Segundo entrenador,segundo-entrenador,Segundo entrenador,segundo-entrenador,Ignasi Salafranca,Ignasi,Ignasi,Salafranca,1992-07-23,,ES,,,false,true,false,false,https://assets.laliga.com/squad/2026/t180/man54096/512x556/man54096_t180_2026_0_001_000.png,https://assets.laliga.com/squad/2026/t180/man54096/1024x1113/man54096_t180_2026_0_001_000.png,https://assets.laliga.com/squad/2026/t180/man54096/512x512/man54096_t180_2026_0_002_000.jpg,15924,man54096,2026
elche-c-f-84461,84461,elche-c-f,ELCHE CF,Elche CF,,Entrenador,entrenador,Entrenador,entrenador,Martín Anselmi,Martin Anselmi,Martín,Anselmi,1985-07-11,,AR,,,false,true,false,false,https://assets.laliga.com/assets/useful/default-player/512x556/manager_001.png,https://assets.laliga.com/assets/useful/default-player/1024x1113/manager_001.png,https://assets.laliga.com/assets/useful/default-player/512x512/manager_002.jpeg,26583,man54604,2026
elche-c-f-84425,84425,elche-c-f,ELCHE CF,Elche CF,1,Portero,portero,Jugador,jugador,Matías Dituro,M. Dituro,Matías,Dituro,1987-05-08,Bigand,AR,191,86,false,true,false,false,https://assets.laliga.com/squad/2026/t954/p98448/512x556/p98448_t954_2026_0_001_000.png,https://assets.laliga.com/squad/2026/t954/p98448/1024x1113/p98448_t954_2026_0_001_000.png,https://assets.laliga.com/squad/2026/t954/p98448/512x512/p98448_t954_2026_0_002_000.jpg,20682,p98448,2026
elche-c-f-84426,84426,elche-c-f,ELCHE CF,Elche CF,,Portero,portero,Jugador,jugador,Alejandro Iturbe,A. Iturbe,Alejandro,Iturbe,2003-09-02,Madrid,ES,186,74,false,true,false,false,https://assets.laliga.com/squad/2026/t954/p494920/512x556/p494920_t954_2026_0_001_000.png,https://assets.laliga.com/squad/2026/t954/p494920/1024x1113/p494920_t954_2026_0_001_000.png,https://assets.laliga.com/squad/2026/t954/p494920/512x512/p494920_t954_2026_0_002_000.jpg,24222,p494920,2026
elche-c-f-84427,84427,elche-c-f,ELCHE CF,Elche CF,2,Defensa,defensa,Jugador,jugador,Buba Sangaré,B. Sangare,Buba,Sangaré,2007-08-06,Elche,ES,183,75,false,true,false,false,https://assets.laliga.com/squad/2026/t954/p633425/512x556/p633425_t954_2026_0_001_000.png,https://assets.laliga.com/squad/2026/t954/p633425/1024x1113/p633425_t954_2026_0_001_000.png,https://assets.laliga.com/squad/2026/t954/p633425/512x512/p633425_t954_2026_0_002_000.jpg,35112,p633425,2026
elche-c-f-84430,84430,elche-c-f,ELCHE CF,Elche CF,4,Defensa,defensa,Jugador,jugador,Bambo Diaby,Diaby,Bambo,Diaby,1997-12-17,Mataró,ES,186,81,false,true,false,false,https://assets.laliga.com/squad/2026/t954/default/512x556/default_t954_2026_0_001_000.png,https://assets.laliga.com/squad/2026/t954/default/1024x1113/default_t954_2026_0_001_000.png,https://assets.laliga.com/squad/2026/t954/default/512x512/default_t954_2026_0_002_000.jpg,7159,p246800,2026
elche-c-f-84431,84431,elche-c-f,ELCHE CF,Elche CF,6,Defensa,defensa,Jugador,jugador,Pedro Bigas,R.p. Bigas,Pedro,Bigas,1990-05-15,Palma de Mallorca,ES,181,83,false,true,false,false,https://assets.laliga.com/squad/2026/t954/p91393/512x556/p91393_t954_2026_0_001_000.png,https://assets.laliga.com/squad/2026/t954/p91393/1024x1113/p91393_t954_2026_0_001_000.png,https://assets.laliga.com/squad/2026/t954/p91393/512x512/p91393_t954_2026_0_002_000.jpg,180,p91393,2026
elche-c-f-84429,84429,elche-c-f,ELCHE CF,Elche CF,23,Defensa,defensa,Jugador,jugador,Víctor Chust,Victor Chust,Víctor,Chust,2000-03-05,Valencia,ES,182,77,false,true,false,false,https://assets.laliga.com/squad/2026/t954/p437463/512x556/p437463_t954_2026_0_001_000.png,https://assets.laliga.com/squad/2026/t954/p437463/1024x1113/p437463_t954_2026_0_001_000.png,https://assets.laliga.com/squad/2026/t954/p437463/512x512/p437463_t954_2026_0_002_000.jpg,15067,p437463,2026
elche-c-f-84428,84428,elche-c-f,ELCHE CF,Elche CF,26,Defensa,defensa,Jugador,jugador,Matia Barzic,M. Baržić,Matia,Barzic,2004-05-31,,HR,190,82,false,true,false,false,https://assets.laliga.com/squad/2026/t954/default/512x556/default_t954_2026_0_001_000.png,https://assets.laliga.com/squad/2026/t954/default/1024x1113/default_t954_2026_0_001_000.png,https://assets.laliga.com/squad/2026/t954/default/512x512/default_t954_2026_0_002_000.jpg,37743,p593181,2026
elche-c-f-84440,84440,elche-c-f,ELCHE CF,Elche CF,5,Centrocampista,centrocampista,Jugador,jugador,Federico Redondo,Redondo,Federico,Redondo,2003-01-18,Madrid,AR,188,78,false,true,false,false,https://assets.laliga.com/squad/2026/t954/p536884/512x556/p536884_t954_2026_0_001_000.png,https://assets.laliga.com/squad/2026/t954/p536884/1024x1113/p536884_t954_2026_0_001_000.png,https://assets.laliga.com/squad/2026/t954/p536884/512x512/p536884_t954_2026_0_002_000.jpg,40384,p536884,2026
elche-c-f-84448,84448,elche-c-f,ELCHE CF,Elche CF,7,Centrocampista,centrocampista,Jugador,jugador,Yago Santiago,Santiago,Yago,Santiago,2003-04-15,Vigo,ES,180,73,false,true,false,false,https://assets.laliga.com/squad/2026/t954/p492779/512x556/p492779_t954_2026_0_001_000.png,https://assets.laliga.com/squad/2026/t954/p492779/1024x1113/p492779_t954_2026_0_001_000.png,https://assets.laliga.com/squad/2026/t954/p492779/512x512/p492779_t954_2026_0_002_000.jpg,31833,p492779,2026
elche-c-f-84441,84441,elche-c-f,ELCHE CF,Elche CF,8,Centrocampista,centrocampista,Jugador,jugador,Marc Aguado,M. Aguado,Marc,Aguado,2000-02-22,Zaragoza,ES,178,68,false,true,false,false,https://assets.laliga.com/squad/2026/t954/p484741/512x556/p484741_t954_2026_0_001_000.png,https://assets.laliga.com/squad/2026/t954/p484741/1024x1113/p484741_t954_2026_0_001_000.png,https://assets.laliga.com/squad/2026/t954/p484741/512x512/p484741_t954_2026_0_002_000.jpg,12646,p484741,2026
elche-c-f-86428,86428,elche-c-f,ELCHE CF,Elche CF,10,Centrocampista,centrocampista,Jugador,jugador,Facundo Buonanotte,Buonanotte,Facundo,Buonanotte,2004-12-23,Pérez,AR,174,66,false,true,true,false,https://assets.laliga.com/squad/2026/t954/default/512x556/default_t954_2026_0_001_000.png,https://assets.laliga.com/squad/2026/t954/default/1024x1113/default_t954_2026_0_001_000.png,https://assets.laliga.com/squad/2026/t954/default/512x512/default_t954_2026_0_002_000.jpg,32019,p536916,2026
elche-c-f-84450,84450,elche-c-f,ELCHE CF,Elche CF,11,Centrocampista,centrocampista,Jugador,jugador,Germán Valera,Germán V.,Germán,Valera,2002-03-16,Murcia,ES,170,68,false,true,false,false,https://assets.laliga.com/squad/2026/t954/p467020/512x556/p467020_t954_2026_0_001_000.png,https://assets.laliga.com/squad/2026/t954/p467020/1024x1113/p467020_t954_2026_0_001_000.png,https://assets.laliga.com/squad/2026/t954/p467020/512x512/p467020_t954_2026_0_002_000.jpg,14411,p467020,2026
elche-c-f-84439,84439,elche-c-f,ELCHE CF,Elche CF,12,Centrocampista,centrocampista,Jugador,jugador,Gonzalo Villar,G. Villar,Gonzalo,Villar,1998-03-23,Murcia,ES,181,73,false,true,false,false,https://assets.laliga.com/squad/2026/t954/p450782/512x556/p450782_t954_2026_0_001_000.png,https://assets.laliga.com/squad/2026/t954/p450782/1024x1113/p450782_t954_2026_0_001_000.png,https://assets.laliga.com/squad/2026/t954/p450782/512x512/p450782_t954_2026_0_002_000.jpg,7608,p450782,2026
elche-c-f-84442,84442,elche-c-f,ELCHE CF,Elche CF,16,Centrocampista,centrocampista,Jugador,jugador,Martim Carvalho Neto,M. Neto,Martim,Carvalho Neto,2003-01-14,Viana do Castelo,PT,185,82,false,true,false,false,https://assets.laliga.com/squad/2026/t954/p483083/512x556/p483083_t954_2026_0_001_000.png,https://assets.laliga.com/squad/2026/t954/p483083/1024x1113/p483083_t954_2026_0_001_000.png,https://assets.laliga.com/squad/2026/t954/p483083/512x512/p483083_t954_2026_0_002_000.jpg,41086,p483083,2026
elche-c-f-84443,84443,elche-c-f,ELCHE CF,Elche CF,17,Centrocampista,centrocampista,Jugador,jugador,José Antonio Ferrández Pomares,Josan,José Antonio,Ferrández Pomares,1989-12-03,Crevillente,ES,175,68,false,true,false,false,https://assets.laliga.com/squad/2026/t954/p199195/512x556/p199195_t954_2026_0_001_000.png,https://assets.laliga.com/squad/2026/t954/p199195/1024x1113/p199195_t954_2026_0_001_000.png,https://assets.laliga.com/squad/2026/t954/p199195/512x512/p199195_t954_2026_0_002_000.jpg,1996,p199195,2026
elche-c-f-84452,84452,elche-c-f,ELCHE CF,Elche CF,19,Centrocampista,centrocampista,Jugador,jugador,Grady Diangana,Diang,Grady,Diangana,1998-04-19,Lubumbashi,CD,180,73,false,true,false,false,https://assets.laliga.com/squad/2026/t954/p179830/512x556/p179830_t954_2026_0_001_000.png,https://assets.laliga.com/squad/2026/t954/p179830/1024x1113/p179830_t954_2026_0_001_000.png,https://assets.laliga.com/squad/2026/t954/p179830/512x512/p179830_t954_2026_0_002_000.jpg,17478,p179830,2026
elche-c-f-84451,84451,elche-c-f,ELCHE CF,Elche CF,20,Centrocampista,centrocampista,Jugador,jugador,José Antonio Morente Oliva,T. Morente,José Antonio,Morente Oliva,1996-12-04,La Línea de la Concepción,ES,180,76,false,true,false,false,https://assets.laliga.com/squad/2026/t954/p429644/512x556/p429644_t954_2026_0_001_000.png,https://assets.laliga.com/squad/2026/t954/p429644/1024x1113/p429644_t954_2026_0_001_000.png,https://assets.laliga.com/squad/2026/t954/p429644/512x512/p429644_t954_2026_0_002_000.jpg,6263,p429644,2026
elche-c-f-86702,86702,elche-c-f,ELCHE CF,Elche CF,30,Centrocampista,centrocampista,Jugador,jugador,Álvaro Padilla,Padilla,Álvaro,Padilla,2006-04-25,,ES,,,false,true,false,false,https://assets.laliga.com/squad/2026/t954/default/512x556/default_t954_2026_0_001_000.png,https://assets.laliga.com/squad/2026/t954/default/1024x1113/default_t954_2026_0_001_000.png,https://assets.laliga.com/squad/2026/t954/default/512x512/default_t954_2026_0_002_000.jpg,47232,p748535,2026
elche-c-f-86397,86397,elche-c-f,ELCHE CF,Elche CF,47,Centrocampista,centrocampista,Jugador,jugador,Javier Morcillo,Morcillo,Javier,Morcillo,2006-03-15,,ES,183,,false,true,false,false,https://assets.laliga.com/squad/2026/t954/default/512x556/default_t954_2026_0_001_000.png,https://assets.laliga.com/squad/2026/t954/default/1024x1113/default_t954_2026_0_001_000.png,https://assets.laliga.com/squad/2026/t954/default/512x512/default_t954_2026_0_002_000.jpg,45794,p714598,2026
elche-c-f-87079,87079,elche-c-f,ELCHE CF,Elche CF,,Centrocampista,centrocampista,Jugador,jugador,Rubén Sánchez,Rubén S.,Rubén,Sánchez,2001-02-04,Barcelona,ES,185,73,false,true,false,false,https://assets.laliga.com/squad/2026/t954/default/512x556/default_t954_2026_0_001_000.png,https://assets.laliga.com/squad/2026/t954/default/1024x1113/default_t954_2026_0_001_000.png,https://assets.laliga.com/squad/2026/t954/default/512x512/default_t954_2026_0_002_000.jpg,19186,p539600,2026
elche-c-f-87150,87150,elche-c-f,ELCHE CF,Elche CF,,Centrocampista,centrocampista,Jugador,jugador,Thomas Lemar,Lemar,Thomas,Lemar,1995-11-12,Baie-Mahault,FR,171,63,true,true,true,false,https://assets.laliga.com/squad/2026/t954/default/512x556/default_t954_2026_0_001_000.png,https://assets.laliga.com/squad/2026/t954/default/1024x1113/default_t954_2026_0_001_000.png,https://assets.laliga.com/squad/2026/t954/default/512x512/default_t954_2026_0_002_000.jpg,2273,p167449,2026
elche-c-f-86643,86643,elche-c-f,ELCHE CF,Elche CF,9,Delantero,delantero,Jugador,jugador,Ezequiel Ponce,E. Ponce,Ezequiel,Ponce,1997-03-29,Rosario,AR,180,79,false,true,false,false,https://assets.laliga.com/squad/2026/t954/default/512x556/default_t954_2026_0_001_000.png,https://assets.laliga.com/squad/2026/t954/default/1024x1113/default_t954_2026_0_001_000.png,https://assets.laliga.com/squad/2026/t954/default/512x512/default_t954_2026_0_002_000.jpg,4626,p172845,2026
elche-c-f-86170,86170,elche-c-f,ELCHE CF,Elche CF,14,Delantero,delantero,Jugador,jugador,Fer Niño,F. Niño,Fer,Niño,2000-10-24,Rota,ES,191,78,false,true,false,false,https://assets.laliga.com/squad/2026/t954/default/512x556/default_t954_2026_0_001_000.png,https://assets.laliga.com/squad/2026/t954/default/1024x1113/default_t954_2026_0_001_000.png,https://assets.laliga.com/squad/2026/t954/default/512x512/default_t954_2026_0_002_000.jpg,14508,p502290,2026
elche-c-f-84454,84454,elche-c-f,ELCHE CF,Elche CF,21,Delantero,delantero,Jugador,jugador,Lucas Cepeda,Cepeda,Lucas,Cepeda,2002-10-31,Viña del Mar,CL,177,66,false,true,false,false,https://assets.laliga.com/squad/2026/t954/p541759/512x556/p541759_t954_2026_0_001_000.png,https://assets.laliga.com/squad/2026/t954/p541759/1024x1113/p541759_t954_2026_0_001_000.png,https://assets.laliga.com/squad/2026/t954/p541759/512x512/p541759_t954_2026_0_002_000.jpg,26894,p541759,2026
elche-c-f-84447,84447,elche-c-f,ELCHE CF,Elche CF,24,Delantero,delantero,Jugador,jugador,Abiel Osorio,Osorio,Abiel,Osorio,2002-06-13,San Nicolás de los Arroyos,AR,182,82,false,true,false,false,https://assets.laliga.com/squad/2026/t954/default/512x556/default_t954_2026_0_001_000.png,https://assets.laliga.com/squad/2026/t954/default/1024x1113/default_t954_2026_0_001_000.png,https://assets.laliga.com/squad/2026/t954/default/512x512/default_t954_2026_0_002_000.jpg,45136,p572662,2026
elche-c-f-84458,84458,elche-c-f,ELCHE CF,Elche CF,29,Delantero,delantero,Jugador,jugador,Ali Houary,Ali Houary,Ali,Houary,2005-08-05,Orihuela,MA,178,74,false,true,false,false,https://assets.laliga.com/squad/2026/t954/default/512x556/default_t954_2026_0_001_000.png,https://assets.laliga.com/squad/2026/t954/default/1024x1113/default_t954_2026_0_001_000.png,https://assets.laliga.com/squad/2026/t954/default/512x512/default_t954_2026_0_002_000.jpg,34766,p631382,2026
elche-c-f-84457,84457,elche-c-f,ELCHE CF,Elche CF,33,Delantero,delantero,Jugador,jugador,Nordin Al Lal,N. Al-Lal,Nordin,Al Lal,2005-02-14,,MA,178,,false,true,false,false,https://assets.laliga.com/squad/2026/t954/p631383/512x556/p631383_t954_2026_0_001_000.png,https://assets.laliga.com/squad/2026/t954/p631383/1024x1113/p631383_t954_2026_0_001_000.png,https://assets.laliga.com/squad/2026/t954/p631383/512x512/p631383_t954_2026_0_002_000.jpg,33701,p631383,2026
elche-c-f-86137,86137,elche-c-f,ELCHE CF,Elche CF,,Segundo entrenador,segundo-entrenador,Segundo entrenador,segundo-entrenador,Luis Pastur,Luis Pastur,Luis,Pastur,1991-07-28,,ES,,,false,true,false,false,https://assets.laliga.com/assets/useful/default-player/512x556/manager_001.png,https://assets.laliga.com/assets/useful/default-player/1024x1113/manager_001.png,https://assets.laliga.com/assets/useful/default-player/512x512/manager_002.jpeg,47055,man69606,2026
rcd-espanyol-84503,84503,rcd-espanyol,RCD ESPANYOL,RCD Espanyol de Barcelona,,Entrenador,entrenador,Entrenador,entrenador,José Manuel González Álvarez,Manolo González,José Manuel,González Álvarez,1979-01-14,Folgoso do Courel,ES,,,false,true,false,false,https://assets.laliga.com/squad/2026/t177/man50805/512x556/man50805_t177_2026_0_001_000.png,https://assets.laliga.com/squad/2026/t177/man50805/1024x1113/man50805_t177_2026_0_001_000.png,https://assets.laliga.com/squad/2026/t177/man50805/512x512/man50805_t177_2026_0_002_000.jpg,9347,man50805,2026
rcd-espanyol-84464,84464,rcd-espanyol,RCD ESPANYOL,RCD Espanyol de Barcelona,1,Portero,portero,Jugador,jugador,Ángel Fortuño,Àngel Fortuño,Ángel,Fortuño,2001-10-05,Barcelona,ES,183,77,false,true,false,false,https://assets.laliga.com/squad/2026/t177/p513951/512x556/p513951_t177_2026_0_001_000.png,https://assets.laliga.com/squad/2026/t177/p513951/1024x1113/p513951_t177_2026_0_001_000.png,https://assets.laliga.com/squad/2026/t177/p513951/512x512/p513951_t177_2026_0_002_000.jpg,14931,p513951,2026
rcd-espanyol-84465,84465,rcd-espanyol,RCD ESPANYOL,RCD Espanyol de Barcelona,13,Portero,portero,Jugador,jugador,Marko Dmitrovic,Dmitrovic,Marko,Dmitrovic,1992-01-24,Subotica,RS,194,91,false,true,false,false,https://assets.laliga.com/squad/2026/t177/p94618/512x556/p94618_t177_2026_0_001_000.png,https://assets.laliga.com/squad/2026/t177/p94618/1024x1113/p94618_t177_2026_0_001_000.png,https://assets.laliga.com/squad/2026/t177/p94618/512x512/p94618_t177_2026_0_002_000.jpg,1988,p94618,2026
rcd-espanyol-84467,84467,rcd-espanyol,RCD ESPANYOL,RCD Espanyol de Barcelona,31,Portero,portero,Jugador,jugador,Llorenç Serred Martínez,Llorenç,Llorenç,Serred Martínez,2005-09-04,Terrassa,ES,186,76,false,true,false,false,https://assets.laliga.com/assets/useful/default-player/512x556/male_1_001.png,https://assets.laliga.com/assets/useful/default-player/1024x1113/male_1_001.png,https://assets.laliga.com/assets/useful/default-player/512x512/male_1_002.jpeg,35645,p650358,2026
rcd-espanyol-87081,87081,rcd-espanyol,RCD ESPANYOL,RCD Espanyol de Barcelona,2,Defensa,defensa,Jugador,jugador,Andoni Gorosabel,Gorosabel,Andoni,Gorosabel,1996-08-04,Arrasate,ES,174,70,false,true,true,false,https://assets.laliga.com/squad/2026/t177/default/512x556/default_t177_2026_0_001_000.png,https://assets.laliga.com/squad/2026/t177/default/1024x1113/default_t177_2026_0_001_000.png,https://assets.laliga.com/squad/2026/t177/default/512x512/default_t177_2026_0_002_000.jpg,6943,p235227,2026
rcd-espanyol-85596,85596,rcd-espanyol,RCD ESPANYOL,RCD Espanyol de Barcelona,3,Defensa,defensa,Jugador,jugador,Quilindschy Hartman,Quilindschy,Quilindschy,Hartman,2001-11-14,Zwijndrecht,NL,183,77,false,true,true,false,https://assets.laliga.com/squad/2026/t177/default/512x556/default_t177_2026_0_001_000.png,https://assets.laliga.com/squad/2026/t177/default/1024x1113/default_t177_2026_0_001_000.png,https://assets.laliga.com/squad/2026/t177/default/512x512/default_t177_2026_0_002_000.jpg,30307,p494960,2026
rcd-espanyol-84479,84479,rcd-espanyol,RCD ESPANYOL,RCD Espanyol de Barcelona,4,Defensa,defensa,Jugador,jugador,Urko González de Zárate Quirós,Urko,Urko,González de Zárate Quirós,2001-03-20,Vitoria-Gasteiz,ES,189,83,false,true,false,false,https://assets.laliga.com/squad/2026/t177/p514204/512x556/p514204_t177_2026_0_001_000.png,https://assets.laliga.com/squad/2026/t177/p514204/1024x1113/p514204_t177_2026_0_001_000.png,https://assets.laliga.com/squad/2026/t177/p514204/512x512/p514204_t177_2026_0_002_000.jpg,15000,p514204,2026
rcd-espanyol-84477,84477,rcd-espanyol,RCD ESPANYOL,RCD Espanyol de Barcelona,5,Defensa,defensa,Jugador,jugador,Clemens Riedel,Riedel,Clemens,Riedel,2003-07-19,Wölfersheim,DE,186,83,false,true,false,false,https://assets.laliga.com/squad/2026/t177/p514968/512x556/p514968_t177_2026_0_001_000.png,https://assets.laliga.com/squad/2026/t177/p514968/1024x1113/p514968_t177_2026_0_001_000.png,https://assets.laliga.com/squad/2026/t177/p514968/512x512/p514968_t177_2026_0_002_000.jpg,32985,p514968,2026
rcd-espanyol-84472,84472,rcd-espanyol,RCD ESPANYOL,RCD Espanyol de Barcelona,6,Defensa,defensa,Jugador,jugador,Leandro Cabrera,Cabrera,Leandro,Cabrera,1991-06-17,Montevideo,UY,190,80,false,true,false,false,https://assets.laliga.com/squad/2026/t177/p64662/512x556/p64662_t177_2026_0_001_000.png,https://assets.laliga.com/squad/2026/t177/p64662/1024x1113/p64662_t177_2026_0_001_000.png,https://assets.laliga.com/squad/2026/t177/p64662/512x512/p64662_t177_2026_0_002_000.jpg,985,p64662,2026
rcd-espanyol-86398,86398,rcd-espanyol,RCD ESPANYOL,RCD Espanyol de Barcelona,14,Defensa,defensa,Jugador,jugador,Unai Núñez,Nuñez,Unai,Núñez,1997-01-30,Portugalete,ES,186,80,false,true,true,false,https://assets.laliga.com/squad/2026/t177/default/512x556/default_t177_2026_0_001_000.png,https://assets.laliga.com/squad/2026/t177/default/1024x1113/default_t177_2026_0_001_000.png,https://assets.laliga.com/squad/2026/t177/default/512x512/default_t177_2026_0_002_000.jpg,6280,p242830,2026
rcd-espanyol-86632,86632,rcd-espanyol,RCD ESPANYOL,RCD Espanyol de Barcelona,16,Defensa,defensa,Jugador,jugador,Vanja Drkusic,Vanja,Vanja,Drkusic,1999-10-30,Novo mesto,SI,188,80,false,true,true,false,https://assets.laliga.com/squad/2026/t177/default/512x556/default_t177_2026_0_001_000.png,https://assets.laliga.com/squad/2026/t177/default/1024x1113/default_t177_2026_0_001_000.png,https://assets.laliga.com/squad/2026/t177/default/512x512/default_t177_2026_0_002_000.jpg,35799,p462097,2026
rcd-espanyol-84476,84476,rcd-espanyol,RCD ESPANYOL,RCD Espanyol de Barcelona,21,Defensa,defensa,Jugador,jugador,Roger Hinojo,R. Hinojo,Roger,Hinojo,2005-02-21,Cabrianes,ES,180,70,false,true,false,false,https://assets.laliga.com/squad/2026/t177/default/512x556/default_t177_2026_0_001_000.png,https://assets.laliga.com/squad/2026/t177/default/1024x1113/default_t177_2026_0_001_000.png,https://assets.laliga.com/squad/2026/t177/default/512x512/default_t177_2026_0_002_000.jpg,40203,p690618,2026
rcd-espanyol-84475,84475,rcd-espanyol,RCD ESPANYOL,RCD Espanyol de Barcelona,23,Defensa,defensa,Jugador,jugador,Omar El Hilali,El Hilali,Omar,El Hilali,2003-09-12,,MA,183,75,false,true,false,false,https://assets.laliga.com/squad/2026/t177/p517929/512x556/p517929_t177_2026_0_001_000.png,https://assets.laliga.com/squad/2026/t177/p517929/1024x1113/p517929_t177_2026_0_001_000.png,https://assets.laliga.com/squad/2026/t177/p517929/512x512/p517929_t177_2026_0_002_000.jpg,15792,p517929,2026
rcd-espanyol-84498,84498,rcd-espanyol,RCD ESPANYOL,RCD Espanyol de Barcelona,27,Defensa,defensa,Jugador,jugador,Adama Timera,Timera,Adama,Timera,2005-04-09,,FR,,,false,true,false,false,https://assets.laliga.com/squad/2026/t177/default/512x556/default_t177_2026_0_001_000.png,https://assets.laliga.com/squad/2026/t177/default/1024x1113/default_t177_2026_0_001_000.png,https://assets.laliga.com/squad/2026/t177/default/512x512/default_t177_2026_0_002_000.jpg,45631,p720618,2026
rcd-espanyol-84468,84468,rcd-espanyol,RCD ESPANYOL,RCD Espanyol de Barcelona,32,Defensa,defensa,Jugador,jugador,José Ángel López Gálvez,Jose Angel,José Ángel,López Gálvez,2006-03-24,Huelva,ES,175,68,false,true,false,false,https://assets.laliga.com/squad/2026/t177/default/512x556/default_t177_2026_0_001_000.png,https://assets.laliga.com/squad/2026/t177/default/1024x1113/default_t177_2026_0_001_000.png,https://assets.laliga.com/squad/2026/t177/default/512x512/default_t177_2026_0_002_000.jpg,39653,p623680,2026
rcd-espanyol-84491,84491,rcd-espanyol,RCD ESPANYOL,RCD Espanyol de Barcelona,7,Centrocampista,centrocampista,Jugador,jugador,Javi Puado,Puado,Javi,Puado,1998-05-25,Barcelona,ES,177,69,false,true,false,false,https://assets.laliga.com/squad/2026/t177/p431434/512x556/p431434_t177_2026_0_001_000.png,https://assets.laliga.com/squad/2026/t177/p431434/1024x1113/p431434_t177_2026_0_001_000.png,https://assets.laliga.com/squad/2026/t177/p431434/512x512/p431434_t177_2026_0_002_000.jpg,8600,p431434,2026
rcd-espanyol-84480,84480,rcd-espanyol,RCD ESPANYOL,RCD Espanyol de Barcelona,8,Centrocampista,centrocampista,Jugador,jugador,Edu Expósito,Edu Expósito,Edu,Expósito,1996-08-01,Barcelona,ES,178,68,false,true,false,false,https://assets.laliga.com/squad/2026/t177/p420909/512x556/p420909_t177_2026_0_001_000.png,https://assets.laliga.com/squad/2026/t177/p420909/1024x1113/p420909_t177_2026_0_001_000.png,https://assets.laliga.com/squad/2026/t177/p420909/512x512/p420909_t177_2026_0_002_000.jpg,6007,p420909,2026
rcd-espanyol-84481,84481,rcd-espanyol,RCD ESPANYOL,RCD Espanyol de Barcelona,10,Centrocampista,centrocampista,Jugador,jugador,Pol Lozano,Pol Lozano,Pol,Lozano,1999-10-06,Sant Quirze del Vallès,ES,177,62,false,true,false,false,https://assets.laliga.com/squad/2026/t177/p227172/512x556/p227172_t177_2026_0_001_000.png,https://assets.laliga.com/squad/2026/t177/p227172/1024x1113/p227172_t177_2026_0_001_000.png,https://assets.laliga.com/squad/2026/t177/p227172/512x512/p227172_t177_2026_0_002_000.jpg,12118,p227172,2026
rcd-espanyol-86917,86917,rcd-espanyol,RCD ESPANYOL,RCD Espanyol de Barcelona,15,Centrocampista,centrocampista,Jugador,jugador,Bryan Zaragoza,Bryan,Bryan,Zaragoza,2001-09-09,Málaga,ES,164,61,false,true,true,false,https://assets.laliga.com/squad/2026/t177/default/512x556/default_t177_2026_0_001_000.png,https://assets.laliga.com/squad/2026/t177/default/1024x1113/default_t177_2026_0_001_000.png,https://assets.laliga.com/squad/2026/t177/default/512x512/default_t177_2026_0_002_000.jpg,16495,p522601,2026
rcd-espanyol-85597,85597,rcd-espanyol,RCD ESPANYOL,RCD Espanyol de Barcelona,20,Centrocampista,centrocampista,Jugador,jugador,Gabriel Silva Moscardo de Salles,G. Moscardo,Gabriel,Silva Moscardo de Salles,2005-09-28,Taubaté,BR,185,76,false,true,true,false,https://assets.laliga.com/squad/2026/t177/default/512x556/default_t177_2026_0_001_000.png,https://assets.laliga.com/squad/2026/t177/default/1024x1113/default_t177_2026_0_001_000.png,https://assets.laliga.com/squad/2026/t177/default/512x512/default_t177_2026_0_002_000.jpg,35654,p617127,2026
rcd-espanyol-84487,84487,rcd-espanyol,RCD ESPANYOL,RCD Espanyol de Barcelona,26,Centrocampista,centrocampista,Jugador,jugador,Rafel Bauzà,Bauza,Rafel,Bauzà,2005-01-30,Sant Llorenç des Cardessar,ES,183,74,false,true,false,false,https://assets.laliga.com/squad/2026/t177/default/512x556/default_t177_2026_0_001_000.png,https://assets.laliga.com/squad/2026/t177/default/1024x1113/default_t177_2026_0_001_000.png,https://assets.laliga.com/squad/2026/t177/default/512x512/default_t177_2026_0_002_000.jpg,35677,p654680,2026
rcd-espanyol-84492,84492,rcd-espanyol,RCD ESPANYOL,RCD Espanyol de Barcelona,9,Delantero,delantero,Jugador,jugador,Roberto Fernández,Roberto,Roberto,Fernández,2002-07-03,Puente Genil,ES,186,78,false,true,false,false,https://assets.laliga.com/squad/2026/t177/p537940/512x556/p537940_t177_2026_0_001_000.png,https://assets.laliga.com/squad/2026/t177/p537940/1024x1113/p537940_t177_2026_0_001_000.png,https://assets.laliga.com/squad/2026/t177/p537940/512x512/p537940_t177_2026_0_002_000.jpg,19072,p537940,2026
rcd-espanyol-84482,84482,rcd-espanyol,RCD ESPANYOL,RCD Espanyol de Barcelona,11,Delantero,delantero,Jugador,jugador,Pere Milla,Pere Milla,Pere,Milla,1992-09-23,Lérida,ES,184,72,false,true,false,false,https://assets.laliga.com/squad/2026/t177/p175090/512x556/p175090_t177_2026_0_001_000.png,https://assets.laliga.com/squad/2026/t177/p175090/1024x1113/p175090_t177_2026_0_001_000.png,https://assets.laliga.com/squad/2026/t177/p175090/512x512/p175090_t177_2026_0_002_000.jpg,1687,p175090,2026
rcd-espanyol-84494,84494,rcd-espanyol,RCD ESPANYOL,RCD Espanyol de Barcelona,17,Delantero,delantero,Jugador,jugador,Jofre Carreras,Jofre,Jofre,Carreras,2001-06-17,Girona,ES,175,68,false,true,false,false,https://assets.laliga.com/squad/2026/t177/p513950/512x556/p513950_t177_2026_0_001_000.png,https://assets.laliga.com/squad/2026/t177/p513950/1024x1113/p513950_t177_2026_0_001_000.png,https://assets.laliga.com/squad/2026/t177/p513950/512x512/p513950_t177_2026_0_002_000.jpg,14915,p513950,2026
rcd-espanyol-84490,84490,rcd-espanyol,RCD ESPANYOL,RCD Espanyol de Barcelona,18,Delantero,delantero,Jugador,jugador,Marcos Fernández,Marcos,Marcos,Fernández,2003-05-17,,ES,176,65,false,true,false,false,https://assets.laliga.com/squad/2026/t177/default/512x556/default_t177_2026_0_001_000.png,https://assets.laliga.com/squad/2026/t177/default/1024x1113/default_t177_2026_0_001_000.png,https://assets.laliga.com/squad/2026/t177/default/512x512/default_t177_2026_0_002_000.jpg,30901,p604116,2026
rcd-espanyol-84495,84495,rcd-espanyol,RCD ESPANYOL,RCD Espanyol de Barcelona,19,Delantero,delantero,Jugador,jugador,Kike García,Kike G.,Kike,García,1989-11-25,Cuenca,ES,186,79,false,true,false,false,https://assets.laliga.com/squad/2026/t177/p61597/512x556/p61597_t177_2026_0_001_000.png,https://assets.laliga.com/squad/2026/t177/p61597/1024x1113/p61597_t177_2026_0_001_000.png,https://assets.laliga.com/squad/2026/t177/p61597/512x512/p61597_t177_2026_0_002_000.jpg,379,p61597,2026
rcd-espanyol-84478,84478,rcd-espanyol,RCD ESPANYOL,RCD Espanyol de Barcelona,22,Delantero,delantero,Jugador,jugador,Álex Calatrava Torrado,Cala,Álex,Calatrava Torrado,2000-06-22,Barcelona,ES,175,69,false,true,false,false,https://assets.laliga.com/squad/2026/t177/default/512x556/default_t177_2026_0_001_000.png,https://assets.laliga.com/squad/2026/t177/default/1024x1113/default_t177_2026_0_001_000.png,https://assets.laliga.com/squad/2026/t177/default/512x512/default_t177_2026_0_002_000.jpg,31865,p568812,2026
rcd-espanyol-84497,84497,rcd-espanyol,RCD ESPANYOL,RCD Espanyol de Barcelona,24,Delantero,delantero,Jugador,jugador,Tyrhys Dolan,Dolan,Tyrhys,Dolan,2001-12-28,Manchester,GB-ENG,164,63,false,true,false,false,https://assets.laliga.com/squad/2026/t177/p420926/512x556/p420926_t177_2026_0_001_000.png,https://assets.laliga.com/squad/2026/t177/p420926/1024x1113/p420926_t177_2026_0_001_000.png,https://assets.laliga.com/squad/2026/t177/p420926/512x512/p420926_t177_2026_0_002_000.jpg,41058,p420926,2026
rcd-espanyol-84486,84486,rcd-espanyol,RCD ESPANYOL,RCD Espanyol de Barcelona,28,Delantero,delantero,Jugador,jugador,Javi Hernández,Javi H.,Javi,Hernández,2004-01-30,,ES,182,72,false,true,false,false,https://assets.laliga.com/squad/2026/t177/default/512x556/default_t177_2026_0_001_000.png,https://assets.laliga.com/squad/2026/t177/default/1024x1113/default_t177_2026_0_001_000.png,https://assets.laliga.com/squad/2026/t177/default/512x512/default_t177_2026_0_002_000.jpg,33373,p628184,2026
rcd-espanyol-84502,84502,rcd-espanyol,RCD ESPANYOL,RCD Espanyol de Barcelona,,Segundo entrenador,segundo-entrenador,Segundo entrenador,segundo-entrenador,Gerard Garrido,Gerard,Gerard,Garrido,1992-11-06,Palamós,ES,,,false,true,false,false,https://assets.laliga.com/squad/2026/t177/man63522/512x556/man63522_t177_2026_0_001_000.png,https://assets.laliga.com/squad/2026/t177/man63522/1024x1113/man63522_t177_2026_0_001_000.png,https://assets.laliga.com/squad/2026/t177/man63522/512x512/man63522_t177_2026_0_002_000.jpg,37680,man63522,2026
getafe-cf-84536,84536,getafe-cf,GETAFE CF,Getafe CF,,Entrenador,entrenador,Entrenador,entrenador,José Bordalás,Jose Bordalas,José,Bordalás,1964-03-05,Alicante,ES,,,false,true,false,false,https://assets.laliga.com/squad/2026/t1450/man39504/512x556/man39504_t1450_2026_0_001_000.png,https://assets.laliga.com/squad/2026/t1450/man39504/1024x1113/man39504_t1450_2026_0_001_000.png,https://assets.laliga.com/squad/2026/t1450/man39504/512x512/man39504_t1450_2026_0_002_000.jpg,1254,man39504,2026
getafe-cf-84504,84504,getafe-cf,GETAFE CF,Getafe CF,1,Portero,portero,Jugador,jugador,Jirí Letácek,Letacek,Jirí,Letácek,1999-01-09,Pardubice,CZ,196,77,false,true,false,false,https://assets.laliga.com/squad/2026/t1450/p510681/512x556/p510681_t1450_2026_0_001_000.png,https://assets.laliga.com/squad/2026/t1450/p510681/1024x1113/p510681_t1450_2026_0_001_000.png,https://assets.laliga.com/squad/2026/t1450/p510681/512x512/p510681_t1450_2026_0_002_000.jpg,37418,p510681,2026
getafe-cf-84505,84505,getafe-cf,GETAFE CF,Getafe CF,13,Portero,portero,Jugador,jugador,David Soria,David Soria,David,Soria,1993-04-04,Madrid,ES,192,83,false,true,false,false,https://assets.laliga.com/squad/2026/t1450/p175204/512x556/p175204_t1450_2026_0_001_000.png,https://assets.laliga.com/squad/2026/t1450/p175204/1024x1113/p175204_t1450_2026_0_001_000.png,https://assets.laliga.com/squad/2026/t1450/p175204/512x512/p175204_t1450_2026_0_002_000.jpg,1669,p175204,2026
getafe-cf-84507,84507,getafe-cf,GETAFE CF,Getafe CF,35,Portero,portero,Jugador,jugador,Diego Ferrer,Ferrer,Diego,Ferrer,2007-04-17,,ES,185,76,false,true,false,false,https://assets.laliga.com/squad/2026/t1450/p664904/512x556/p664904_t1450_2026_0_001_000.png,https://assets.laliga.com/squad/2026/t1450/p664904/1024x1113/p664904_t1450_2026_0_001_000.png,https://assets.laliga.com/squad/2026/t1450/p664904/512x512/p664904_t1450_2026_0_002_000.jpg,37665,p664904,2026
getafe-cf-84509,84509,getafe-cf,GETAFE CF,Getafe CF,2,Defensa,defensa,Jugador,jugador,Djené Dakonam,Djene,Djené,Dakonam,1991-12-31,Lome Dapaong,TG,178,71,true,true,false,false,https://assets.laliga.com/squad/2026/t1450/p149838/512x556/p149838_t1450_2026_0_001_000.png,https://assets.laliga.com/squad/2026/t1450/p149838/1024x1113/p149838_t1450_2026_0_001_000.png,https://assets.laliga.com/squad/2026/t1450/p149838/512x512/p149838_t1450_2026_0_002_000.jpg,1683,p149838,2026
getafe-cf-84514,84514,getafe-cf,GETAFE CF,Getafe CF,3,Defensa,defensa,Jugador,jugador,David Cordón Mancha,Davinchi,David,Cordón Mancha,2007-10-16,Huelva,ES,182,73,false,true,false,false,https://assets.laliga.com/squad/2026/t1450/p700202/512x556/p700202_t1450_2026_0_001_000.png,https://assets.laliga.com/squad/2026/t1450/p700202/1024x1113/p700202_t1450_2026_0_001_000.png,https://assets.laliga.com/squad/2026/t1450/p700202/512x512/p700202_t1450_2026_0_002_000.jpg,40978,p700202,2026
getafe-cf-86313,86313,getafe-cf,GETAFE CF,Getafe CF,4,Defensa,defensa,Jugador,jugador,Saba Sazonov,Sazonov,Saba,Sazonov,2002-02-01,Sankt-Peterburg,GE,192,82,false,true,false,false,https://assets.laliga.com/squad/2026/t1450/default/512x556/default_t1450_2026_0_001_000.png,https://assets.laliga.com/squad/2026/t1450/default/1024x1113/default_t1450_2026_0_001_000.png,https://assets.laliga.com/squad/2026/t1450/default/512x512/default_t1450_2026_0_002_000.jpg,33725,p492977,2026
getafe-cf-84510,84510,getafe-cf,GETAFE CF,Getafe CF,5,Defensa,defensa,Jugador,jugador,Abdel Abqar,A. Abqar,Abdel,Abqar,1999-03-10,Settat,MA,188,80,false,true,false,false,https://assets.laliga.com/squad/2026/t1450/p463001/512x556/p463001_t1450_2026_0_001_000.png,https://assets.laliga.com/squad/2026/t1450/p463001/1024x1113/p463001_t1450_2026_0_001_000.png,https://assets.laliga.com/squad/2026/t1450/p463001/512x512/p463001_t1450_2026_0_002_000.jpg,8715,p463001,2026
getafe-cf-84508,84508,getafe-cf,GETAFE CF,Getafe CF,15,Defensa,defensa,Jugador,jugador,Sebastián Boselli,Boselli,Sebastián,Boselli,2003-12-04,Montevideo,UY,183,80,false,true,false,false,https://assets.laliga.com/squad/2026/t1450/p609050/512x556/p609050_t1450_2026_0_001_000.png,https://assets.laliga.com/squad/2026/t1450/p609050/1024x1113/p609050_t1450_2026_0_001_000.png,https://assets.laliga.com/squad/2026/t1450/p609050/512x512/p609050_t1450_2026_0_002_000.jpg,45161,p609050,2026
getafe-cf-84513,84513,getafe-cf,GETAFE CF,Getafe CF,17,Defensa,defensa,Jugador,jugador,Francisco Femenía Far,Kiko F.,Francisco,Femenía Far,1991-02-02,Sanet y Negrals,ES,176,61,false,true,false,false,https://assets.laliga.com/squad/2026/t1450/p54484/512x556/p54484_t1450_2026_0_001_000.png,https://assets.laliga.com/squad/2026/t1450/p54484/1024x1113/p54484_t1450_2026_0_001_000.png,https://assets.laliga.com/squad/2026/t1450/p54484/512x512/p54484_t1450_2026_0_002_000.jpg,995,p54484,2026
getafe-cf-85599,85599,getafe-cf,GETAFE CF,Getafe CF,24,Defensa,defensa,Jugador,jugador,Zaid Romero,Z.romero,Zaid,Romero,1999-12-15,Mendoza,AR,192,92,false,true,false,false,https://assets.laliga.com/squad/2026/t1450/default/512x556/default_t1450_2026_0_001_000.png,https://assets.laliga.com/squad/2026/t1450/default/1024x1113/default_t1450_2026_0_001_000.png,https://assets.laliga.com/squad/2026/t1450/default/512x512/default_t1450_2026_0_002_000.jpg,38313,p500021,2026
getafe-cf-85598,85598,getafe-cf,GETAFE CF,Getafe CF,26,Defensa,defensa,Jugador,jugador,Jean Valou,J. Ives Valou,Jean,Valou,2005-12-22,,CI,188,98,false,true,true,false,https://assets.laliga.com/squad/2026/t1450/default/512x556/default_t1450_2026_0_001_000.png,https://assets.laliga.com/squad/2026/t1450/default/1024x1113/default_t1450_2026_0_001_000.png,https://assets.laliga.com/squad/2026/t1450/default/512x512/default_t1450_2026_0_002_000.jpg,38840,p677054,2026
getafe-cf-84520,84520,getafe-cf,GETAFE CF,Getafe CF,6,Centrocampista,centrocampista,Jugador,jugador,Mario Martín,Mario Martín,Mario,Martín,2004-03-05,Sonseca,ES,178,74,false,true,false,false,https://assets.laliga.com/squad/2026/t1450/p561243/512x556/p561243_t1450_2026_0_001_000.png,https://assets.laliga.com/squad/2026/t1450/p561243/1024x1113/p561243_t1450_2026_0_001_000.png,https://assets.laliga.com/squad/2026/t1450/p561243/512x512/p561243_t1450_2026_0_002_000.jpg,32201,p561243,2026
getafe-cf-86986,86986,getafe-cf,GETAFE CF,Getafe CF,8,Centrocampista,centrocampista,Jugador,jugador,Nemanja Gudelj,Gudelj,Nemanja,Gudelj,1991-11-16,Belgrade,RS,187,79,false,true,false,false,https://assets.laliga.com/squad/2026/t1450/default/512x556/default_t1450_2026_0_001_000.png,https://assets.laliga.com/squad/2026/t1450/default/1024x1113/default_t1450_2026_0_001_000.png,https://assets.laliga.com/squad/2026/t1450/default/512x512/default_t1450_2026_0_002_000.jpg,3242,p72154,2026
getafe-cf-85600,85600,getafe-cf,GETAFE CF,Getafe CF,11,Centrocampista,centrocampista,Jugador,jugador,Ramón Terrats,R. Terrats,Ramón,Terrats,2000-10-18,Barcelona,ES,181,71,false,true,false,false,https://assets.laliga.com/squad/2026/t1450/default/512x556/default_t1450_2026_0_001_000.png,https://assets.laliga.com/squad/2026/t1450/default/1024x1113/default_t1450_2026_0_001_000.png,https://assets.laliga.com/squad/2026/t1450/default/512x512/default_t1450_2026_0_002_000.jpg,15703,p519373,2026
getafe-cf-86728,86728,getafe-cf,GETAFE CF,Getafe CF,16,Centrocampista,centrocampista,Jugador,jugador,Francho Serrano,Francho,Francho,Serrano,2001-10-17,Zaragoza,ES,180,72,false,true,false,false,https://assets.laliga.com/squad/2026/t1450/default/512x556/default_t1450_2026_0_001_000.png,https://assets.laliga.com/squad/2026/t1450/default/1024x1113/default_t1450_2026_0_001_000.png,https://assets.laliga.com/squad/2026/t1450/default/512x512/default_t1450_2026_0_002_000.jpg,14913,p494495,2026
getafe-cf-84521,84521,getafe-cf,GETAFE CF,Getafe CF,18,Centrocampista,centrocampista,Jugador,jugador,Christantus Uche,Uche,Christantus,Uche,2003-05-19,Owerri,NG,190,84,false,true,false,false,https://assets.laliga.com/squad/2026/t1450/default/512x556/default_t1450_2026_0_001_000.png,https://assets.laliga.com/squad/2026/t1450/default/1024x1113/default_t1450_2026_0_001_000.png,https://assets.laliga.com/squad/2026/t1450/default/512x512/default_t1450_2026_0_002_000.jpg,37306,p660392,2026
getafe-cf-85789,85789,getafe-cf,GETAFE CF,Getafe CF,21,Centrocampista,centrocampista,Jugador,jugador,Andrés García,Andres Garcia,Andrés,García,2003-02-07,,ES,185,77,false,true,true,false,https://assets.laliga.com/squad/2026/t1450/default/512x556/default_t1450_2026_0_001_000.png,https://assets.laliga.com/squad/2026/t1450/default/1024x1113/default_t1450_2026_0_001_000.png,https://assets.laliga.com/squad/2026/t1450/default/512x512/default_t1450_2026_0_002_000.jpg,31906,p606798,2026
getafe-cf-86604,86604,getafe-cf,GETAFE CF,Getafe CF,22,Centrocampista,centrocampista,Jugador,jugador,Johan Mojica,Johan Mojica,Johan,Mojica,1992-08-21,Cali,CO,185,80,false,true,false,false,https://assets.laliga.com/squad/2026/t1450/default/512x556/default_t1450_2026_0_001_000.png,https://assets.laliga.com/squad/2026/t1450/default/1024x1113/default_t1450_2026_0_001_000.png,https://assets.laliga.com/squad/2026/t1450/default/512x512/default_t1450_2026_0_002_000.jpg,659,p152723,2026
getafe-cf-86430,86430,getafe-cf,GETAFE CF,Getafe CF,23,Centrocampista,centrocampista,Jugador,jugador,Orel Mangala,Mangala,Orel,Mangala,1998-03-18,Brussels,BE,178,80,false,true,true,false,https://assets.laliga.com/squad/2026/t1450/default/512x556/default_t1450_2026_0_001_000.png,https://assets.laliga.com/squad/2026/t1450/default/1024x1113/default_t1450_2026_0_001_000.png,https://assets.laliga.com/squad/2026/t1450/default/512x512/default_t1450_2026_0_002_000.jpg,18108,p179519,2026
getafe-cf-84523,84523,getafe-cf,GETAFE CF,Getafe CF,28,Centrocampista,centrocampista,Jugador,jugador,Alberto Risco,Risco,Alberto,Risco,2005-08-30,Córdoba,ES,157,42,false,true,false,false,https://assets.laliga.com/squad/2026/t1450/p654780/512x556/p654780_t1450_2026_0_001_000.png,https://assets.laliga.com/squad/2026/t1450/p654780/1024x1113/p654780_t1450_2026_0_001_000.png,https://assets.laliga.com/squad/2026/t1450/p654780/512x512/p654780_t1450_2026_0_002_000.jpg,35681,p654780,2026
getafe-cf-86429,86429,getafe-cf,GETAFE CF,Getafe CF,29,Centrocampista,centrocampista,Jugador,jugador,Francisco Burgos Barrionuevo,Curro,Francisco,Burgos Barrionuevo,2004-05-30,Jaén,ES,,,false,true,false,false,https://assets.laliga.com/squad/2026/t1450/default/512x556/default_t1450_2026_0_001_000.png,https://assets.laliga.com/squad/2026/t1450/default/1024x1113/default_t1450_2026_0_001_000.png,https://assets.laliga.com/squad/2026/t1450/default/512x512/default_t1450_2026_0_002_000.jpg,38797,p675560,2026
getafe-cf-86432,86432,getafe-cf,GETAFE CF,Getafe CF,30,Centrocampista,centrocampista,Jugador,jugador,Óscar López,O. Lopez,Óscar,López,2006-08-13,,BO,180,70,false,true,false,false,https://assets.laliga.com/squad/2026/t1450/default/512x556/default_t1450_2026_0_001_000.png,https://assets.laliga.com/squad/2026/t1450/default/1024x1113/default_t1450_2026_0_001_000.png,https://assets.laliga.com/squad/2026/t1450/default/512x512/default_t1450_2026_0_002_000.jpg,47146,p679262,2026
getafe-cf-86138,86138,getafe-cf,GETAFE CF,Getafe CF,31,Centrocampista,centrocampista,Jugador,jugador,Mohamed Hamdoune,Moha,Mohamed,Hamdoune,2004-05-24,Tetuán,MA,,,false,true,false,false,https://assets.laliga.com/squad/2026/t1450/default/512x556/default_t1450_2026_0_001_000.png,https://assets.laliga.com/squad/2026/t1450/default/1024x1113/default_t1450_2026_0_001_000.png,https://assets.laliga.com/squad/2026/t1450/default/512x512/default_t1450_2026_0_002_000.jpg,47056,p639184,2026
getafe-cf-84528,84528,getafe-cf,GETAFE CF,Getafe CF,7,Delantero,delantero,Jugador,jugador,Juan Miguel Jiménez López,Juanmi,Juan Miguel,Jiménez López,1993-05-20,Coín,ES,172,69,false,true,false,false,https://assets.laliga.com/squad/2026/t1450/p80287/512x556/p80287_t1450_2026_0_001_000.png,https://assets.laliga.com/squad/2026/t1450/p80287/1024x1113/p80287_t1450_2026_0_001_000.png,https://assets.laliga.com/squad/2026/t1450/p80287/512x512/p80287_t1450_2026_0_002_000.jpg,647,p80287,2026
getafe-cf-84529,84529,getafe-cf,GETAFE CF,Getafe CF,9,Delantero,delantero,Jugador,jugador,Borja Mayoral,B. Mayoral,Borja,Mayoral,1997-04-05,Parla,ES,182,68,false,true,false,false,https://assets.laliga.com/squad/2026/t1450/p199248/512x556/p199248_t1450_2026_0_001_000.png,https://assets.laliga.com/squad/2026/t1450/p199248/1024x1113/p199248_t1450_2026_0_001_000.png,https://assets.laliga.com/squad/2026/t1450/p199248/512x512/p199248_t1450_2026_0_002_000.jpg,1819,p199248,2026
getafe-cf-84527,84527,getafe-cf,GETAFE CF,Getafe CF,10,Delantero,delantero,Jugador,jugador,Martín Satriano,Satriano,Martín,Satriano,2001-02-20,Montevideo,UY,187,75,false,true,false,false,https://assets.laliga.com/squad/2026/t1450/p474843/512x556/p474843_t1450_2026_0_001_000.png,https://assets.laliga.com/squad/2026/t1450/p474843/1024x1113/p474843_t1450_2026_0_001_000.png,https://assets.laliga.com/squad/2026/t1450/p474843/512x512/p474843_t1450_2026_0_002_000.jpg,17660,p474843,2026
getafe-cf-86592,86592,getafe-cf,GETAFE CF,Getafe CF,19,Delantero,delantero,Jugador,jugador,Enes Ünal,Enes Ünal,Enes,Ünal,1997-05-10,Bursa,TR,187,78,true,true,false,false,https://assets.laliga.com/squad/2026/t1450/default/512x556/default_t1450_2026_0_001_000.png,https://assets.laliga.com/squad/2026/t1450/default/1024x1113/default_t1450_2026_0_001_000.png,https://assets.laliga.com/squad/2026/t1450/default/512x512/default_t1450_2026_0_002_000.jpg,6199,p168636,2026
getafe-cf-87065,87065,getafe-cf,GETAFE CF,Getafe CF,20,Delantero,delantero,Jugador,jugador,Iván Azón,Ivan,Iván,Azón,2002-12-24,Zaragoza,ES,182,79,false,true,true,false,https://assets.laliga.com/squad/2026/t1450/default/512x556/default_t1450_2026_0_001_000.png,https://assets.laliga.com/squad/2026/t1450/default/1024x1113/default_t1450_2026_0_001_000.png,https://assets.laliga.com/squad/2026/t1450/default/512x512/default_t1450_2026_0_002_000.jpg,15772,p503798,2026
getafe-cf-86431,86431,getafe-cf,GETAFE CF,Getafe CF,27,Delantero,delantero,Jugador,jugador,Ebrahima Drammeh,Ibra Drj,Ebrahima,Drammeh,2007-01-06,,GM,,,false,true,false,false,https://assets.laliga.com/squad/2026/t1450/default/512x556/default_t1450_2026_0_001_000.png,https://assets.laliga.com/squad/2026/t1450/default/1024x1113/default_t1450_2026_0_001_000.png,https://assets.laliga.com/squad/2026/t1450/default/512x512/default_t1450_2026_0_002_000.jpg,47145,p748228,2026
getafe-cf-84534,84534,getafe-cf,GETAFE CF,Getafe CF,32,Delantero,delantero,Jugador,jugador,José Luis Pérez del Amo,Joselu,José Luis,Pérez del Amo,2004-03-12,Villalbilla,ES,183,67,false,true,false,false,https://assets.laliga.com/squad/2026/t1450/p619893/512x556/p619893_t1450_2026_0_001_000.png,https://assets.laliga.com/squad/2026/t1450/p619893/1024x1113/p619893_t1450_2026_0_001_000.png,https://assets.laliga.com/squad/2026/t1450/p619893/512x512/p619893_t1450_2026_0_002_000.jpg,34986,p619893,2026
getafe-cf-84537,84537,getafe-cf,GETAFE CF,Getafe CF,,Segundo entrenador,segundo-entrenador,Segundo entrenador,segundo-entrenador,Patricio Moreno Ruiz,Patri,Patricio,Moreno Ruiz,1977-03-21,Don Benito,ES,,,false,true,false,false,https://assets.laliga.com/squad/2026/t1450/man53355/512x556/man53355_t1450_2026_0_001_000.png,https://assets.laliga.com/squad/2026/t1450/man53355/1024x1113/man53355_t1450_2026_0_001_000.png,https://assets.laliga.com/squad/2026/t1450/man53355/512x512/man53355_t1450_2026_0_002_000.jpg,15078,man53355,2026
levante-ud-84568,84568,levante-ud,LEVANTE UD,Levante UD,,Entrenador,entrenador,Entrenador,entrenador,Luís Manuel Ferreira de Castro,Luis Castro,Luís Manuel,Ferreira de Castro,1980-05-07,Moreira de Cónegos,PT,,,false,true,false,false,https://assets.laliga.com/squad/2026/t855/man52615/512x556/man52615_t855_2026_0_001_000.png,https://assets.laliga.com/squad/2026/t855/man52615/1024x1113/man52615_t855_2026_0_001_000.png,https://assets.laliga.com/squad/2026/t855/man52615/512x512/man52615_t855_2026_0_002_000.jpg,40964,man52615,2026
levante-ud-84540,84540,levante-ud,LEVANTE UD,Levante UD,1,Portero,portero,Jugador,jugador,Pablo Campos,P. Campos,Pablo,Campos,2002-04-28,Valencia,ES,188,78,false,true,false,false,https://assets.laliga.com/squad/2026/t855/p523865/512x556/p523865_t855_2026_0_001_000.png,https://assets.laliga.com/squad/2026/t855/p523865/1024x1113/p523865_t855_2026_0_001_000.png,https://assets.laliga.com/squad/2026/t855/p523865/512x512/p523865_t855_2026_0_002_000.jpg,18830,p523865,2026
levante-ud-86579,86579,levante-ud,LEVANTE UD,Levante UD,13,Portero,portero,Jugador,jugador,Mathew Ryan,Ryan,Mathew,Ryan,1992-04-08,Plumpton,AU,184,82,false,true,false,false,https://assets.laliga.com/assets/useful/default-player/512x556/male_1_001.png,https://assets.laliga.com/assets/useful/default-player/1024x1113/male_1_001.png,https://assets.laliga.com/assets/useful/default-player/512x512/male_1_002.jpeg,1885,p131897,2026
levante-ud-86677,86677,levante-ud,LEVANTE UD,Levante UD,36,Portero,portero,Jugador,jugador,Ihor Galdin,Ihor Galdin,Ihor,Galdin,2010-06-14,Odesa,UA,189,,false,true,false,false,https://assets.laliga.com/assets/useful/default-player/512x556/male_1_001.png,https://assets.laliga.com/assets/useful/default-player/1024x1113/male_1_001.png,https://assets.laliga.com/assets/useful/default-player/512x512/male_1_002.jpeg,47216,p749254,2026
levante-ud-85790,85790,levante-ud,LEVANTE UD,Levante UD,2,Defensa,defensa,Jugador,jugador,Aïssa Mandi,Mandi,Aïssa,Mandi,1991-10-22,Châlons-en-Champagne,DZ,186,81,true,true,false,false,https://assets.laliga.com/squad/2026/t855/default/512x556/default_t855_2026_0_001_000.png,https://assets.laliga.com/squad/2026/t855/default/1024x1113/default_t855_2026_0_001_000.png,https://assets.laliga.com/squad/2026/t855/default/512x512/default_t855_2026_0_002_000.jpg,4611,p86813,2026
levante-ud-86837,86837,levante-ud,LEVANTE UD,Levante UD,3,Defensa,defensa,Jugador,jugador,Ifeanyi Ndukwe,Ndukwe,Ifeanyi,Ndukwe,2008-03-03,,AT,198,,false,true,true,false,https://assets.laliga.com/squad/2026/t855/default/512x556/default_t855_2026_0_001_000.png,https://assets.laliga.com/squad/2026/t855/default/1024x1113/default_t855_2026_0_001_000.png,https://assets.laliga.com/squad/2026/t855/default/512x512/default_t855_2026_0_002_000.jpg,46996,p591617,2026
levante-ud-84543,84543,levante-ud,LEVANTE UD,Levante UD,4,Defensa,defensa,Jugador,jugador,Adrián de la Fuente,Dela,Adrián,de la Fuente,1999-02-26,El Escorial,ES,179,77,false,true,false,false,https://assets.laliga.com/squad/2026/t855/p437808/512x556/p437808_t855_2026_0_001_000.png,https://assets.laliga.com/squad/2026/t855/p437808/1024x1113/p437808_t855_2026_0_001_000.png,https://assets.laliga.com/squad/2026/t855/p437808/512x512/p437808_t855_2026_0_002_000.jpg,9395,p437808,2026
levante-ud-84545,84545,levante-ud,LEVANTE UD,Levante UD,14,Defensa,defensa,Jugador,jugador,Jorge Cabello,Cabello,Jorge,Cabello,2004-04-25,,ES,180,71,false,true,false,false,https://assets.laliga.com/squad/2026/t855/default/512x556/default_t855_2026_0_001_000.png,https://assets.laliga.com/squad/2026/t855/default/1024x1113/default_t855_2026_0_001_000.png,https://assets.laliga.com/squad/2026/t855/default/512x512/default_t855_2026_0_002_000.jpg,35597,p648762,2026
levante-ud-84546,84546,levante-ud,LEVANTE UD,Levante UD,17,Defensa,defensa,Jugador,jugador,Víctor García,Víctor G.,Víctor,García,1997-09-16,Valencia,ES,180,79,false,true,false,false,https://assets.laliga.com/squad/2026/t855/p465278/512x556/p465278_t855_2026_0_001_000.png,https://assets.laliga.com/squad/2026/t855/p465278/1024x1113/p465278_t855_2026_0_001_000.png,https://assets.laliga.com/squad/2026/t855/p465278/512x512/p465278_t855_2026_0_002_000.jpg,8823,p465278,2026
levante-ud-84547,84547,levante-ud,LEVANTE UD,Levante UD,22,Defensa,defensa,Jugador,jugador,Jeremy Toljan,Toljan,Jeremy,Toljan,1994-08-08,Stuttgart,DE,182,74,false,true,false,false,https://assets.laliga.com/squad/2026/t855/p160540/512x556/p160540_t855_2026_0_001_000.png,https://assets.laliga.com/squad/2026/t855/p160540/1024x1113/p160540_t855_2026_0_001_000.png,https://assets.laliga.com/squad/2026/t855/p160540/512x512/p160540_t855_2026_0_002_000.jpg,6477,p160540,2026
levante-ud-86077,86077,levante-ud,LEVANTE UD,Levante UD,23,Defensa,defensa,Jugador,jugador,Manu Sánchez,Manu Sánchez,Manu,Sánchez,2000-08-24,Madrid,ES,171,70,false,true,true,false,https://assets.laliga.com/squad/2026/t855/default/512x556/default_t855_2026_0_001_000.png,https://assets.laliga.com/squad/2026/t855/default/1024x1113/default_t855_2026_0_001_000.png,https://assets.laliga.com/squad/2026/t855/default/512x512/default_t855_2026_0_002_000.jpg,9807,p465494,2026
levante-ud-84549,84549,levante-ud,LEVANTE UD,Levante UD,29,Defensa,defensa,Jugador,jugador,Nacho Pérez,Nacho Perez,Nacho,Pérez,2008-08-29,Turís,ES,176,66,false,true,false,false,https://assets.laliga.com/squad/2026/t855/p704770/512x556/p704770_t855_2026_0_001_000.png,https://assets.laliga.com/squad/2026/t855/p704770/1024x1113/p704770_t855_2026_0_001_000.png,https://assets.laliga.com/squad/2026/t855/p704770/512x512/p704770_t855_2026_0_002_000.jpg,41234,p704770,2026
levante-ud-86678,86678,levante-ud,LEVANTE UD,Levante UD,33,Defensa,defensa,Jugador,jugador,Marc Santos,Marc Santos,Marc,Santos,2010-11-09,,ES,,,false,true,false,false,https://assets.laliga.com/squad/2026/t855/default/512x556/default_t855_2026_0_001_000.png,https://assets.laliga.com/squad/2026/t855/default/1024x1113/default_t855_2026_0_001_000.png,https://assets.laliga.com/squad/2026/t855/default/512x512/default_t855_2026_0_002_000.jpg,47217,p719440,2026
levante-ud-85879,85879,levante-ud,LEVANTE UD,Levante UD,5,Centrocampista,centrocampista,Jugador,jugador,Hugo Sotelo,Hugo Sotelo,Hugo,Sotelo,2003-12-19,Vigo,ES,180,75,false,true,true,false,https://assets.laliga.com/squad/2026/t855/default/512x556/default_t855_2026_0_001_000.png,https://assets.laliga.com/squad/2026/t855/default/1024x1113/default_t855_2026_0_001_000.png,https://assets.laliga.com/squad/2026/t855/default/512x512/default_t855_2026_0_002_000.jpg,19086,p538283,2026
levante-ud-85827,85827,levante-ud,LEVANTE UD,Levante UD,6,Centrocampista,centrocampista,Jugador,jugador,Dani Requena,Requena,Dani,Requena,2004-02-12,Cenes de la Vega,ES,186,76,false,true,true,false,https://assets.laliga.com/squad/2026/t855/default/512x556/default_t855_2026_0_001_000.png,https://assets.laliga.com/squad/2026/t855/default/1024x1113/default_t855_2026_0_001_000.png,https://assets.laliga.com/squad/2026/t855/default/512x512/default_t855_2026_0_002_000.jpg,32786,p621306,2026
levante-ud-84554,84554,levante-ud,LEVANTE UD,Levante UD,8,Centrocampista,centrocampista,Jugador,jugador,Jon Ander Olasagasti,Olasagasti,Jon Ander,Olasagasti,2000-08-16,San Sebastián,ES,176,74,false,true,false,false,https://assets.laliga.com/squad/2026/t855/p513945/512x556/p513945_t855_2026_0_001_000.png,https://assets.laliga.com/squad/2026/t855/p513945/1024x1113/p513945_t855_2026_0_001_000.png,https://assets.laliga.com/squad/2026/t855/p513945/512x512/p513945_t855_2026_0_002_000.jpg,19029,p513945,2026
levante-ud-84552,84552,levante-ud,LEVANTE UD,Levante UD,18,Centrocampista,centrocampista,Jugador,jugador,Enzo Bardeli,Enzo Bardeli,Enzo,Bardeli,2001-04-11,Dunkerque,FR,173,65,false,true,false,false,https://assets.laliga.com/squad/2026/t855/default/512x556/default_t855_2026_0_001_000.png,https://assets.laliga.com/squad/2026/t855/default/1024x1113/default_t855_2026_0_001_000.png,https://assets.laliga.com/squad/2026/t855/default/512x512/default_t855_2026_0_002_000.jpg,46216,p492841,2026
levante-ud-84556,84556,levante-ud,LEVANTE UD,Levante UD,20,Centrocampista,centrocampista,Jugador,jugador,Oriol Rey,O. Rey,Oriol,Rey,1998-02-25,Barcelona,ES,177,71,false,true,false,false,https://assets.laliga.com/squad/2026/t855/p242310/512x556/p242310_t855_2026_0_001_000.png,https://assets.laliga.com/squad/2026/t855/p242310/1024x1113/p242310_t855_2026_0_001_000.png,https://assets.laliga.com/squad/2026/t855/p242310/512x512/p242310_t855_2026_0_002_000.jpg,14937,p242310,2026
levante-ud-86545,86545,levante-ud,LEVANTE UD,Levante UD,24,Centrocampista,centrocampista,Jugador,jugador,Thiago Fernández,Thiago,Thiago,Fernández,2004-04-03,Buenos Aires,AR,175,68,false,true,true,false,https://assets.laliga.com/squad/2026/t855/default/512x556/default_t855_2026_0_001_000.png,https://assets.laliga.com/squad/2026/t855/default/1024x1113/default_t855_2026_0_001_000.png,https://assets.laliga.com/squad/2026/t855/default/512x512/default_t855_2026_0_002_000.jpg,45089,p575889,2026
levante-ud-84566,84566,levante-ud,LEVANTE UD,Levante UD,27,Centrocampista,centrocampista,Jugador,jugador,Paco Cortés,P. Cortes,Paco,Cortés,2007-08-11,Granada,ES,178,,false,true,false,false,https://assets.laliga.com/squad/2026/t855/p648430/512x556/p648430_t855_2026_0_001_000.png,https://assets.laliga.com/squad/2026/t855/p648430/1024x1113/p648430_t855_2026_0_001_000.png,https://assets.laliga.com/squad/2026/t855/p648430/512x512/p648430_t855_2026_0_002_000.jpg,35827,p648430,2026
levante-ud-86679,86679,levante-ud,LEVANTE UD,Levante UD,34,Centrocampista,centrocampista,Jugador,jugador,Manel Usedo,Manel Usedo,Manel,Usedo,2007-07-01,,ES,,,false,true,false,false,https://assets.laliga.com/squad/2026/t855/default/512x556/default_t855_2026_0_001_000.png,https://assets.laliga.com/squad/2026/t855/default/1024x1113/default_t855_2026_0_001_000.png,https://assets.laliga.com/squad/2026/t855/default/512x512/default_t855_2026_0_002_000.jpg,47215,p749255,2026
levante-ud-86680,86680,levante-ud,LEVANTE UD,Levante UD,38,Centrocampista,centrocampista,Jugador,jugador,Alberto Calatrava,Calatrava,Alberto,Calatrava,2005-02-03,,ES,,,false,true,false,false,https://assets.laliga.com/squad/2026/t855/default/512x556/default_t855_2026_0_001_000.png,https://assets.laliga.com/squad/2026/t855/default/1024x1113/default_t855_2026_0_001_000.png,https://assets.laliga.com/squad/2026/t855/default/512x512/default_t855_2026_0_002_000.jpg,47218,p645746,2026
levante-ud-86993,86993,levante-ud,LEVANTE UD,Levante UD,,Centrocampista,centrocampista,Jugador,jugador,Axel Tape,Axel Tape,Axel,Tape,2007-08-10,Bondy,FR,180,75,false,true,true,false,https://assets.laliga.com/squad/2026/t855/default/512x556/default_t855_2026_0_001_000.png,https://assets.laliga.com/squad/2026/t855/default/1024x1113/default_t855_2026_0_001_000.png,https://assets.laliga.com/squad/2026/t855/default/512x512/default_t855_2026_0_002_000.jpg,39535,p669592,2026
levante-ud-84553,84553,levante-ud,LEVANTE UD,Levante UD,7,Delantero,delantero,Jugador,jugador,Roger Brugué,R. Brugué,Roger,Brugué,1996-11-04,Báscara,ES,173,68,false,true,false,false,https://assets.laliga.com/squad/2026/t855/p439878/512x556/p439878_t855_2026_0_001_000.png,https://assets.laliga.com/squad/2026/t855/p439878/1024x1113/p439878_t855_2026_0_001_000.png,https://assets.laliga.com/squad/2026/t855/p439878/512x512/p439878_t855_2026_0_002_000.jpg,7170,p439878,2026
levante-ud-84562,84562,levante-ud,LEVANTE UD,Levante UD,9,Delantero,delantero,Jugador,jugador,Iván Romero,I. Romero,Iván,Romero,2001-04-10,La Solana,ES,172,72,false,true,false,false,https://assets.laliga.com/squad/2026/t855/p521508/512x556/p521508_t855_2026_0_001_000.png,https://assets.laliga.com/squad/2026/t855/p521508/1024x1113/p521508_t855_2026_0_001_000.png,https://assets.laliga.com/squad/2026/t855/p521508/512x512/p521508_t855_2026_0_002_000.jpg,15893,p521508,2026
levante-ud-86276,86276,levante-ud,LEVANTE UD,Levante UD,11,Delantero,delantero,Jugador,jugador,Yanis Musuayi,Yanis Musuayi,Yanis,Musuayi,2007-06-26,,BE,190,83,false,true,false,false,https://assets.laliga.com/squad/2026/t855/default/512x556/default_t855_2026_0_001_000.png,https://assets.laliga.com/squad/2026/t855/default/1024x1113/default_t855_2026_0_001_000.png,https://assets.laliga.com/squad/2026/t855/default/512x512/default_t855_2026_0_002_000.jpg,47105,p664880,2026
levante-ud-84564,84564,levante-ud,LEVANTE UD,Levante UD,21,Delantero,delantero,Jugador,jugador,Karl Etta Eyong,Etta Eyong,Karl,Etta Eyong,2003-10-14,Douala,CM,181,75,false,true,false,false,https://assets.laliga.com/squad/2026/t855/p588010/512x556/p588010_t855_2026_0_001_000.png,https://assets.laliga.com/squad/2026/t855/p588010/1024x1113/p588010_t855_2026_0_001_000.png,https://assets.laliga.com/squad/2026/t855/p588010/512x512/p588010_t855_2026_0_002_000.jpg,27822,p588010,2026
levante-ud-84569,84569,levante-ud,LEVANTE UD,Levante UD,,Segundo entrenador,segundo-entrenador,Segundo entrenador,segundo-entrenador,Carlos Garcia,Carlos Garcia,Carlos,Garcia,1982-01-07,,ES,,,false,true,false,false,https://assets.laliga.com/squad/2026/t855/man66619/512x556/man66619_t855_2026_0_001_000.png,https://assets.laliga.com/squad/2026/t855/man66619/1024x1113/man66619_t855_2026_0_001_000.png,https://assets.laliga.com/squad/2026/t855/man66619/512x512/man66619_t855_2026_0_002_000.jpg,43307,man66619,2026
real-madrid-84776,84776,real-madrid,REAL MADRID CF,Real Madrid,,Entrenador,entrenador,Entrenador,entrenador,José Mário dos Santos Mourinho Félix,José Mourinho,José Mário,dos Santos Mourinho Félix,1963-01-26,Setúbal,PT,,,false,true,false,false,https://assets.laliga.com/assets/useful/default-player/512x556/manager_001.png,https://assets.laliga.com/assets/useful/default-player/1024x1113/manager_001.png,https://assets.laliga.com/assets/useful/default-player/512x512/manager_002.jpeg,2398,man134,2026
real-madrid-84728,84728,real-madrid,REAL MADRID CF,Real Madrid,1,Portero,portero,Jugador,jugador,Thibaut Courtois,Courtois,Thibaut,Courtois,1992-05-11,Bree,BE,200,96,true,true,false,false,https://assets.laliga.com/squad/2026/t186/p60772/512x556/p60772_t186_2026_0_001_000.png,https://assets.laliga.com/squad/2026/t186/p60772/1024x1113/p60772_t186_2026_0_001_000.png,https://assets.laliga.com/squad/2026/t186/p60772/512x512/p60772_t186_2026_0_002_000.jpg,560,p60772,2026
real-madrid-84729,84729,real-madrid,REAL MADRID CF,Real Madrid,13,Portero,portero,Jugador,jugador,Andrii Lunin,Lunin,Andrii,Lunin,1999-02-11,Krasnograd,UA,191,80,false,true,false,false,https://assets.laliga.com/squad/2026/t186/p224965/512x556/p224965_t186_2026_0_001_000.png,https://assets.laliga.com/squad/2026/t186/p224965/1024x1113/p224965_t186_2026_0_001_000.png,https://assets.laliga.com/squad/2026/t186/p224965/512x512/p224965_t186_2026_0_002_000.jpg,6724,p224965,2026
real-madrid-84732,84732,real-madrid,REAL MADRID CF,Real Madrid,26,Portero,portero,Jugador,jugador,Sergio Mestre,Mestre,Sergio,Mestre,2005-02-13,Boadilla del Monte,ES,193,80,false,true,false,false,https://assets.laliga.com/squad/2026/t186/p593179/512x556/p593179_t186_2026_0_001_000.png,https://assets.laliga.com/squad/2026/t186/p593179/1024x1113/p593179_t186_2026_0_001_000.png,https://assets.laliga.com/squad/2026/t186/p593179/512x512/p593179_t186_2026_0_002_000.jpg,30444,p593179,2026
real-madrid-84731,84731,real-madrid,REAL MADRID CF,Real Madrid,31,Portero,portero,Jugador,jugador,Javi Navarro,Javi Navarro,Javi,Navarro,2007-01-25,Madrid,ES,,,false,true,false,false,https://assets.laliga.com/squad/2026/t186/p675131/512x556/p675131_t186_2026_0_001_000.png,https://assets.laliga.com/squad/2026/t186/p675131/1024x1113/p675131_t186_2026_0_001_000.png,https://assets.laliga.com/squad/2026/t186/p675131/512x512/p675131_t186_2026_0_002_000.jpg,43043,p675131,2026
real-madrid-84738,84738,real-madrid,REAL MADRID CF,Real Madrid,2,Defensa,defensa,Jugador,jugador,Raúl Asencio,Asencio,Raúl,Asencio,2003-02-13,Las Palmas de Gran Canaria,ES,184,79,false,true,false,false,https://assets.laliga.com/squad/2026/t186/p551497/512x556/p551497_t186_2026_0_001_000.png,https://assets.laliga.com/squad/2026/t186/p551497/1024x1113/p551497_t186_2026_0_001_000.png,https://assets.laliga.com/squad/2026/t186/p551497/512x512/p551497_t186_2026_0_002_000.jpg,37548,p551497,2026
real-madrid-84736,84736,real-madrid,REAL MADRID CF,Real Madrid,3,Defensa,defensa,Jugador,jugador,Éder Gabriel Militão Pinheiro,E. Militão,Éder Gabriel,Militão Pinheiro,1998-01-18,Sertãozinho,BR,186,78,false,true,false,false,https://assets.laliga.com/squad/2026/t186/p218449/512x556/p218449_t186_2026_0_001_000.png,https://assets.laliga.com/squad/2026/t186/p218449/1024x1113/p218449_t186_2026_0_001_000.png,https://assets.laliga.com/squad/2026/t186/p218449/512x512/p218449_t186_2026_0_002_000.jpg,8867,p218449,2026
real-madrid-84743,84743,real-madrid,REAL MADRID CF,Real Madrid,4,Defensa,defensa,Jugador,jugador,Dean Huijsen,Huijsen,Dean,Huijsen,2005-04-14,Amsterdam,ES,195,87,false,true,false,false,https://assets.laliga.com/squad/2026/t186/p554605/512x556/p554605_t186_2026_0_001_000.png,https://assets.laliga.com/squad/2026/t186/p554605/1024x1113/p554605_t186_2026_0_001_000.png,https://assets.laliga.com/squad/2026/t186/p554605/512x512/p554605_t186_2026_0_002_000.jpg,31937,p554605,2026
real-madrid-84737,84737,real-madrid,REAL MADRID CF,Real Madrid,12,Defensa,defensa,Jugador,jugador,Trent Alexander-Arnold,Trent,Trent,Alexander-Arnold,1998-10-07,Liverpool,GB-ENG,175,67,false,true,false,false,https://assets.laliga.com/squad/2026/t186/p169187/512x556/p169187_t186_2026_0_001_000.png,https://assets.laliga.com/squad/2026/t186/p169187/1024x1113/p169187_t186_2026_0_001_000.png,https://assets.laliga.com/squad/2026/t186/p169187/512x512/p169187_t186_2026_0_002_000.jpg,6959,p169187,2026
real-madrid-84735,84735,real-madrid,REAL MADRID CF,Real Madrid,16,Defensa,defensa,Jugador,jugador,Ibrahima Konaté,Konaté,Ibrahima,Konaté,1999-05-25,Paris,FR,194,95,false,true,false,false,https://assets.laliga.com/squad/2026/t186/default/512x556/default_t186_2026_0_001_000.png,https://assets.laliga.com/squad/2026/t186/default/1024x1113/default_t186_2026_0_001_000.png,https://assets.laliga.com/squad/2026/t186/default/512x512/default_t186_2026_0_002_000.jpg,7071,p204716,2026
real-madrid-84734,84734,real-madrid,REAL MADRID CF,Real Madrid,17,Defensa,defensa,Jugador,jugador,Marc Cucurella,Cucurella,Marc,Cucurella,1998-07-22,Alella,ES,174,66,false,true,false,false,https://assets.laliga.com/squad/2026/t186/default/512x556/default_t186_2026_0_001_000.png,https://assets.laliga.com/squad/2026/t186/default/1024x1113/default_t186_2026_0_001_000.png,https://assets.laliga.com/squad/2026/t186/default/512x512/default_t186_2026_0_002_000.jpg,6121,p179268,2026
real-madrid-84739,84739,real-madrid,REAL MADRID CF,Real Madrid,18,Defensa,defensa,Jugador,jugador,Álvaro Carreras,Á. Carreras,Álvaro,Carreras,2003-03-23,Ferrol,ES,186,78,false,true,false,false,https://assets.laliga.com/squad/2026/t186/p515501/512x556/p515501_t186_2026_0_001_000.png,https://assets.laliga.com/squad/2026/t186/p515501/1024x1113/p515501_t186_2026_0_001_000.png,https://assets.laliga.com/squad/2026/t186/p515501/512x512/p515501_t186_2026_0_002_000.jpg,25875,p515501,2026
real-madrid-84741,84741,real-madrid,REAL MADRID CF,Real Madrid,22,Defensa,defensa,Jugador,jugador,Antonio Rüdiger,Rüdiger,Antonio,Rüdiger,1993-03-03,Berlin,DE,190,85,false,true,false,false,https://assets.laliga.com/squad/2026/t186/p102380/512x556/p102380_t186_2026_0_001_000.png,https://assets.laliga.com/squad/2026/t186/p102380/1024x1113/p102380_t186_2026_0_001_000.png,https://assets.laliga.com/squad/2026/t186/p102380/512x512/p102380_t186_2026_0_002_000.jpg,2166,p102380,2026
real-madrid-84742,84742,real-madrid,REAL MADRID CF,Real Madrid,23,Defensa,defensa,Jugador,jugador,Ferland Mendy,F. Mendy,Ferland,Mendy,1995-06-08,Meulan-En-Yvelines,FR,180,73,false,true,false,false,https://assets.laliga.com/squad/2026/t186/p206255/512x556/p206255_t186_2026_0_001_000.png,https://assets.laliga.com/squad/2026/t186/p206255/1024x1113/p206255_t186_2026_0_001_000.png,https://assets.laliga.com/squad/2026/t186/p206255/512x512/p206255_t186_2026_0_002_000.jpg,7034,p206255,2026
real-madrid-85545,85545,real-madrid,REAL MADRID CF,Real Madrid,24,Defensa,defensa,Jugador,jugador,Denzel Dumfries,Dumfries,Denzel,Dumfries,1996-04-18,Rotterdam,NL,188,80,false,true,false,false,https://assets.laliga.com/squad/2026/t186/default/512x556/default_t186_2026_0_001_000.png,https://assets.laliga.com/squad/2026/t186/default/1024x1113/default_t186_2026_0_001_000.png,https://assets.laliga.com/squad/2026/t186/default/512x512/default_t186_2026_0_002_000.jpg,8836,p199432,2026
real-madrid-84750,84750,real-madrid,REAL MADRID CF,Real Madrid,33,Defensa,defensa,Jugador,jugador,Mario Rivas,Mario Rivas,Mario,Rivas,2007-03-16,Sevilla,ES,188,73,false,true,false,false,https://assets.laliga.com/squad/2026/t186/default/512x556/default_t186_2026_0_001_000.png,https://assets.laliga.com/squad/2026/t186/default/1024x1113/default_t186_2026_0_001_000.png,https://assets.laliga.com/squad/2026/t186/default/512x512/default_t186_2026_0_002_000.jpg,40035,p633424,2026
real-madrid-84753,84753,real-madrid,REAL MADRID CF,Real Madrid,5,Centrocampista,centrocampista,Jugador,jugador,Jude Bellingham,Bellingham,Jude,Bellingham,2003-06-29,Stourbridge,GB-ENG,186,75,false,true,false,false,https://assets.laliga.com/squad/2026/t186/p244855/512x556/p244855_t186_2026_0_001_000.png,https://assets.laliga.com/squad/2026/t186/p244855/1024x1113/p244855_t186_2026_0_001_000.png,https://assets.laliga.com/squad/2026/t186/p244855/512x512/p244855_t186_2026_0_002_000.jpg,15165,p244855,2026
real-madrid-84754,84754,real-madrid,REAL MADRID CF,Real Madrid,6,Centrocampista,centrocampista,Jugador,jugador,Eduardo Camavinga,Camavinga,Eduardo,Camavinga,2002-11-10,Cabinda,FR,182,68,false,true,false,false,https://assets.laliga.com/squad/2026/t186/p475561/512x556/p475561_t186_2026_0_001_000.png,https://assets.laliga.com/squad/2026/t186/p475561/1024x1113/p475561_t186_2026_0_001_000.png,https://assets.laliga.com/squad/2026/t186/p475561/512x512/p475561_t186_2026_0_002_000.jpg,12917,p475561,2026
real-madrid-84755,84755,real-madrid,REAL MADRID CF,Real Madrid,8,Centrocampista,centrocampista,Jugador,jugador,Federico Valverde,Valverde,Federico,Valverde,1998-07-22,Montevideo,UY,182,78,true,true,false,false,https://assets.laliga.com/squad/2026/t186/p223255/512x556/p223255_t186_2026_0_001_000.png,https://assets.laliga.com/squad/2026/t186/p223255/1024x1113/p223255_t186_2026_0_001_000.png,https://assets.laliga.com/squad/2026/t186/p223255/512x512/p223255_t186_2026_0_002_000.jpg,6130,p223255,2026
real-madrid-84756,84756,real-madrid,REAL MADRID CF,Real Madrid,14,Centrocampista,centrocampista,Jugador,jugador,Aurélien Tchouaméni,Tchouameni,Aurélien,Tchouaméni,2000-01-27,Rouen,FR,187,81,false,true,false,false,https://assets.laliga.com/squad/2026/t186/p219292/512x556/p219292_t186_2026_0_001_000.png,https://assets.laliga.com/squad/2026/t186/p219292/1024x1113/p219292_t186_2026_0_001_000.png,https://assets.laliga.com/squad/2026/t186/p219292/512x512/p219292_t186_2026_0_002_000.jpg,9214,p219292,2026
real-madrid-84757,84757,real-madrid,REAL MADRID CF,Real Madrid,15,Centrocampista,centrocampista,Jugador,jugador,Arda Güler,Arda Güler,Arda,Güler,2005-02-25,Ankara,TR,176,67,false,true,false,false,https://assets.laliga.com/squad/2026/t186/p520250/512x556/p520250_t186_2026_0_001_000.png,https://assets.laliga.com/squad/2026/t186/p520250/1024x1113/p520250_t186_2026_0_001_000.png,https://assets.laliga.com/squad/2026/t186/p520250/512x512/p520250_t186_2026_0_002_000.jpg,23967,p520250,2026
real-madrid-84752,84752,real-madrid,REAL MADRID CF,Real Madrid,20,Centrocampista,centrocampista,Jugador,jugador,Bernardo Mota Veiga de Carvalho e Silva,Bernardo,Bernardo,Mota Veiga de Carvalho e Silva,1994-08-10,Lisboa,PT,173,63,false,true,false,false,https://assets.laliga.com/squad/2026/t186/default/512x556/default_t186_2026_0_001_000.png,https://assets.laliga.com/squad/2026/t186/default/1024x1113/default_t186_2026_0_001_000.png,https://assets.laliga.com/squad/2026/t186/default/512x512/default_t186_2026_0_002_000.jpg,2262,p165809,2026
real-madrid-84758,84758,real-madrid,REAL MADRID CF,Real Madrid,21,Centrocampista,centrocampista,Jugador,jugador,Brahim Díaz,Brahim,Brahim,Díaz,1999-08-03,Málaga,MA,170,68,false,true,false,false,https://assets.laliga.com/squad/2026/t186/p216183/512x556/p216183_t186_2026_0_001_000.png,https://assets.laliga.com/squad/2026/t186/p216183/1024x1113/p216183_t186_2026_0_001_000.png,https://assets.laliga.com/squad/2026/t186/p216183/512x512/p216183_t186_2026_0_002_000.jpg,7215,p216183,2026
real-madrid-84759,84759,real-madrid,REAL MADRID CF,Real Madrid,29,Centrocampista,centrocampista,Jugador,jugador,Jorge Cestero Sancho,Cestero,Jorge,Cestero Sancho,2006-03-24,,ES,181,76,false,true,false,false,https://assets.laliga.com/squad/2026/t186/p499358/512x556/p499358_t186_2026_0_001_000.png,https://assets.laliga.com/squad/2026/t186/p499358/1024x1113/p499358_t186_2026_0_001_000.png,https://assets.laliga.com/squad/2026/t186/p499358/512x512/p499358_t186_2026_0_002_000.jpg,44858,p499358,2026
real-madrid-84765,84765,real-madrid,REAL MADRID CF,Real Madrid,7,Delantero,delantero,Jugador,jugador,Vinícius José Paixão de Oliveira Júnior,Vini Jr.,Vinícius José,Paixão de Oliveira Júnior,2000-07-12,São Gonçalo,BR,176,77,false,true,false,false,https://assets.laliga.com/squad/2026/t186/p246333/512x556/p246333_t186_2026_0_001_000.png,https://assets.laliga.com/squad/2026/t186/p246333/1024x1113/p246333_t186_2026_0_001_000.png,https://assets.laliga.com/squad/2026/t186/p246333/512x512/p246333_t186_2026_0_002_000.jpg,8515,p246333,2026
real-madrid-84766,84766,real-madrid,REAL MADRID CF,Real Madrid,9,Delantero,delantero,Jugador,jugador,Endrick Felipe Moreira de Sousa,Endrick,Endrick Felipe,Moreira de Sousa,2006-07-21,Brasília,BR,172,67,false,true,false,false,https://assets.laliga.com/squad/2026/t186/p577107/512x556/p577107_t186_2026_0_001_000.png,https://assets.laliga.com/squad/2026/t186/p577107/1024x1113/p577107_t186_2026_0_001_000.png,https://assets.laliga.com/squad/2026/t186/p577107/512x512/p577107_t186_2026_0_002_000.jpg,37307,p577107,2026
real-madrid-84767,84767,real-madrid,REAL MADRID CF,Real Madrid,10,Delantero,delantero,Jugador,jugador,Kylian Mbappé,Mbappé,Kylian,Mbappé,1998-12-20,Paris,FR,178,75,false,true,false,false,https://assets.laliga.com/squad/2026/t186/p220160/512x556/p220160_t186_2026_0_001_000.png,https://assets.laliga.com/squad/2026/t186/p220160/1024x1113/p220160_t186_2026_0_001_000.png,https://assets.laliga.com/squad/2026/t186/p220160/512x512/p220160_t186_2026_0_002_000.jpg,4169,p220160,2026
real-madrid-84768,84768,real-madrid,REAL MADRID CF,Real Madrid,11,Delantero,delantero,Jugador,jugador,Rodrygo Silva de Goes,Rodrygo,Rodrygo,Silva de Goes,2001-01-09,Osasco,BR,174,64,false,true,false,false,https://assets.laliga.com/squad/2026/t186/p440077/512x556/p440077_t186_2026_0_001_000.png,https://assets.laliga.com/squad/2026/t186/p440077/1024x1113/p440077_t186_2026_0_001_000.png,https://assets.laliga.com/squad/2026/t186/p440077/512x512/p440077_t186_2026_0_002_000.jpg,12013,p440077,2026
real-madrid-86180,86180,real-madrid,REAL MADRID CF,Real Madrid,19,Delantero,delantero,Jugador,jugador,Carlos Espí,C. Espí,Carlos,Espí,2005-07-24,,ES,194,90,false,true,false,false,https://assets.laliga.com/squad/2026/t186/default/512x556/default_t186_2026_0_001_000.png,https://assets.laliga.com/squad/2026/t186/default/1024x1113/default_t186_2026_0_001_000.png,https://assets.laliga.com/squad/2026/t186/default/512x512/default_t186_2026_0_002_000.jpg,35501,p645745,2026
real-madrid-86389,86389,real-madrid,REAL MADRID CF,Real Madrid,25,Delantero,delantero,Jugador,jugador,Yan Diomande,Yan Diomande,Yan,Diomande,2006-11-14,Abidjan,CI,181,76,false,true,false,false,https://assets.laliga.com/squad/2026/t186/default/512x556/default_t186_2026_0_001_000.png,https://assets.laliga.com/squad/2026/t186/default/1024x1113/default_t186_2026_0_001_000.png,https://assets.laliga.com/squad/2026/t186/default/512x512/default_t186_2026_0_002_000.jpg,40244,p692871,2026
real-madrid-86211,86211,real-madrid,REAL MADRID CF,Real Madrid,36,Delantero,delantero,Jugador,jugador,Alexis Ciria,Alexis Ciria,Alexis,Ciria,2008-01-04,Badajoz,ES,181,,false,true,false,false,https://assets.laliga.com/squad/2026/t186/default/512x556/default_t186_2026_0_001_000.png,https://assets.laliga.com/squad/2026/t186/default/1024x1113/default_t186_2026_0_001_000.png,https://assets.laliga.com/squad/2026/t186/default/512x512/default_t186_2026_0_002_000.jpg,47083,p704994,2026
real-madrid-86144,86144,real-madrid,REAL MADRID CF,Real Madrid,,Segundo entrenador,segundo-entrenador,Segundo entrenador,segundo-entrenador,João Carlos Valado Tralhão,João Carlos Valado,João Carlos,Valado Tralhão,1980-09-03,Lisboa,PT,,,false,true,false,false,https://assets.laliga.com/assets/useful/default-player/512x556/manager_001.png,https://assets.laliga.com/assets/useful/default-player/1024x1113/manager_001.png,https://assets.laliga.com/assets/useful/default-player/512x512/manager_002.jpeg,39476,man49192,2026
malaga-cf-84597,84597,malaga-cf,MALAGA CF,Málaga CF,,Entrenador,entrenador,Entrenador,entrenador,Juan Francisco Funes Arjona,Funes,Juan Francisco,Funes Arjona,1983-06-25,Loja,ES,,,false,true,false,false,https://assets.laliga.com/assets/useful/default-player/512x556/manager_001.png,https://assets.laliga.com/assets/useful/default-player/1024x1113/manager_001.png,https://assets.laliga.com/assets/useful/default-player/512x512/manager_002.jpeg,44392,man67707,2026
malaga-cf-84571,84571,malaga-cf,MALAGA CF,Málaga CF,1,Portero,portero,Jugador,jugador,Alfonso Herrero,A. Herrero,Alfonso,Herrero,1994-04-21,Toledo,ES,183,83,false,true,false,false,https://assets.laliga.com/squad/2026/t182/p165795/512x556/p165795_t182_2026_0_001_000.png,https://assets.laliga.com/squad/2026/t182/p165795/1024x1113/p165795_t182_2026_0_001_000.png,https://assets.laliga.com/squad/2026/t182/p165795/512x512/p165795_t182_2026_0_002_000.jpg,4736,p165795,2026
malaga-cf-84572,84572,malaga-cf,MALAGA CF,Málaga CF,13,Portero,portero,Jugador,jugador,Carlos López,Carlos Lopez,Carlos,López,2004-11-13,Málaga,ES,184,70,false,true,false,false,https://assets.laliga.com/squad/2026/t182/p588159/512x556/p588159_t182_2026_0_001_000.png,https://assets.laliga.com/squad/2026/t182/p588159/1024x1113/p588159_t182_2026_0_001_000.png,https://assets.laliga.com/squad/2026/t182/p588159/512x512/p588159_t182_2026_0_002_000.jpg,31836,p588159,2026
malaga-cf-84575,84575,malaga-cf,MALAGA CF,Málaga CF,3,Defensa,defensa,Jugador,jugador,Carlos Puga,C. Puga,Carlos,Puga,2000-11-26,Albuñol,ES,175,70,false,true,false,false,https://assets.laliga.com/squad/2026/t182/p562075/512x556/p562075_t182_2026_0_001_000.png,https://assets.laliga.com/squad/2026/t182/p562075/1024x1113/p562075_t182_2026_0_001_000.png,https://assets.laliga.com/squad/2026/t182/p562075/512x512/p562075_t182_2026_0_002_000.jpg,24677,p562075,2026
malaga-cf-84576,84576,malaga-cf,MALAGA CF,Málaga CF,4,Defensa,defensa,Jugador,jugador,Einar Galilea,Einar,Einar,Galilea,1994-05-22,Vitoria-Gasteiz,ES,185,73,false,true,false,false,https://assets.laliga.com/squad/2026/t182/p138041/512x556/p138041_t182_2026_0_001_000.png,https://assets.laliga.com/squad/2026/t182/p138041/1024x1113/p138041_t182_2026_0_001_000.png,https://assets.laliga.com/squad/2026/t182/p138041/512x512/p138041_t182_2026_0_002_000.jpg,1047,p138041,2026
malaga-cf-84574,84574,malaga-cf,MALAGA CF,Málaga CF,5,Defensa,defensa,Jugador,jugador,Álex Pastor,Pastor,Álex,Pastor,1999-10-01,Barcelona,ES,186,79,false,true,false,false,https://assets.laliga.com/squad/2026/t182/default/512x556/default_t182_2026_0_001_000.png,https://assets.laliga.com/squad/2026/t182/default/1024x1113/default_t182_2026_0_001_000.png,https://assets.laliga.com/squad/2026/t182/default/512x512/default_t182_2026_0_002_000.jpg,16161,p521429,2026
malaga-cf-86078,86078,malaga-cf,MALAGA CF,Málaga CF,12,Defensa,defensa,Jugador,jugador,José Salinas,Salinas,José,Salinas,2000-09-30,Callosa de Segura,ES,179,69,false,true,true,false,https://assets.laliga.com/squad/2026/t182/default/512x556/default_t182_2026_0_001_000.png,https://assets.laliga.com/squad/2026/t182/default/1024x1113/default_t182_2026_0_001_000.png,https://assets.laliga.com/squad/2026/t182/default/512x512/default_t182_2026_0_002_000.jpg,14991,p515611,2026
malaga-cf-84581,84581,malaga-cf,MALAGA CF,Málaga CF,15,Defensa,defensa,Jugador,jugador,Ángel Recio,Recio,Ángel,Recio,2003-01-05,Fuengirola,ES,185,80,false,true,false,false,https://assets.laliga.com/squad/2026/t182/p539602/512x556/p539602_t182_2026_0_001_000.png,https://assets.laliga.com/squad/2026/t182/p539602/1024x1113/p539602_t182_2026_0_001_000.png,https://assets.laliga.com/squad/2026/t182/p539602/512x512/p539602_t182_2026_0_002_000.jpg,19189,p539602,2026
malaga-cf-84577,84577,malaga-cf,MALAGA CF,Málaga CF,16,Defensa,defensa,Jugador,jugador,Diego Murillo,Murillo,Diego,Murillo,2001-03-14,Malagón,ES,182,78,false,true,false,false,https://assets.laliga.com/squad/2026/t182/p514201/512x556/p514201_t182_2026_0_001_000.png,https://assets.laliga.com/squad/2026/t182/p514201/1024x1113/p514201_t182_2026_0_001_000.png,https://assets.laliga.com/squad/2026/t182/p514201/512x512/p514201_t182_2026_0_002_000.jpg,30542,p514201,2026
malaga-cf-85749,85749,malaga-cf,MALAGA CF,Málaga CF,20,Defensa,defensa,Jugador,jugador,Fernando Calero,F. Calero,Fernando,Calero,1995-09-14,Boecillo,ES,183,71,false,true,false,false,https://assets.laliga.com/squad/2026/t182/default/512x556/default_t182_2026_0_001_000.png,https://assets.laliga.com/squad/2026/t182/default/1024x1113/default_t182_2026_0_001_000.png,https://assets.laliga.com/squad/2026/t182/default/512x512/default_t182_2026_0_002_000.jpg,5480,p241869,2026
malaga-cf-84580,84580,malaga-cf,MALAGA CF,Málaga CF,31,Defensa,defensa,Jugador,jugador,Rafael Garrido Hierro,Rafita,Rafael,Garrido Hierro,2004-11-09,Málaga,ES,170,61,false,true,false,false,https://assets.laliga.com/squad/2026/t182/p640504/512x556/p640504_t182_2026_0_001_000.png,https://assets.laliga.com/squad/2026/t182/p640504/1024x1113/p640504_t182_2026_0_001_000.png,https://assets.laliga.com/squad/2026/t182/p640504/512x512/p640504_t182_2026_0_002_000.jpg,34794,p640504,2026
malaga-cf-87051,87051,malaga-cf,MALAGA CF,Málaga CF,,Defensa,defensa,Jugador,jugador,Juan Berrocal,J. Berrocal,Juan,Berrocal,1999-02-05,Jerez de la Frontera,ES,187,72,false,true,false,false,https://assets.laliga.com/squad/2026/t182/default/512x556/default_t182_2026_0_001_000.png,https://assets.laliga.com/squad/2026/t182/default/1024x1113/default_t182_2026_0_001_000.png,https://assets.laliga.com/squad/2026/t182/default/512x512/default_t182_2026_0_002_000.jpg,6272,p433632,2026
malaga-cf-84582,84582,malaga-cf,MALAGA CF,Málaga CF,6,Centrocampista,centrocampista,Jugador,jugador,Ramón Enríquez,Ramon,Ramón,Enríquez,2001-04-19,Granada,ES,173,68,false,true,false,false,https://assets.laliga.com/squad/2026/t182/p490733/512x556/p490733_t182_2026_0_001_000.png,https://assets.laliga.com/squad/2026/t182/p490733/1024x1113/p490733_t182_2026_0_001_000.png,https://assets.laliga.com/squad/2026/t182/p490733/512x512/p490733_t182_2026_0_002_000.jpg,12622,p490733,2026
malaga-cf-86058,86058,malaga-cf,MALAGA CF,Málaga CF,8,Centrocampista,centrocampista,Jugador,jugador,Carlos Dotor,Dotor,Carlos,Dotor,2001-03-15,Madrid,ES,180,68,false,true,true,false,https://assets.laliga.com/squad/2026/t182/default/512x556/default_t182_2026_0_001_000.png,https://assets.laliga.com/squad/2026/t182/default/1024x1113/default_t182_2026_0_001_000.png,https://assets.laliga.com/squad/2026/t182/default/512x512/default_t182_2026_0_002_000.jpg,30696,p448178,2026
malaga-cf-84591,84591,malaga-cf,MALAGA CF,Málaga CF,10,Centrocampista,centrocampista,Jugador,jugador,David Larrubia,D. Larrubia,David,Larrubia,2002-04-20,Málaga,ES,172,59,false,true,false,false,https://assets.laliga.com/squad/2026/t182/p495391/512x556/p495391_t182_2026_0_001_000.png,https://assets.laliga.com/squad/2026/t182/p495391/1024x1113/p495391_t182_2026_0_001_000.png,https://assets.laliga.com/squad/2026/t182/p495391/512x512/p495391_t182_2026_0_002_000.jpg,14661,p495391,2026
malaga-cf-84588,84588,malaga-cf,MALAGA CF,Málaga CF,14,Centrocampista,centrocampista,Jugador,jugador,Rafa Rodríguez,Rafa R.,Rafa,Rodríguez,2003-07-10,Sevilla,ES,180,79,false,true,false,false,https://assets.laliga.com/squad/2026/t182/p608484/512x556/p608484_t182_2026_0_001_000.png,https://assets.laliga.com/squad/2026/t182/p608484/1024x1113/p608484_t182_2026_0_001_000.png,https://assets.laliga.com/squad/2026/t182/p608484/512x512/p608484_t182_2026_0_002_000.jpg,32283,p608484,2026
malaga-cf-86809,86809,malaga-cf,MALAGA CF,Málaga CF,18,Centrocampista,centrocampista,Jugador,jugador,Pablo Martínez,Martínez,Pablo,Martínez,1998-02-22,Madrid,ES,182,74,false,true,false,false,https://assets.laliga.com/squad/2026/t182/default/512x556/default_t182_2026_0_001_000.png,https://assets.laliga.com/squad/2026/t182/default/1024x1113/default_t182_2026_0_001_000.png,https://assets.laliga.com/squad/2026/t182/default/512x512/default_t182_2026_0_002_000.jpg,7533,p445998,2026
malaga-cf-85862,85862,malaga-cf,MALAGA CF,Málaga CF,19,Centrocampista,centrocampista,Jugador,jugador,Juan Cruz,Cruz,Juan,Cruz,2000-04-25,Quilmes,ES,177,72,false,true,true,false,https://assets.laliga.com/squad/2026/t182/default/512x556/default_t182_2026_0_001_000.png,https://assets.laliga.com/squad/2026/t182/default/1024x1113/default_t182_2026_0_001_000.png,https://assets.laliga.com/squad/2026/t182/default/512x512/default_t182_2026_0_002_000.jpg,8223,p451281,2026
malaga-cf-84585,84585,malaga-cf,MALAGA CF,Málaga CF,22,Centrocampista,centrocampista,Jugador,jugador,Dani Lorenzo,Dani Lorenzo,Dani,Lorenzo,2003-04-05,Marbella,ES,176,68,false,true,false,false,https://assets.laliga.com/squad/2026/t182/p561391/512x556/p561391_t182_2026_0_001_000.png,https://assets.laliga.com/squad/2026/t182/p561391/1024x1113/p561391_t182_2026_0_001_000.png,https://assets.laliga.com/squad/2026/t182/p561391/512x512/p561391_t182_2026_0_002_000.jpg,24314,p561391,2026
malaga-cf-84586,84586,malaga-cf,MALAGA CF,Málaga CF,23,Centrocampista,centrocampista,Jugador,jugador,Izan Merino,Izan M.,Izan,Merino,2006-04-15,Málaga,ES,182,74,false,true,false,false,https://assets.laliga.com/squad/2026/t182/p620616/512x556/p620616_t182_2026_0_001_000.png,https://assets.laliga.com/squad/2026/t182/p620616/1024x1113/p620616_t182_2026_0_001_000.png,https://assets.laliga.com/squad/2026/t182/p620616/512x512/p620616_t182_2026_0_002_000.jpg,35194,p620616,2026
malaga-cf-86059,86059,malaga-cf,MALAGA CF,Málaga CF,28,Centrocampista,centrocampista,Jugador,jugador,Joseph Otu,Otu Jr,Joseph,Otu,2005-06-27,,NG,,,false,true,false,false,https://assets.laliga.com/squad/2026/t182/default/512x556/default_t182_2026_0_001_000.png,https://assets.laliga.com/squad/2026/t182/default/1024x1113/default_t182_2026_0_001_000.png,https://assets.laliga.com/squad/2026/t182/default/512x512/default_t182_2026_0_002_000.jpg,47025,p746342,2026
malaga-cf-84589,84589,malaga-cf,MALAGA CF,Málaga CF,7,Delantero,delantero,Jugador,jugador,Haitam Abaida,Haitam,Haitam,Abaida,2002-06-01,Polinyà,MA,172,70,false,true,false,false,https://assets.laliga.com/squad/2026/t182/p482236/512x556/p482236_t182_2026_0_001_000.png,https://assets.laliga.com/squad/2026/t182/p482236/1024x1113/p482236_t182_2026_0_001_000.png,https://assets.laliga.com/squad/2026/t182/p482236/512x512/p482236_t182_2026_0_002_000.jpg,16949,p482236,2026
malaga-cf-84590,84590,malaga-cf,MALAGA CF,Málaga CF,9,Delantero,delantero,Jugador,jugador,Carlos Ruiz Rubio,Chupe,Carlos,Ruiz Rubio,2004-08-24,Córdoba,ES,185,72,false,true,false,false,https://assets.laliga.com/squad/2026/t182/p620045/512x556/p620045_t182_2026_0_001_000.png,https://assets.laliga.com/squad/2026/t182/p620045/1024x1113/p620045_t182_2026_0_001_000.png,https://assets.laliga.com/squad/2026/t182/p620045/512x512/p620045_t182_2026_0_002_000.jpg,37593,p620045,2026
malaga-cf-84592,84592,malaga-cf,MALAGA CF,Málaga CF,11,Delantero,delantero,Jugador,jugador,Joaquín Muñoz,Joaquín,Joaquín,Muñoz,1999-03-10,Málaga,ES,173,60,false,true,false,false,https://assets.laliga.com/squad/2026/t182/p437831/512x556/p437831_t182_2026_0_001_000.png,https://assets.laliga.com/squad/2026/t182/p437831/1024x1113/p437831_t182_2026_0_001_000.png,https://assets.laliga.com/squad/2026/t182/p437831/512x512/p437831_t182_2026_0_002_000.jpg,9383,p437831,2026
malaga-cf-84593,84593,malaga-cf,MALAGA CF,Málaga CF,17,Delantero,delantero,Jugador,jugador,Eneko Jauregi,Jauregi,Eneko,Jauregi,1996-07-13,Muxika,ES,184,81,false,true,false,false,https://assets.laliga.com/squad/2026/t182/p216473/512x556/p216473_t182_2026_0_001_000.png,https://assets.laliga.com/squad/2026/t182/p216473/1024x1113/p216473_t182_2026_0_001_000.png,https://assets.laliga.com/squad/2026/t182/p216473/512x512/p216473_t182_2026_0_002_000.jpg,7467,p216473,2026
malaga-cf-84594,84594,malaga-cf,MALAGA CF,Málaga CF,21,Delantero,delantero,Jugador,jugador,Adrián Niño,Niño,Adrián,Niño,2004-06-19,Rota,ES,185,70,false,true,false,false,https://assets.laliga.com/squad/2026/t182/p593196/512x556/p593196_t182_2026_0_001_000.png,https://assets.laliga.com/squad/2026/t182/p593196/1024x1113/p593196_t182_2026_0_001_000.png,https://assets.laliga.com/squad/2026/t182/p593196/512x512/p593196_t182_2026_0_002_000.jpg,34060,p593196,2026
malaga-cf-84595,84595,malaga-cf,MALAGA CF,Málaga CF,24,Delantero,delantero,Jugador,jugador,Julen Lobete,Lobete,Julen,Lobete,2000-09-18,Lezo,ES,180,73,false,true,false,false,https://assets.laliga.com/squad/2026/t182/p495392/512x556/p495392_t182_2026_0_001_000.png,https://assets.laliga.com/squad/2026/t182/p495392/1024x1113/p495392_t182_2026_0_001_000.png,https://assets.laliga.com/squad/2026/t182/p495392/512x512/p495392_t182_2026_0_002_000.jpg,14513,p495392,2026
malaga-cf-86060,86060,malaga-cf,MALAGA CF,Málaga CF,32,Delantero,delantero,Jugador,jugador,Juan Francisco Fernández Martin,Juani,Juan Francisco,Fernández Martin,2007-01-17,,ES,,,false,true,false,false,https://assets.laliga.com/squad/2026/t182/default/512x556/default_t182_2026_0_001_000.png,https://assets.laliga.com/squad/2026/t182/default/1024x1113/default_t182_2026_0_001_000.png,https://assets.laliga.com/squad/2026/t182/default/512x512/default_t182_2026_0_002_000.jpg,47026,p706221,2026
malaga-cf-84596,84596,malaga-cf,MALAGA CF,Málaga CF,,Segundo entrenador,segundo-entrenador,Segundo entrenador,segundo-entrenador,Juan Carlos Andrés,J.c. Andres,Juan Carlos,Andrés,1975-02-11,Vigo,ES,,,false,true,false,false,https://assets.laliga.com/assets/useful/default-player/512x556/manager_001.png,https://assets.laliga.com/assets/useful/default-player/1024x1113/manager_001.png,https://assets.laliga.com/assets/useful/default-player/512x512/manager_002.jpeg,11845,man46469,2026
c-a-osasuna-84628,84628,c-a-osasuna,OSASUNA,CA Osasuna,,Entrenador,entrenador,Entrenador,entrenador,Luis Miguel Ramis,Luis Miguel Ramis,Luis Miguel,Ramis,1970-07-25,,ES,,,false,true,false,false,https://assets.laliga.com/assets/useful/default-player/512x556/manager_001.png,https://assets.laliga.com/assets/useful/default-player/1024x1113/manager_001.png,https://assets.laliga.com/assets/useful/default-player/512x512/manager_002.jpeg,5987,man46454,2026
c-a-osasuna-84598,84598,c-a-osasuna,OSASUNA,CA Osasuna,1,Portero,portero,Jugador,jugador,Sergio Herrera,S. Herrera,Sergio,Herrera,1993-06-05,Miranda de Ebro,ES,192,82,false,true,false,false,https://assets.laliga.com/squad/2026/t450/p138039/512x556/p138039_t450_2026_0_001_000.png,https://assets.laliga.com/squad/2026/t450/p138039/1024x1113/p138039_t450_2026_0_001_000.png,https://assets.laliga.com/squad/2026/t450/p138039/512x512/p138039_t450_2026_0_002_000.jpg,4617,p138039,2026
c-a-osasuna-84599,84599,c-a-osasuna,OSASUNA,CA Osasuna,13,Portero,portero,Jugador,jugador,Aitor Fernández,Aitor Fdez.,Aitor,Fernández,1991-05-03,Arrasate,ES,182,78,false,true,false,false,https://assets.laliga.com/squad/2026/t450/p80993/512x556/p80993_t450_2026_0_001_000.png,https://assets.laliga.com/squad/2026/t450/p80993/1024x1113/p80993_t450_2026_0_001_000.png,https://assets.laliga.com/squad/2026/t450/p80993/512x512/p80993_t450_2026_0_002_000.jpg,77,p80993,2026
c-a-osasuna-84601,84601,c-a-osasuna,OSASUNA,CA Osasuna,31,Portero,portero,Jugador,jugador,Rafa Fernández,Rafa Fdez.,Rafa,Fernández,2004-05-02,,ES,187,,false,true,false,false,https://assets.laliga.com/assets/useful/default-player/512x556/male_1_001.png,https://assets.laliga.com/assets/useful/default-player/1024x1113/male_1_001.png,https://assets.laliga.com/assets/useful/default-player/512x512/male_1_002.jpeg,40352,p678727,2026
c-a-osasuna-84602,84602,c-a-osasuna,OSASUNA,CA Osasuna,5,Defensa,defensa,Jugador,jugador,Jorge Herrando,Herrando,Jorge,Herrando,2001-02-28,Pamplona,ES,192,78,false,true,false,false,https://assets.laliga.com/squad/2026/t450/p463784/512x556/p463784_t450_2026_0_001_000.png,https://assets.laliga.com/squad/2026/t450/p463784/1024x1113/p463784_t450_2026_0_001_000.png,https://assets.laliga.com/squad/2026/t450/p463784/512x512/p463784_t450_2026_0_002_000.jpg,8739,p463784,2026
c-a-osasuna-86560,86560,c-a-osasuna,OSASUNA,CA Osasuna,15,Defensa,defensa,Jugador,jugador,Diego Rico,Rico,Diego,Rico,1993-02-23,Burgos,ES,183,76,false,true,false,false,https://assets.laliga.com/squad/2026/t450/default/512x556/default_t450_2026_0_001_000.png,https://assets.laliga.com/squad/2026/t450/default/1024x1113/default_t450_2026_0_001_000.png,https://assets.laliga.com/squad/2026/t450/default/512x512/default_t450_2026_0_002_000.jpg,1061,p171129,2026
c-a-osasuna-84603,84603,c-a-osasuna,OSASUNA,CA Osasuna,19,Defensa,defensa,Jugador,jugador,Valentin Rosier,V. Rosier,Valentin,Rosier,1996-08-19,Montauban,FR,175,71,false,true,false,false,https://assets.laliga.com/squad/2026/t450/p228170/512x556/p228170_t450_2026_0_001_000.png,https://assets.laliga.com/squad/2026/t450/p228170/1024x1113/p228170_t450_2026_0_001_000.png,https://assets.laliga.com/squad/2026/t450/p228170/512x512/p228170_t450_2026_0_002_000.jpg,12942,p228170,2026
c-a-osasuna-84604,84604,c-a-osasuna,OSASUNA,CA Osasuna,22,Defensa,defensa,Jugador,jugador,Enzo Boyomo,Boyomo,Enzo,Boyomo,2001-10-07,Toulouse,CM,180,70,false,true,false,false,https://assets.laliga.com/squad/2026/t450/p437677/512x556/p437677_t450_2026_0_001_000.png,https://assets.laliga.com/squad/2026/t450/p437677/1024x1113/p437677_t450_2026_0_001_000.png,https://assets.laliga.com/squad/2026/t450/p437677/512x512/p437677_t450_2026_0_002_000.jpg,14998,p437677,2026
c-a-osasuna-84606,84606,c-a-osasuna,OSASUNA,CA Osasuna,24,Defensa,defensa,Jugador,jugador,Alejandro Catena,Catena,Alejandro,Catena,1994-10-28,Móstoles,ES,194,82,false,true,false,false,https://assets.laliga.com/squad/2026/t450/p244273/512x556/p244273_t450_2026_0_001_000.png,https://assets.laliga.com/squad/2026/t450/p244273/1024x1113/p244273_t450_2026_0_001_000.png,https://assets.laliga.com/squad/2026/t450/p244273/512x512/p244273_t450_2026_0_002_000.jpg,8535,p244273,2026
c-a-osasuna-84609,84609,c-a-osasuna,OSASUNA,CA Osasuna,27,Defensa,defensa,Jugador,jugador,Iñigo Arguibide,Arguibide,Iñigo,Arguibide,2005-04-19,,ES,178,70,false,true,false,false,https://assets.laliga.com/squad/2026/t450/default/512x556/default_t450_2026_0_001_000.png,https://assets.laliga.com/squad/2026/t450/default/1024x1113/default_t450_2026_0_001_000.png,https://assets.laliga.com/squad/2026/t450/default/512x512/default_t450_2026_0_002_000.jpg,35586,p646149,2026
c-a-osasuna-84608,84608,c-a-osasuna,OSASUNA,CA Osasuna,35,Defensa,defensa,Jugador,jugador,Unai Santos,Santos,Unai,Santos,2005-11-03,,ES,,,false,true,false,false,https://assets.laliga.com/squad/2026/t450/p672686/512x556/p672686_t450_2026_0_001_000.png,https://assets.laliga.com/squad/2026/t450/p672686/1024x1113/p672686_t450_2026_0_001_000.png,https://assets.laliga.com/squad/2026/t450/p672686/512x512/p672686_t450_2026_0_002_000.jpg,44933,p672686,2026
c-a-osasuna-86576,86576,c-a-osasuna,OSASUNA,CA Osasuna,48,Defensa,defensa,Jugador,jugador,Rockson Yeboah,Rockson,Rockson,Yeboah,2004-08-02,Berekum,GH,189,76,false,true,false,false,https://assets.laliga.com/squad/2026/t450/default/512x556/default_t450_2026_0_001_000.png,https://assets.laliga.com/squad/2026/t450/default/1024x1113/default_t450_2026_0_001_000.png,https://assets.laliga.com/squad/2026/t450/default/512x512/default_t450_2026_0_002_000.jpg,47181,p627127,2026
c-a-osasuna-84611,84611,c-a-osasuna,OSASUNA,CA Osasuna,6,Centrocampista,centrocampista,Jugador,jugador,Lucas Torró,Torró,Lucas,Torró,1994-07-19,Cocentaina,ES,190,77,false,true,false,false,https://assets.laliga.com/squad/2026/t450/p111232/512x556/p111232_t450_2026_0_001_000.png,https://assets.laliga.com/squad/2026/t450/p111232/1024x1113/p111232_t450_2026_0_001_000.png,https://assets.laliga.com/squad/2026/t450/p111232/512x512/p111232_t450_2026_0_002_000.jpg,997,p111232,2026
c-a-osasuna-84612,84612,c-a-osasuna,OSASUNA,CA Osasuna,7,Centrocampista,centrocampista,Jugador,jugador,Jon Moncayola,Moncayola,Jon,Moncayola,1998-05-13,Garinoain,ES,189,86,false,true,false,false,https://assets.laliga.com/squad/2026/t450/p477463/512x556/p477463_t450_2026_0_001_000.png,https://assets.laliga.com/squad/2026/t450/p477463/1024x1113/p477463_t450_2026_0_001_000.png,https://assets.laliga.com/squad/2026/t450/p477463/512x512/p477463_t450_2026_0_002_000.jpg,9743,p477463,2026
c-a-osasuna-84613,84613,c-a-osasuna,OSASUNA,CA Osasuna,8,Centrocampista,centrocampista,Jugador,jugador,Iker Muñoz,Iker Muñoz,Iker,Muñoz,2002-09-05,Villafranca,ES,180,69,false,true,false,false,https://assets.laliga.com/squad/2026/t450/p589577/512x556/p589577_t450_2026_0_001_000.png,https://assets.laliga.com/squad/2026/t450/p589577/1024x1113/p589577_t450_2026_0_001_000.png,https://assets.laliga.com/squad/2026/t450/p589577/512x512/p589577_t450_2026_0_002_000.jpg,32362,p589577,2026
c-a-osasuna-84622,84622,c-a-osasuna,OSASUNA,CA Osasuna,16,Centrocampista,centrocampista,Jugador,jugador,Moi Gómez,Moi Gómez,Moi,Gómez,1994-06-23,Rojales,ES,176,71,false,true,false,false,https://assets.laliga.com/squad/2026/t450/p109243/512x556/p109243_t450_2026_0_001_000.png,https://assets.laliga.com/squad/2026/t450/p109243/1024x1113/p109243_t450_2026_0_001_000.png,https://assets.laliga.com/squad/2026/t450/p109243/512x512/p109243_t450_2026_0_002_000.jpg,92,p109243,2026
c-a-osasuna-84624,84624,c-a-osasuna,OSASUNA,CA Osasuna,18,Centrocampista,centrocampista,Jugador,jugador,Raúl Moro,Moro,Raúl,Moro,2002-12-05,Abrera,ES,169,68,false,true,false,false,https://assets.laliga.com/squad/2026/t450/default/512x556/default_t450_2026_0_001_000.png,https://assets.laliga.com/squad/2026/t450/default/1024x1113/default_t450_2026_0_001_000.png,https://assets.laliga.com/squad/2026/t450/default/512x512/default_t450_2026_0_002_000.jpg,17677,p465701,2026
c-a-osasuna-86061,86061,c-a-osasuna,OSASUNA,CA Osasuna,21,Centrocampista,centrocampista,Jugador,jugador,Jonathan Dubasin,Dubasin,Jonathan,Dubasin,2000-02-02,La Seu d'Urgell,ES,181,68,false,true,false,false,https://assets.laliga.com/squad/2026/t450/default/512x556/default_t450_2026_0_001_000.png,https://assets.laliga.com/squad/2026/t450/default/1024x1113/default_t450_2026_0_001_000.png,https://assets.laliga.com/squad/2026/t450/default/512x512/default_t450_2026_0_002_000.jpg,16353,p523079,2026
c-a-osasuna-84605,84605,c-a-osasuna,OSASUNA,CA Osasuna,23,Centrocampista,centrocampista,Jugador,jugador,Abel Bretones,Abel Bretones,Abel,Bretones,2000-08-21,Langreo,ES,188,78,false,true,false,false,https://assets.laliga.com/squad/2026/t450/p498594/512x556/p498594_t450_2026_0_001_000.png,https://assets.laliga.com/squad/2026/t450/p498594/1024x1113/p498594_t450_2026_0_001_000.png,https://assets.laliga.com/squad/2026/t450/p498594/512x512/p498594_t450_2026_0_002_000.jpg,27944,p498594,2026
c-a-osasuna-84616,84616,c-a-osasuna,OSASUNA,CA Osasuna,26,Centrocampista,centrocampista,Jugador,jugador,Mauro Echegoyen,Mauro,Mauro,Echegoyen,2005-03-03,Murchante,ES,176,69,false,true,false,false,https://assets.laliga.com/squad/2026/t450/p646145/512x556/p646145_t450_2026_0_001_000.png,https://assets.laliga.com/squad/2026/t450/p646145/1024x1113/p646145_t450_2026_0_001_000.png,https://assets.laliga.com/squad/2026/t450/p646145/512x512/p646145_t450_2026_0_002_000.jpg,41242,p646145,2026
c-a-osasuna-84618,84618,c-a-osasuna,OSASUNA,CA Osasuna,29,Centrocampista,centrocampista,Jugador,jugador,Asier Osambela,A. Osambela,Asier,Osambela,2004-10-30,Pamplona,ES,186,75,false,true,false,false,https://assets.laliga.com/squad/2026/t450/p646142/512x556/p646142_t450_2026_0_001_000.png,https://assets.laliga.com/squad/2026/t450/p646142/1024x1113/p646142_t450_2026_0_001_000.png,https://assets.laliga.com/squad/2026/t450/p646142/512x512/p646142_t450_2026_0_002_000.jpg,35640,p646142,2026
c-a-osasuna-87040,87040,c-a-osasuna,OSASUNA,CA Osasuna,,Centrocampista,centrocampista,Jugador,jugador,Romain Del Castillo,Del Castillo,Romain,Del Castillo,1996-03-29,Lyon,FR,172,60,false,true,false,false,https://assets.laliga.com/squad/2026/t450/default/512x556/default_t450_2026_0_001_000.png,https://assets.laliga.com/squad/2026/t450/default/1024x1113/default_t450_2026_0_001_000.png,https://assets.laliga.com/squad/2026/t450/default/512x512/default_t450_2026_0_002_000.jpg,9013,p219873,2026
c-a-osasuna-84620,84620,c-a-osasuna,OSASUNA,CA Osasuna,9,Delantero,delantero,Jugador,jugador,Raúl García,Raúl,Raúl,García,2000-11-03,Olesa de Montserrat,ES,192,70,false,true,false,false,https://assets.laliga.com/squad/2026/t450/p490859/512x556/p490859_t450_2026_0_001_000.png,https://assets.laliga.com/squad/2026/t450/p490859/1024x1113/p490859_t450_2026_0_001_000.png,https://assets.laliga.com/squad/2026/t450/p490859/512x512/p490859_t450_2026_0_002_000.jpg,12694,p490859,2026
c-a-osasuna-84614,84614,c-a-osasuna,OSASUNA,CA Osasuna,10,Delantero,delantero,Jugador,jugador,Aimar Oroz,Aimar,Aimar,Oroz,2001-11-27,Pamplona,ES,177,72,false,true,false,false,https://assets.laliga.com/squad/2026/t450/p484702/512x556/p484702_t450_2026_0_001_000.png,https://assets.laliga.com/squad/2026/t450/p484702/1024x1113/p484702_t450_2026_0_001_000.png,https://assets.laliga.com/squad/2026/t450/p484702/512x512/p484702_t450_2026_0_002_000.jpg,9808,p484702,2026
c-a-osasuna-84621,84621,c-a-osasuna,OSASUNA,CA Osasuna,11,Delantero,delantero,Jugador,jugador,Kike Barja,Kike Barja,Kike,Barja,1997-04-01,Noáin,ES,178,69,false,true,false,false,https://assets.laliga.com/squad/2026/t450/p178870/512x556/p178870_t450_2026_0_001_000.png,https://assets.laliga.com/squad/2026/t450/p178870/1024x1113/p178870_t450_2026_0_001_000.png,https://assets.laliga.com/squad/2026/t450/p178870/512x512/p178870_t450_2026_0_002_000.jpg,1594,p178870,2026
c-a-osasuna-84615,84615,c-a-osasuna,OSASUNA,CA Osasuna,14,Delantero,delantero,Jugador,jugador,Rubén García,Rubén García,Rubén,García,1993-07-14,Valencia,ES,171,72,false,true,false,false,https://assets.laliga.com/squad/2026/t450/p130026/512x556/p130026_t450_2026_0_001_000.png,https://assets.laliga.com/squad/2026/t450/p130026/1024x1113/p130026_t450_2026_0_001_000.png,https://assets.laliga.com/squad/2026/t450/p130026/512x512/p130026_t450_2026_0_002_000.jpg,972,p130026,2026
c-a-osasuna-84623,84623,c-a-osasuna,OSASUNA,CA Osasuna,17,Delantero,delantero,Jugador,jugador,Ante Budimir,Budimir,Ante,Budimir,1991-07-22,Zenica,HR,190,75,false,true,false,false,https://assets.laliga.com/squad/2026/t450/p94273/512x556/p94273_t450_2026_0_001_000.png,https://assets.laliga.com/squad/2026/t450/p94273/1024x1113/p94273_t450_2026_0_001_000.png,https://assets.laliga.com/squad/2026/t450/p94273/512x512/p94273_t450_2026_0_002_000.jpg,9656,p94273,2026
c-a-osasuna-86916,86916,c-a-osasuna,OSASUNA,CA Osasuna,30,Delantero,delantero,Jugador,jugador,Asier Bonel,A. Bonel,Asier,Bonel,2008-01-17,Caparroso,ES,180,,false,true,false,false,https://assets.laliga.com/squad/2026/t450/default/512x556/default_t450_2026_0_001_000.png,https://assets.laliga.com/squad/2026/t450/default/1024x1113/default_t450_2026_0_001_000.png,https://assets.laliga.com/squad/2026/t450/default/512x512/default_t450_2026_0_002_000.jpg,47634,p647953,2026
c-a-osasuna-86142,86142,c-a-osasuna,OSASUNA,CA Osasuna,,Segundo entrenador,segundo-entrenador,Segundo entrenador,segundo-entrenador,José Manuel Gil,Jose Manuel Gil Delgado,José Manuel,Gil,1978-03-24,,ES,,,false,true,false,false,https://assets.laliga.com/assets/useful/default-player/512x556/manager_001.png,https://assets.laliga.com/assets/useful/default-player/1024x1113/manager_001.png,https://assets.laliga.com/assets/useful/default-player/512x512/manager_002.jpeg,11932,man50339,2026
r-racing-club-84660,84660,r-racing-club,RACING DE SANTANDER,R. Racing Club,,Entrenador,entrenador,Entrenador,entrenador,José Alberto López Menéndez,J. A. Lopez,José Alberto,López Menéndez,1982-05-21,Oviedo,ES,,,false,true,false,false,https://assets.laliga.com/assets/useful/default-player/512x556/manager_001.png,https://assets.laliga.com/assets/useful/default-player/1024x1113/manager_001.png,https://assets.laliga.com/assets/useful/default-player/512x512/manager_002.jpeg,9460,man51347,2026
r-racing-club-84631,84631,r-racing-club,RACING DE SANTANDER,R. Racing Club,1,Portero,portero,Jugador,jugador,Simon Eriksson,Eriksson,Simon,Eriksson,2006-04-24,Uppsala,SE,195,,false,true,false,false,https://assets.laliga.com/assets/useful/default-player/512x556/male_1_001.png,https://assets.laliga.com/assets/useful/default-player/1024x1113/male_1_001.png,https://assets.laliga.com/assets/useful/default-player/512x512/male_1_002.jpeg,45221,p687671,2026
r-racing-club-86488,86488,r-racing-club,RACING DE SANTANDER,R. Racing Club,13,Portero,portero,Jugador,jugador,Julen Agirrezabala,Agirrezabala,Julen,Agirrezabala,2000-12-26,Donostia-San Sebastián,ES,190,78,false,true,false,false,https://assets.laliga.com/assets/useful/default-player/512x556/male_1_001.png,https://assets.laliga.com/assets/useful/default-player/1024x1113/male_1_001.png,https://assets.laliga.com/assets/useful/default-player/512x512/male_1_002.jpeg,22797,p470508,2026
r-racing-club-84635,84635,r-racing-club,RACING DE SANTANDER,R. Racing Club,2,Defensa,defensa,Jugador,jugador,Álvaro Mantilla,Mantilla,Álvaro,Mantilla,2000-05-09,Maliaño,ES,184,71,false,true,false,false,https://assets.laliga.com/squad/2026/t189/p500285/512x556/p500285_t189_2026_0_001_000.png,https://assets.laliga.com/squad/2026/t189/p500285/1024x1113/p500285_t189_2026_0_001_000.png,https://assets.laliga.com/squad/2026/t189/p500285/512x512/p500285_t189_2026_0_002_000.jpg,14298,p500285,2026
r-racing-club-84637,84637,r-racing-club,RACING DE SANTANDER,R. Racing Club,4,Defensa,defensa,Jugador,jugador,José Manuel Hernando Riol,Manu H.,José Manuel,Hernando Riol,1998-07-19,Palencia,ES,182,71,false,true,false,false,https://assets.laliga.com/squad/2026/t189/p179372/512x556/p179372_t189_2026_0_001_000.png,https://assets.laliga.com/squad/2026/t189/p179372/1024x1113/p179372_t189_2026_0_001_000.png,https://assets.laliga.com/squad/2026/t189/p179372/512x512/p179372_t189_2026_0_002_000.jpg,7167,p179372,2026
r-racing-club-84644,84644,r-racing-club,RACING DE SANTANDER,R. Racing Club,6,Defensa,defensa,Jugador,jugador,Íñigo Sainz-Maza,Iñigo,Íñigo,Sainz-Maza,1998-06-16,Ampuero,ES,181,71,false,true,false,false,https://assets.laliga.com/squad/2026/t189/p464168/512x556/p464168_t189_2026_0_001_000.png,https://assets.laliga.com/squad/2026/t189/p464168/1024x1113/p464168_t189_2026_0_001_000.png,https://assets.laliga.com/squad/2026/t189/p464168/512x512/p464168_t189_2026_0_002_000.jpg,12000,p464168,2026
r-racing-club-84634,84634,r-racing-club,RACING DE SANTANDER,R. Racing Club,16,Defensa,defensa,Jugador,jugador,Facu González,Facu,Facu,González,2003-06-06,Montevideo,UY,193,78,false,true,false,false,https://assets.laliga.com/squad/2026/t189/p564895/512x556/p564895_t189_2026_0_001_000.png,https://assets.laliga.com/squad/2026/t189/p564895/1024x1113/p564895_t189_2026_0_001_000.png,https://assets.laliga.com/squad/2026/t189/p564895/512x512/p564895_t189_2026_0_002_000.jpg,27640,p564895,2026
r-racing-club-84639,84639,r-racing-club,RACING DE SANTANDER,R. Racing Club,17,Defensa,defensa,Jugador,jugador,Jorge Salinas,Salinas,Jorge,Salinas,2007-04-03,Santander,ES,183,73,false,true,false,false,https://assets.laliga.com/squad/2026/t189/p658061/512x556/p658061_t189_2026_0_001_000.png,https://assets.laliga.com/squad/2026/t189/p658061/1024x1113/p658061_t189_2026_0_001_000.png,https://assets.laliga.com/squad/2026/t189/p658061/512x512/p658061_t189_2026_0_002_000.jpg,37728,p658061,2026
r-racing-club-86322,86322,r-racing-club,RACING DE SANTANDER,R. Racing Club,22,Defensa,defensa,Jugador,jugador,Pedro Felipe de Jesus Gomes,Pedro,Pedro Felipe,de Jesus Gomes,2004-05-23,Itajuípe,BR,190,86,false,true,false,false,https://assets.laliga.com/squad/2026/t189/default/512x556/default_t189_2026_0_001_000.png,https://assets.laliga.com/squad/2026/t189/default/1024x1113/default_t189_2026_0_001_000.png,https://assets.laliga.com/squad/2026/t189/default/512x512/default_t189_2026_0_002_000.jpg,43219,p617105,2026
r-racing-club-84642,84642,r-racing-club,RACING DE SANTANDER,R. Racing Club,30,Defensa,defensa,Jugador,jugador,Carlos Sánchez,Carlos,Carlos,Sánchez,2005-04-19,,ES,,,false,true,false,false,https://assets.laliga.com/squad/2026/t189/default/512x556/default_t189_2026_0_001_000.png,https://assets.laliga.com/squad/2026/t189/default/1024x1113/default_t189_2026_0_001_000.png,https://assets.laliga.com/squad/2026/t189/default/512x512/default_t189_2026_0_002_000.jpg,45775,p720621,2026
r-racing-club-87032,87032,r-racing-club,RACING DE SANTANDER,R. Racing Club,,Defensa,defensa,Jugador,jugador,Aarón Martín,Aaron,Aarón,Martín,1997-04-22,Montmeló,ES,180,72,false,true,false,false,https://assets.laliga.com/squad/2026/t189/default/512x556/default_t189_2026_0_001_000.png,https://assets.laliga.com/squad/2026/t189/default/1024x1113/default_t189_2026_0_001_000.png,https://assets.laliga.com/squad/2026/t189/default/512x512/default_t189_2026_0_002_000.jpg,4676,p234369,2026
r-racing-club-86348,86348,r-racing-club,RACING DE SANTANDER,R. Racing Club,5,Centrocampista,centrocampista,Jugador,jugador,Pablo Ramón,Pablo Ramón,Pablo,Ramón,2001-06-30,Calvia,ES,184,80,false,true,false,false,https://assets.laliga.com/squad/2026/t189/default/512x556/default_t189_2026_0_001_000.png,https://assets.laliga.com/squad/2026/t189/default/1024x1113/default_t189_2026_0_001_000.png,https://assets.laliga.com/squad/2026/t189/default/512x512/default_t189_2026_0_002_000.jpg,9398,p469317,2026
r-racing-club-84647,84647,r-racing-club,RACING DE SANTANDER,R. Racing Club,14,Centrocampista,centrocampista,Jugador,jugador,Maguette Gueye,Maguette,Maguette,Gueye,2002-12-30,Sakal,SN,188,75,false,true,false,false,https://assets.laliga.com/squad/2026/t189/p572069/512x556/p572069_t189_2026_0_001_000.png,https://assets.laliga.com/squad/2026/t189/p572069/1024x1113/p572069_t189_2026_0_001_000.png,https://assets.laliga.com/squad/2026/t189/p572069/512x512/p572069_t189_2026_0_002_000.jpg,28814,p572069,2026
r-racing-club-86897,86897,r-racing-club,RACING DE SANTANDER,R. Racing Club,18,Centrocampista,centrocampista,Jugador,jugador,Matteo Prati,Prati,Matteo,Prati,2003-12-28,Ravenna,IT,185,73,false,true,true,false,https://assets.laliga.com/squad/2026/t189/default/512x556/default_t189_2026_0_001_000.png,https://assets.laliga.com/squad/2026/t189/default/1024x1113/default_t189_2026_0_001_000.png,https://assets.laliga.com/squad/2026/t189/default/512x512/default_t189_2026_0_002_000.jpg,33396,p588222,2026
r-racing-club-84643,84643,r-racing-club,RACING DE SANTANDER,R. Racing Club,20,Centrocampista,centrocampista,Jugador,jugador,Sergio Canales,Canales,Sergio,Canales,1991-02-16,Santander,ES,175,66,false,true,false,false,https://assets.laliga.com/squad/2026/t189/default/512x556/default_t189_2026_0_001_000.png,https://assets.laliga.com/squad/2026/t189/default/1024x1113/default_t189_2026_0_001_000.png,https://assets.laliga.com/squad/2026/t189/default/512x512/default_t189_2026_0_002_000.jpg,723,p56448,2026
r-racing-club-86803,86803,r-racing-club,RACING DE SANTANDER,R. Racing Club,23,Centrocampista,centrocampista,Jugador,jugador,Iván Martín,Iván Martín,Iván,Martín,1999-02-14,Bilbao,ES,178,70,false,true,false,false,https://assets.laliga.com/squad/2026/t189/default/512x556/default_t189_2026_0_001_000.png,https://assets.laliga.com/squad/2026/t189/default/1024x1113/default_t189_2026_0_001_000.png,https://assets.laliga.com/squad/2026/t189/default/512x512/default_t189_2026_0_002_000.jpg,9655,p224467,2026
r-racing-club-84652,84652,r-racing-club,RACING DE SANTANDER,R. Racing Club,29,Centrocampista,centrocampista,Jugador,jugador,Andrés Vallecillo,A. Vallecillo,Andrés,Vallecillo,2006-02-21,,ES,187,,false,true,false,false,https://assets.laliga.com/squad/2026/t189/p718495/512x556/p718495_t189_2026_0_001_000.png,https://assets.laliga.com/squad/2026/t189/p718495/1024x1113/p718495_t189_2026_0_001_000.png,https://assets.laliga.com/squad/2026/t189/p718495/512x512/p718495_t189_2026_0_002_000.jpg,43462,p718495,2026
r-racing-club-86674,86674,r-racing-club,RACING DE SANTANDER,R. Racing Club,33,Centrocampista,centrocampista,Jugador,jugador,Jorge Castellanos,Caste,Jorge,Castellanos,2005-10-05,,ES,,,false,true,false,false,https://assets.laliga.com/squad/2026/t189/default/512x556/default_t189_2026_0_001_000.png,https://assets.laliga.com/squad/2026/t189/default/1024x1113/default_t189_2026_0_001_000.png,https://assets.laliga.com/squad/2026/t189/default/512x512/default_t189_2026_0_002_000.jpg,47213,p621929,2026
r-racing-club-86729,86729,r-racing-club,RACING DE SANTANDER,R. Racing Club,38,Centrocampista,centrocampista,Jugador,jugador,Hugo Pérez,Hugo,Hugo,Pérez,2007-06-12,,ES,,,false,true,false,false,https://assets.laliga.com/squad/2026/t189/default/512x556/default_t189_2026_0_001_000.png,https://assets.laliga.com/squad/2026/t189/default/1024x1113/default_t189_2026_0_001_000.png,https://assets.laliga.com/squad/2026/t189/default/512x512/default_t189_2026_0_002_000.jpg,47240,p730982,2026
r-racing-club-87078,87078,r-racing-club,RACING DE SANTANDER,R. Racing Club,,Centrocampista,centrocampista,Jugador,jugador,Domingos André Ribeiro Almeida,A. Almeida,Domingos André,Ribeiro Almeida,2000-05-30,Guimarães,PT,176,62,false,true,true,false,https://assets.laliga.com/squad/2026/t189/default/512x556/default_t189_2026_0_001_000.png,https://assets.laliga.com/squad/2026/t189/default/1024x1113/default_t189_2026_0_001_000.png,https://assets.laliga.com/squad/2026/t189/default/512x512/default_t189_2026_0_002_000.jpg,12895,p247636,2026
r-racing-club-87033,87033,r-racing-club,RACING DE SANTANDER,R. Racing Club,,Centrocampista,centrocampista,Jugador,jugador,Iker Luque,Iker Luque,Iker,Luque,2005-06-05,,ES,168,,false,true,false,false,https://assets.laliga.com/squad/2026/t189/default/512x556/default_t189_2026_0_001_000.png,https://assets.laliga.com/squad/2026/t189/default/1024x1113/default_t189_2026_0_001_000.png,https://assets.laliga.com/squad/2026/t189/default/512x512/default_t189_2026_0_002_000.jpg,45083,p621933,2026
r-racing-club-84654,84654,r-racing-club,RACING DE SANTANDER,R. Racing Club,7,Delantero,delantero,Jugador,jugador,Giorgi Guliashvili,Guliashvili,Giorgi,Guliashvili,2001-09-05,Tblisi,GE,176,66,false,true,false,false,https://assets.laliga.com/squad/2026/t189/p486783/512x556/p486783_t189_2026_0_001_000.png,https://assets.laliga.com/squad/2026/t189/p486783/1024x1113/p486783_t189_2026_0_001_000.png,https://assets.laliga.com/squad/2026/t189/p486783/512x512/p486783_t189_2026_0_002_000.jpg,12207,p486783,2026
r-racing-club-84655,84655,r-racing-club,RACING DE SANTANDER,R. Racing Club,9,Delantero,delantero,Jugador,jugador,Juan Carlos Arana,Arana,Juan Carlos,Arana,2000-02-08,Las Palmas de Gran Canaria,ES,182,73,false,true,false,false,https://assets.laliga.com/squad/2026/t189/p553751/512x556/p553751_t189_2026_0_001_000.png,https://assets.laliga.com/squad/2026/t189/p553751/1024x1113/p553751_t189_2026_0_001_000.png,https://assets.laliga.com/squad/2026/t189/p553751/512x512/p553751_t189_2026_0_002_000.jpg,25527,p553751,2026
r-racing-club-84656,84656,r-racing-club,RACING DE SANTANDER,R. Racing Club,10,Delantero,delantero,Jugador,jugador,Iñigo Vicente,Vicente,Iñigo,Vicente,1998-01-06,Derio,ES,178,69,false,true,false,false,https://assets.laliga.com/squad/2026/t189/default/512x556/default_t189_2026_0_001_000.png,https://assets.laliga.com/squad/2026/t189/default/1024x1113/default_t189_2026_0_001_000.png,https://assets.laliga.com/squad/2026/t189/default/512x512/default_t189_2026_0_002_000.jpg,9645,p242833,2026
r-racing-club-84657,84657,r-racing-club,RACING DE SANTANDER,R. Racing Club,11,Delantero,delantero,Jugador,jugador,Andrés Martín,Andrés,Andrés,Martín,1999-07-11,Aguadulce,ES,178,63,false,true,false,false,https://assets.laliga.com/squad/2026/t189/p444284/512x556/p444284_t189_2026_0_001_000.png,https://assets.laliga.com/squad/2026/t189/p444284/1024x1113/p444284_t189_2026_0_001_000.png,https://assets.laliga.com/squad/2026/t189/p444284/512x512/p444284_t189_2026_0_002_000.jpg,7455,p444284,2026
r-racing-club-84653,84653,r-racing-club,RACING DE SANTANDER,R. Racing Club,12,Delantero,delantero,Jugador,jugador,Asier Villalibre,Villalibre,Asier,Villalibre,1997-09-30,Gernika,ES,182,86,false,true,false,false,https://assets.laliga.com/squad/2026/t189/p212770/512x556/p212770_t189_2026_0_001_000.png,https://assets.laliga.com/squad/2026/t189/p212770/1024x1113/p212770_t189_2026_0_001_000.png,https://assets.laliga.com/squad/2026/t189/p212770/512x512/p212770_t189_2026_0_002_000.jpg,2023,p212770,2026
r-racing-club-86143,86143,r-racing-club,RACING DE SANTANDER,R. Racing Club,21,Delantero,delantero,Jugador,jugador,Yassir Zabiri,Zabiri,Yassir,Zabiri,2005-02-23,Marrakech,MA,182,73,false,true,true,false,https://assets.laliga.com/squad/2026/t189/default/512x556/default_t189_2026_0_001_000.png,https://assets.laliga.com/squad/2026/t189/default/1024x1113/default_t189_2026_0_001_000.png,https://assets.laliga.com/squad/2026/t189/default/512x512/default_t189_2026_0_002_000.jpg,45409,p652987,2026
r-racing-club-87089,87089,r-racing-club,RACING DE SANTANDER,R. Racing Club,,Delantero,delantero,Jugador,jugador,Pablo García,Pablo G.,Pablo,García,2006-06-13,Sevilla,ES,175,67,false,true,false,false,https://assets.laliga.com/squad/2026/t189/default/512x556/default_t189_2026_0_001_000.png,https://assets.laliga.com/squad/2026/t189/default/1024x1113/default_t189_2026_0_001_000.png,https://assets.laliga.com/squad/2026/t189/default/512x512/default_t189_2026_0_002_000.jpg,39973,p623696,2026
r-racing-club-84661,84661,r-racing-club,RACING DE SANTANDER,R. Racing Club,,Segundo entrenador,segundo-entrenador,Segundo entrenador,segundo-entrenador,Pablo Álvarez,Pablo Alvarez,Pablo,Álvarez,1980-05-14,Oviedo,ES,,,false,true,false,false,https://assets.laliga.com/assets/useful/default-player/512x556/manager_001.png,https://assets.laliga.com/assets/useful/default-player/1024x1113/manager_001.png,https://assets.laliga.com/assets/useful/default-player/512x512/manager_002.jpeg,14720,man53770,2026
rayo-vallecano-84695,84695,rayo-vallecano,RAYO VALLECANO,Rayo Vallecano,,Entrenador,entrenador,Entrenador,entrenador,Beñat San José,Beñat San José,Beñat,San José,1979-09-24,San Sebastián,ES,,,false,true,false,false,https://assets.laliga.com/assets/useful/default-player/512x556/manager_001.png,https://assets.laliga.com/assets/useful/default-player/1024x1113/manager_001.png,https://assets.laliga.com/assets/useful/default-player/512x512/manager_002.jpeg,40118,man42337,2026
rayo-vallecano-84662,84662,rayo-vallecano,RAYO VALLECANO,Rayo Vallecano,1,Portero,portero,Jugador,jugador,Dani Cárdenas,Cárdenas,Dani,Cárdenas,1997-03-28,Terrassa,ES,186,80,false,true,false,false,https://assets.laliga.com/squad/2026/t184/p491436/512x556/p491436_t184_2026_0_001_000.png,https://assets.laliga.com/squad/2026/t184/p491436/1024x1113/p491436_t184_2026_0_001_000.png,https://assets.laliga.com/squad/2026/t184/p491436/512x512/p491436_t184_2026_0_002_000.jpg,12716,p491436,2026
rayo-vallecano-84663,84663,rayo-vallecano,RAYO VALLECANO,Rayo Vallecano,13,Portero,portero,Jugador,jugador,Augusto Batalla,A. Batalla,Augusto,Batalla,1996-04-30,Hurlingham,AR,186,87,false,true,false,false,https://assets.laliga.com/squad/2026/t184/p173209/512x556/p173209_t184_2026_0_001_000.png,https://assets.laliga.com/squad/2026/t184/p173209/1024x1113/p173209_t184_2026_0_001_000.png,https://assets.laliga.com/squad/2026/t184/p173209/512x512/p173209_t184_2026_0_002_000.jpg,4225,p173209,2026
rayo-vallecano-84666,84666,rayo-vallecano,RAYO VALLECANO,Rayo Vallecano,30,Portero,portero,Jugador,jugador,Adrián Molina,Adrián Molina,Adrián,Molina,2005-07-22,Madrid,ES,188,75,false,true,false,false,https://assets.laliga.com/squad/2026/t184/p665389/512x556/p665389_t184_2026_0_001_000.png,https://assets.laliga.com/squad/2026/t184/p665389/1024x1113/p665389_t184_2026_0_001_000.png,https://assets.laliga.com/squad/2026/t184/p665389/512x512/p665389_t184_2026_0_002_000.jpg,39851,p665389,2026
rayo-vallecano-84669,84669,rayo-vallecano,RAYO VALLECANO,Rayo Vallecano,2,Defensa,defensa,Jugador,jugador,Andrei Ratiu,Andrei,Andrei,Ratiu,1998-06-20,Aiud,RO,183,75,false,true,false,false,https://assets.laliga.com/squad/2026/t184/p466543/512x556/p466543_t184_2026_0_001_000.png,https://assets.laliga.com/squad/2026/t184/p466543/1024x1113/p466543_t184_2026_0_001_000.png,https://assets.laliga.com/squad/2026/t184/p466543/512x512/p466543_t184_2026_0_002_000.jpg,9782,p466543,2026
rayo-vallecano-84671,84671,rayo-vallecano,RAYO VALLECANO,Rayo Vallecano,5,Defensa,defensa,Jugador,jugador,Luiz Felipe Ramos Marchi,Luiz Felipe,Luiz Felipe,Ramos Marchi,1997-03-22,Colina,IT,187,80,false,true,false,false,https://assets.laliga.com/squad/2026/t184/p215510/512x556/p215510_t184_2026_0_001_000.png,https://assets.laliga.com/squad/2026/t184/p215510/1024x1113/p215510_t184_2026_0_001_000.png,https://assets.laliga.com/squad/2026/t184/p215510/512x512/p215510_t184_2026_0_002_000.jpg,6782,p215510,2026
rayo-vallecano-86943,86943,rayo-vallecano,RAYO VALLECANO,Rayo Vallecano,17,Defensa,defensa,Jugador,jugador,Adrià Pedrosa,Pedrosa,Adrià,Pedrosa,1998-05-13,Barcelona,ES,172,69,false,true,true,false,https://assets.laliga.com/squad/2026/t184/default/512x556/default_t184_2026_0_001_000.png,https://assets.laliga.com/squad/2026/t184/default/1024x1113/default_t184_2026_0_001_000.png,https://assets.laliga.com/squad/2026/t184/default/512x512/default_t184_2026_0_002_000.jpg,9223,p446990,2026
rayo-vallecano-84673,84673,rayo-vallecano,RAYO VALLECANO,Rayo Vallecano,20,Defensa,defensa,Jugador,jugador,Iván Balliu,Balliu,Iván,Balliu,1992-01-01,Caldes de Malavella,AL,172,63,false,true,false,false,https://assets.laliga.com/squad/2026/t184/p97624/512x556/p97624_t184_2026_0_001_000.png,https://assets.laliga.com/squad/2026/t184/p97624/1024x1113/p97624_t184_2026_0_001_000.png,https://assets.laliga.com/squad/2026/t184/p97624/512x512/p97624_t184_2026_0_002_000.jpg,12624,p97624,2026
rayo-vallecano-84677,84677,rayo-vallecano,RAYO VALLECANO,Rayo Vallecano,22,Defensa,defensa,Jugador,jugador,Pelayo Fernández,Pelayo,Pelayo,Fernández,2003-04-29,Vigo,ES,190,83,false,true,false,false,https://assets.laliga.com/squad/2026/t184/default/512x556/default_t184_2026_0_001_000.png,https://assets.laliga.com/squad/2026/t184/default/1024x1113/default_t184_2026_0_001_000.png,https://assets.laliga.com/squad/2026/t184/default/512x512/default_t184_2026_0_002_000.jpg,37344,p493085,2026
rayo-vallecano-84674,84674,rayo-vallecano,RAYO VALLECANO,Rayo Vallecano,24,Defensa,defensa,Jugador,jugador,Florian Lejeune,Lejeune,Florian,Lejeune,1991-05-20,Paris,FR,190,89,false,true,false,false,https://assets.laliga.com/squad/2026/t184/p77359/512x556/p77359_t184_2026_0_001_000.png,https://assets.laliga.com/squad/2026/t184/p77359/1024x1113/p77359_t184_2026_0_001_000.png,https://assets.laliga.com/squad/2026/t184/p77359/512x512/p77359_t184_2026_0_002_000.jpg,1484,p77359,2026
rayo-vallecano-84675,84675,rayo-vallecano,RAYO VALLECANO,Rayo Vallecano,26,Defensa,defensa,Jugador,jugador,Marco de Las Sias,De Las Sias,Marco,de Las Sias,2005-12-29,,ES,180,74,false,true,false,false,https://assets.laliga.com/squad/2026/t184/p665388/512x556/p665388_t184_2026_0_001_000.png,https://assets.laliga.com/squad/2026/t184/p665388/1024x1113/p665388_t184_2026_0_001_000.png,https://assets.laliga.com/squad/2026/t184/p665388/512x512/p665388_t184_2026_0_002_000.jpg,37741,p665388,2026
rayo-vallecano-84676,84676,rayo-vallecano,RAYO VALLECANO,Rayo Vallecano,27,Defensa,defensa,Jugador,jugador,Sergio Lozano,Lozano,Sergio,Lozano,2006-03-30,,ES,175,70,false,true,false,false,https://assets.laliga.com/squad/2026/t184/default/512x556/default_t184_2026_0_001_000.png,https://assets.laliga.com/squad/2026/t184/default/1024x1113/default_t184_2026_0_001_000.png,https://assets.laliga.com/squad/2026/t184/default/512x512/default_t184_2026_0_002_000.jpg,40229,p691217,2026
rayo-vallecano-84668,84668,rayo-vallecano,RAYO VALLECANO,Rayo Vallecano,33,Defensa,defensa,Jugador,jugador,Jozhua Vertrouwd,Jozhua V.,Jozhua,Vertrouwd,2004-08-21,Amsterdam,NL,187,73,false,true,false,false,https://assets.laliga.com/squad/2026/t184/p538671/512x556/p538671_t184_2026_0_001_000.png,https://assets.laliga.com/squad/2026/t184/p538671/1024x1113/p538671_t184_2026_0_001_000.png,https://assets.laliga.com/squad/2026/t184/p538671/512x512/p538671_t184_2026_0_002_000.jpg,34324,p538671,2026
rayo-vallecano-86435,86435,rayo-vallecano,RAYO VALLECANO,Rayo Vallecano,3,Centrocampista,centrocampista,Jugador,jugador,Marash Kumbulla,Kumbulla,Marash,Kumbulla,2000-02-08,Peschiera del Garda,AL,191,78,false,true,true,false,https://assets.laliga.com/squad/2026/t184/default/512x556/default_t184_2026_0_001_000.png,https://assets.laliga.com/squad/2026/t184/default/1024x1113/default_t184_2026_0_001_000.png,https://assets.laliga.com/squad/2026/t184/default/512x512/default_t184_2026_0_002_000.jpg,15283,p433059,2026
rayo-vallecano-84678,84678,rayo-vallecano,RAYO VALLECANO,Rayo Vallecano,4,Centrocampista,centrocampista,Jugador,jugador,Pedro Díaz,Pedro Díaz,Pedro,Díaz,1998-06-05,Siero,ES,180,75,false,true,false,false,https://assets.laliga.com/squad/2026/t184/p435065/512x556/p435065_t184_2026_0_001_000.png,https://assets.laliga.com/squad/2026/t184/p435065/1024x1113/p435065_t184_2026_0_001_000.png,https://assets.laliga.com/squad/2026/t184/p435065/512x512/p435065_t184_2026_0_002_000.jpg,6340,p435065,2026
rayo-vallecano-84679,84679,rayo-vallecano,RAYO VALLECANO,Rayo Vallecano,6,Centrocampista,centrocampista,Jugador,jugador,Pathé Ciss,Pathé I. Ciss,Pathé,Ciss,1994-03-16,Dakar,SN,186,71,false,true,false,false,https://assets.laliga.com/squad/2026/t184/p441175/512x556/p441175_t184_2026_0_001_000.png,https://assets.laliga.com/squad/2026/t184/p441175/1024x1113/p441175_t184_2026_0_001_000.png,https://assets.laliga.com/squad/2026/t184/p441175/512x512/p441175_t184_2026_0_002_000.jpg,12767,p441175,2026
rayo-vallecano-84680,84680,rayo-vallecano,RAYO VALLECANO,Rayo Vallecano,7,Centrocampista,centrocampista,Jugador,jugador,Isi Palazón,Isi,Isi,Palazón,1994-12-27,Cieza,ES,169,71,false,true,false,false,https://assets.laliga.com/squad/2026/t184/p434078/512x556/p434078_t184_2026_0_001_000.png,https://assets.laliga.com/squad/2026/t184/p434078/1024x1113/p434078_t184_2026_0_001_000.png,https://assets.laliga.com/squad/2026/t184/p434078/512x512/p434078_t184_2026_0_002_000.jpg,7276,p434078,2026
rayo-vallecano-84682,84682,rayo-vallecano,RAYO VALLECANO,Rayo Vallecano,8,Centrocampista,centrocampista,Jugador,jugador,Unai López,Unai Lopez,Unai,López,1995-10-30,Errenteria,ES,170,68,false,true,false,false,https://assets.laliga.com/squad/2026/t184/p183462/512x556/p183462_t184_2026_0_001_000.png,https://assets.laliga.com/squad/2026/t184/p183462/1024x1113/p183462_t184_2026_0_001_000.png,https://assets.laliga.com/squad/2026/t184/p183462/512x512/p183462_t184_2026_0_002_000.jpg,1590,p183462,2026
rayo-vallecano-84681,84681,rayo-vallecano,RAYO VALLECANO,Rayo Vallecano,11,Centrocampista,centrocampista,Jugador,jugador,Randy Nteka,Nteka,Randy,Nteka,1997-12-06,Paris,AO,189,75,false,true,false,false,https://assets.laliga.com/squad/2026/t184/p449300/512x556/p449300_t184_2026_0_001_000.png,https://assets.laliga.com/squad/2026/t184/p449300/1024x1113/p449300_t184_2026_0_001_000.png,https://assets.laliga.com/squad/2026/t184/p449300/512x512/p449300_t184_2026_0_002_000.jpg,11979,p449300,2026
rayo-vallecano-84683,84683,rayo-vallecano,RAYO VALLECANO,Rayo Vallecano,18,Centrocampista,centrocampista,Jugador,jugador,Álvaro García,Álvaro,Álvaro,García,1992-10-27,Utrera,ES,167,61,false,true,false,false,https://assets.laliga.com/squad/2026/t184/p165682/512x556/p165682_t184_2026_0_001_000.png,https://assets.laliga.com/squad/2026/t184/p165682/1024x1113/p165682_t184_2026_0_001_000.png,https://assets.laliga.com/squad/2026/t184/p165682/512x512/p165682_t184_2026_0_002_000.jpg,429,p165682,2026
rayo-vallecano-84692,84692,rayo-vallecano,RAYO VALLECANO,Rayo Vallecano,19,Centrocampista,centrocampista,Jugador,jugador,Jorge de Frutos,De Frutos,Jorge,de Frutos,1997-02-20,Navares De Enmedio,ES,173,72,false,true,false,false,https://assets.laliga.com/squad/2026/t184/p241153/512x556/p241153_t184_2026_0_001_000.png,https://assets.laliga.com/squad/2026/t184/p241153/1024x1113/p241153_t184_2026_0_001_000.png,https://assets.laliga.com/squad/2026/t184/p241153/512x512/p241153_t184_2026_0_002_000.jpg,12015,p241153,2026
rayo-vallecano-84684,84684,rayo-vallecano,RAYO VALLECANO,Rayo Vallecano,21,Centrocampista,centrocampista,Jugador,jugador,Fran Pérez,Fran Pérez,Fran,Pérez,2002-09-09,Valencia,ES,176,68,false,true,false,false,https://assets.laliga.com/squad/2026/t184/p466057/512x556/p466057_t184_2026_0_001_000.png,https://assets.laliga.com/squad/2026/t184/p466057/1024x1113/p466057_t184_2026_0_001_000.png,https://assets.laliga.com/squad/2026/t184/p466057/512x512/p466057_t184_2026_0_002_000.jpg,23123,p466057,2026
rayo-vallecano-84685,84685,rayo-vallecano,RAYO VALLECANO,Rayo Vallecano,23,Centrocampista,centrocampista,Jugador,jugador,Óscar Valentín,Óscar V.,Óscar,Valentín,1994-08-20,Ajofrín,ES,177,72,false,true,false,false,https://assets.laliga.com/squad/2026/t184/p433161/512x556/p433161_t184_2026_0_001_000.png,https://assets.laliga.com/squad/2026/t184/p433161/1024x1113/p433161_t184_2026_0_001_000.png,https://assets.laliga.com/squad/2026/t184/p433161/512x512/p433161_t184_2026_0_002_000.jpg,8554,p433161,2026
rayo-vallecano-84688,84688,rayo-vallecano,RAYO VALLECANO,Rayo Vallecano,31,Centrocampista,centrocampista,Jugador,jugador,Marco Román,M. Román,Marco,Román,2006-05-03,,ES,181,,false,true,false,false,https://assets.laliga.com/squad/2026/t184/default/512x556/default_t184_2026_0_001_000.png,https://assets.laliga.com/squad/2026/t184/default/1024x1113/default_t184_2026_0_001_000.png,https://assets.laliga.com/squad/2026/t184/default/512x512/default_t184_2026_0_002_000.jpg,44505,p722839,2026
rayo-vallecano-86918,86918,rayo-vallecano,RAYO VALLECANO,Rayo Vallecano,36,Centrocampista,centrocampista,Jugador,jugador,Gnangoro Bouare Samake,G. Bouaré,Gnangoro,Bouare Samake,2004-08-13,,ES,,,false,true,false,false,https://assets.laliga.com/squad/2026/t184/default/512x556/default_t184_2026_0_001_000.png,https://assets.laliga.com/squad/2026/t184/default/1024x1113/default_t184_2026_0_001_000.png,https://assets.laliga.com/squad/2026/t184/default/512x512/default_t184_2026_0_002_000.jpg,47125,p747880,2026
rayo-vallecano-84690,84690,rayo-vallecano,RAYO VALLECANO,Rayo Vallecano,9,Delantero,delantero,Jugador,jugador,Alexandre Zurawski,Alemâo,Alexandre,Zurawski,1998-04-01,Campo Erê,BR,182,88,false,true,false,false,https://assets.laliga.com/squad/2026/t184/p483116/512x556/p483116_t184_2026_0_001_000.png,https://assets.laliga.com/squad/2026/t184/p483116/1024x1113/p483116_t184_2026_0_001_000.png,https://assets.laliga.com/squad/2026/t184/p483116/512x512/p483116_t184_2026_0_002_000.jpg,33150,p483116,2026
rayo-vallecano-84691,84691,rayo-vallecano,RAYO VALLECANO,Rayo Vallecano,10,Delantero,delantero,Jugador,jugador,Sergio Camello,Camello,Sergio,Camello,2001-02-10,Madrid,ES,177,69,false,true,false,false,https://assets.laliga.com/squad/2026/t184/p248507/512x556/p248507_t184_2026_0_001_000.png,https://assets.laliga.com/squad/2026/t184/p248507/1024x1113/p248507_t184_2026_0_001_000.png,https://assets.laliga.com/squad/2026/t184/p248507/512x512/p248507_t184_2026_0_002_000.jpg,9784,p248507,2026
rayo-vallecano-86580,86580,rayo-vallecano,RAYO VALLECANO,Rayo Vallecano,14,Delantero,delantero,Jugador,jugador,Giorgi Tsitaishvili,G.tsitaishvili,Giorgi,Tsitaishvili,2000-11-18,Rischon LeZion,GE,171,63,false,true,false,false,https://assets.laliga.com/squad/2026/t184/default/512x556/default_t184_2026_0_001_000.png,https://assets.laliga.com/squad/2026/t184/default/1024x1113/default_t184_2026_0_001_000.png,https://assets.laliga.com/squad/2026/t184/default/512x512/default_t184_2026_0_002_000.jpg,9557,p451017,2026
rayo-vallecano-86662,86662,rayo-vallecano,RAYO VALLECANO,Rayo Vallecano,34,Delantero,delantero,Jugador,jugador,Iván Alonso,Alonso,Iván,Alonso,2006-03-15,,ES,,,false,true,false,false,https://assets.laliga.com/squad/2026/t184/default/512x556/default_t184_2026_0_001_000.png,https://assets.laliga.com/squad/2026/t184/default/1024x1113/default_t184_2026_0_001_000.png,https://assets.laliga.com/squad/2026/t184/default/512x512/default_t184_2026_0_002_000.jpg,47206,p499356,2026
rayo-vallecano-84689,84689,rayo-vallecano,RAYO VALLECANO,Rayo Vallecano,,Delantero,delantero,Jugador,jugador,Raúl de Tomás,Rdt,Raúl,de Tomás,1994-10-17,Madrid,ES,178,72,false,true,false,false,https://assets.laliga.com/squad/2026/t184/default/512x556/default_t184_2026_0_001_000.png,https://assets.laliga.com/squad/2026/t184/default/1024x1113/default_t184_2026_0_001_000.png,https://assets.laliga.com/squad/2026/t184/default/512x512/default_t184_2026_0_002_000.jpg,1070,p119403,2026
rayo-vallecano-86596,86596,rayo-vallecano,RAYO VALLECANO,Rayo Vallecano,,Segundo entrenador,segundo-entrenador,Segundo entrenador,segundo-entrenador,Iban Fagoaga,Fagoaga,Iban,Fagoaga,1980-03-26,Bera de Bidasoa,ES,,,false,true,false,false,https://assets.laliga.com/assets/useful/default-player/512x556/manager_001.png,https://assets.laliga.com/assets/useful/default-player/1024x1113/manager_001.png,https://assets.laliga.com/assets/useful/default-player/512x512/manager_002.jpeg,40238,man61863,2026
real-sociedad-84818,84818,real-sociedad,REAL SOCIEDAD,Real Sociedad,,Entrenador,entrenador,Entrenador,entrenador,Pellegrino Matarazzo,Matarazzo,Pellegrino,Matarazzo,1977-11-28,Wane,US,,,false,true,false,false,https://assets.laliga.com/squad/2026/t188/man49629/512x556/man49629_t188_2026_0_001_000.png,https://assets.laliga.com/squad/2026/t188/man49629/1024x1113/man49629_t188_2026_0_001_000.png,,18118,man49629,2026
real-sociedad-84777,84777,real-sociedad,REAL SOCIEDAD,Real Sociedad,1,Portero,portero,Jugador,jugador,Álex Remiro,A. Remiro,Álex,Remiro,1995-03-24,Cascante,ES,191,79,false,true,false,false,https://assets.laliga.com/squad/2026/t188/p197316/512x556/p197316_t188_2026_0_001_000.png,https://assets.laliga.com/squad/2026/t188/p197316/1024x1113/p197316_t188_2026_0_001_000.png,https://assets.laliga.com/squad/2026/t188/p197316/512x512/p197316_t188_2026_0_002_000.jpg,1793,p197316,2026
real-sociedad-84778,84778,real-sociedad,REAL SOCIEDAD,Real Sociedad,13,Portero,portero,Jugador,jugador,Unai Marrero,Marrero,Unai,Marrero,2001-10-09,San Sebastián,ES,189,82,false,true,false,false,https://assets.laliga.com/squad/2026/t188/p523062/512x556/p523062_t188_2026_0_001_000.png,https://assets.laliga.com/squad/2026/t188/p523062/1024x1113/p523062_t188_2026_0_001_000.png,https://assets.laliga.com/squad/2026/t188/p523062/512x512/p523062_t188_2026_0_002_000.jpg,16406,p523062,2026
real-sociedad-84782,84782,real-sociedad,REAL SOCIEDAD,Real Sociedad,2,Defensa,defensa,Jugador,jugador,Jon Aramburu,Aramburu,Jon,Aramburu,2002-07-23,Caracas,VE,176,71,false,true,false,false,https://assets.laliga.com/squad/2026/t188/p479816/512x556/p479816_t188_2026_0_001_000.png,https://assets.laliga.com/squad/2026/t188/p479816/1024x1113/p479816_t188_2026_0_001_000.png,https://assets.laliga.com/squad/2026/t188/p479816/512x512/p479816_t188_2026_0_002_000.jpg,31630,p479816,2026
real-sociedad-84783,84783,real-sociedad,REAL SOCIEDAD,Real Sociedad,3,Defensa,defensa,Jugador,jugador,Aihen Muñoz,Aihen,Aihen,Muñoz,1997-08-16,Etxauri,ES,175,68,false,true,false,false,https://assets.laliga.com/squad/2026/t188/p472145/512x556/p472145_t188_2026_0_001_000.png,https://assets.laliga.com/squad/2026/t188/p472145/1024x1113/p472145_t188_2026_0_001_000.png,https://assets.laliga.com/squad/2026/t188/p472145/512x512/p472145_t188_2026_0_002_000.jpg,9539,p472145,2026
real-sociedad-84784,84784,real-sociedad,REAL SOCIEDAD,Real Sociedad,5,Defensa,defensa,Jugador,jugador,Igor Zubeldia,Zubeldia,Igor,Zubeldia,1997-03-30,Azkoitia,ES,181,73,false,true,false,false,https://assets.laliga.com/squad/2026/t188/p216475/512x556/p216475_t188_2026_0_001_000.png,https://assets.laliga.com/squad/2026/t188/p216475/1024x1113/p216475_t188_2026_0_001_000.png,https://assets.laliga.com/squad/2026/t188/p216475/512x512/p216475_t188_2026_0_002_000.jpg,4468,p216475,2026
real-sociedad-84788,84788,real-sociedad,REAL SOCIEDAD,Real Sociedad,6,Defensa,defensa,Jugador,jugador,Jon Martín,Jon Martín,Jon,Martín,2006-04-23,Donostia-San Sebastián,ES,186,83,false,true,false,false,https://assets.laliga.com/squad/2026/t188/p620617/512x556/p620617_t188_2026_0_001_000.png,https://assets.laliga.com/squad/2026/t188/p620617/1024x1113/p620617_t188_2026_0_001_000.png,https://assets.laliga.com/squad/2026/t188/p620617/512x512/p620617_t188_2026_0_002_000.jpg,33252,p620617,2026
real-sociedad-84786,84786,real-sociedad,REAL SOCIEDAD,Real Sociedad,16,Defensa,defensa,Jugador,jugador,Jon Pacheco,J. Pacheco,Jon,Pacheco,2001-01-08,Elizondo,ES,184,77,false,true,false,false,https://assets.laliga.com/squad/2026/t188/default/512x556/default_t188_2026_0_001_000.png,https://assets.laliga.com/squad/2026/t188/default/1024x1113/default_t188_2026_0_001_000.png,https://assets.laliga.com/squad/2026/t188/default/512x512/default_t188_2026_0_002_000.jpg,12675,p449931,2026
real-sociedad-84810,84810,real-sociedad,REAL SOCIEDAD,Real Sociedad,17,Defensa,defensa,Jugador,jugador,Sergio Gómez,Sergio Gómez,Sergio,Gómez,2000-09-04,Badalona,ES,173,71,false,true,false,false,https://assets.laliga.com/squad/2026/t188/p437468/512x556/p437468_t188_2026_0_001_000.png,https://assets.laliga.com/squad/2026/t188/p437468/1024x1113/p437468_t188_2026_0_001_000.png,https://assets.laliga.com/squad/2026/t188/p437468/512x512/p437468_t188_2026_0_002_000.jpg,7252,p437468,2026
real-sociedad-86944,86944,real-sociedad,REAL SOCIEDAD,Real Sociedad,19,Defensa,defensa,Jugador,jugador,Mamadou Sarr,M.sarr,Mamadou,Sarr,2005-08-29,Martigues,SN,194,77,false,true,true,false,https://assets.laliga.com/squad/2026/t188/default/512x556/default_t188_2026_0_001_000.png,https://assets.laliga.com/squad/2026/t188/default/1024x1113/default_t188_2026_0_001_000.png,https://assets.laliga.com/squad/2026/t188/default/512x512/default_t188_2026_0_002_000.jpg,31808,p574458,2026
real-sociedad-84787,84787,real-sociedad,REAL SOCIEDAD,Real Sociedad,20,Defensa,defensa,Jugador,jugador,Álvaro Odriozola,Odriozola,Álvaro,Odriozola,1995-12-14,San Sebastián,ES,176,66,false,true,false,false,https://assets.laliga.com/squad/2026/t188/p201172/512x556/p201172_t188_2026_0_001_000.png,https://assets.laliga.com/squad/2026/t188/p201172/1024x1113/p201172_t188_2026_0_001_000.png,https://assets.laliga.com/squad/2026/t188/p201172/512x512/p201172_t188_2026_0_002_000.jpg,4481,p201172,2026
real-sociedad-86978,86978,real-sociedad,REAL SOCIEDAD,Real Sociedad,22,Defensa,defensa,Jugador,jugador,Héctor Fort,H. Fort,Héctor,Fort,2006-08-02,,ES,185,78,false,true,false,false,https://assets.laliga.com/squad/2026/t188/default/512x556/default_t188_2026_0_001_000.png,https://assets.laliga.com/squad/2026/t188/default/1024x1113/default_t188_2026_0_001_000.png,https://assets.laliga.com/squad/2026/t188/default/512x512/default_t188_2026_0_002_000.jpg,32815,p499310,2026
real-sociedad-84800,84800,real-sociedad,REAL SOCIEDAD,Real Sociedad,28,Defensa,defensa,Jugador,jugador,Alex Lebarbier,Lebarbier,Alex,Lebarbier,2004-08-23,Paris,FR,184,71,false,true,false,false,https://assets.laliga.com/squad/2026/t188/p627656/512x556/p627656_t188_2026_0_001_000.png,https://assets.laliga.com/squad/2026/t188/p627656/1024x1113/p627656_t188_2026_0_001_000.png,https://assets.laliga.com/squad/2026/t188/p627656/512x512/p627656_t188_2026_0_002_000.jpg,33253,p627656,2026
real-sociedad-84790,84790,real-sociedad,REAL SOCIEDAD,Real Sociedad,34,Defensa,defensa,Jugador,jugador,Luken Beitia,Beitia,Luken,Beitia,2004-06-30,Elgoibar,ES,191,77,false,true,false,false,https://assets.laliga.com/squad/2026/t188/p612301/512x556/p612301_t188_2026_0_001_000.png,https://assets.laliga.com/squad/2026/t188/p612301/1024x1113/p612301_t188_2026_0_001_000.png,https://assets.laliga.com/squad/2026/t188/p612301/512x512/p612301_t188_2026_0_002_000.jpg,39525,p612301,2026
real-sociedad-84791,84791,real-sociedad,REAL SOCIEDAD,Real Sociedad,4,Centrocampista,centrocampista,Jugador,jugador,Jon Gorrotxategi,Gorrotxa,Jon,Gorrotxategi,2002-09-02,Eibar,ES,177,74,false,true,false,false,https://assets.laliga.com/squad/2026/t188/p546812/512x556/p546812_t188_2026_0_001_000.png,https://assets.laliga.com/squad/2026/t188/p546812/1024x1113/p546812_t188_2026_0_001_000.png,https://assets.laliga.com/squad/2026/t188/p546812/512x512/p546812_t188_2026_0_002_000.jpg,37594,p546812,2026
real-sociedad-84805,84805,real-sociedad,REAL SOCIEDAD,Real Sociedad,7,Centrocampista,centrocampista,Jugador,jugador,Ander Barrenetxea,Barrene,Ander,Barrenetxea,2001-12-27,San Sebastián,ES,175,74,false,true,false,false,https://assets.laliga.com/squad/2026/t188/p471138/512x556/p471138_t188_2026_0_001_000.png,https://assets.laliga.com/squad/2026/t188/p471138/1024x1113/p471138_t188_2026_0_001_000.png,https://assets.laliga.com/squad/2026/t188/p471138/512x512/p471138_t188_2026_0_002_000.jpg,9582,p471138,2026
real-sociedad-84792,84792,real-sociedad,REAL SOCIEDAD,Real Sociedad,8,Centrocampista,centrocampista,Jugador,jugador,Beñat Turrientes,Turrientes,Beñat,Turrientes,2002-01-31,Beasain,ES,181,70,false,true,false,false,https://assets.laliga.com/squad/2026/t188/p488026/512x556/p488026_t188_2026_0_001_000.png,https://assets.laliga.com/squad/2026/t188/p488026/1024x1113/p488026_t188_2026_0_001_000.png,https://assets.laliga.com/squad/2026/t188/p488026/512x512/p488026_t188_2026_0_002_000.jpg,15848,p488026,2026
real-sociedad-84808,84808,real-sociedad,REAL SOCIEDAD,Real Sociedad,11,Centrocampista,centrocampista,Jugador,jugador,Gonçalo Manuel Ganchinho Guedes,Guedes,Gonçalo Manuel,Ganchinho Guedes,1996-11-29,Benavente,PT,179,72,true,true,false,false,https://assets.laliga.com/squad/2026/t188/p181284/512x556/p181284_t188_2026_0_001_000.png,https://assets.laliga.com/squad/2026/t188/p181284/1024x1113/p181284_t188_2026_0_001_000.png,https://assets.laliga.com/squad/2026/t188/p181284/512x512/p181284_t188_2026_0_002_000.jpg,2663,p181284,2026
real-sociedad-84816,84816,real-sociedad,REAL SOCIEDAD,Real Sociedad,12,Centrocampista,centrocampista,Jugador,jugador,Job Ochieng,Ochieng,Job,Ochieng,2003-01-17,Nairobi,KE,185,75,false,true,false,false,https://assets.laliga.com/squad/2026/t188/p612309/512x556/p612309_t188_2026_0_001_000.png,https://assets.laliga.com/squad/2026/t188/p612309/1024x1113/p612309_t188_2026_0_001_000.png,https://assets.laliga.com/squad/2026/t188/p612309/512x512/p612309_t188_2026_0_002_000.jpg,40951,p612309,2026
real-sociedad-84809,84809,real-sociedad,REAL SOCIEDAD,Real Sociedad,14,Centrocampista,centrocampista,Jugador,jugador,Takefusa Kubo,Take,Takefusa,Kubo,2001-06-04,Kawasaki,JP,173,67,false,true,false,false,https://assets.laliga.com/squad/2026/t188/p219271/512x556/p219271_t188_2026_0_001_000.png,https://assets.laliga.com/squad/2026/t188/p219271/1024x1113/p219271_t188_2026_0_001_000.png,https://assets.laliga.com/squad/2026/t188/p219271/512x512/p219271_t188_2026_0_002_000.jpg,12132,p219271,2026
real-sociedad-84794,84794,real-sociedad,REAL SOCIEDAD,Real Sociedad,15,Centrocampista,centrocampista,Jugador,jugador,Pablo Marín,Marin,Pablo,Marín,2003-07-03,Logroño,ES,178,71,false,true,false,false,https://assets.laliga.com/squad/2026/t188/p547455/512x556/p547455_t188_2026_0_001_000.png,https://assets.laliga.com/squad/2026/t188/p547455/1024x1113/p547455_t188_2026_0_001_000.png,https://assets.laliga.com/squad/2026/t188/p547455/512x512/p547455_t188_2026_0_002_000.jpg,23692,p547455,2026
real-sociedad-84795,84795,real-sociedad,REAL SOCIEDAD,Real Sociedad,18,Centrocampista,centrocampista,Jugador,jugador,Carlos Soler,C.soler,Carlos,Soler,1997-01-02,Valencia,ES,180,76,false,true,false,false,https://assets.laliga.com/squad/2026/t188/p224860/512x556/p224860_t188_2026_0_001_000.png,https://assets.laliga.com/squad/2026/t188/p224860/1024x1113/p224860_t188_2026_0_001_000.png,https://assets.laliga.com/squad/2026/t188/p224860/512x512/p224860_t188_2026_0_002_000.jpg,4451,p224860,2026
real-sociedad-84793,84793,real-sociedad,REAL SOCIEDAD,Real Sociedad,21,Centrocampista,centrocampista,Jugador,jugador,Yangel Herrera,Herrera,Yangel,Herrera,1998-01-07,La Guaira,VE,184,78,true,true,false,false,https://assets.laliga.com/squad/2026/t188/p226541/512x556/p226541_t188_2026_0_001_000.png,https://assets.laliga.com/squad/2026/t188/p226541/1024x1113/p226541_t188_2026_0_001_000.png,https://assets.laliga.com/squad/2026/t188/p226541/512x512/p226541_t188_2026_0_002_000.jpg,9658,p226541,2026
real-sociedad-84796,84796,real-sociedad,REAL SOCIEDAD,Real Sociedad,23,Centrocampista,centrocampista,Jugador,jugador,Arsen Zakharyan,Zakharyan,Arsen,Zakharyan,2003-05-26,Samara,RU,182,73,false,true,false,false,https://assets.laliga.com/squad/2026/t188/p475612/512x556/p475612_t188_2026_0_001_000.png,https://assets.laliga.com/squad/2026/t188/p475612/1024x1113/p475612_t188_2026_0_001_000.png,https://assets.laliga.com/squad/2026/t188/p475612/512x512/p475612_t188_2026_0_002_000.jpg,19103,p475612,2026
real-sociedad-84799,84799,real-sociedad,REAL SOCIEDAD,Real Sociedad,24,Centrocampista,centrocampista,Jugador,jugador,Luka Sucic,Sucic,Luka,Sucic,2002-09-08,Linz,HR,185,78,false,true,false,false,https://assets.laliga.com/squad/2026/t188/p464166/512x556/p464166_t188_2026_0_001_000.png,https://assets.laliga.com/squad/2026/t188/p464166/1024x1113/p464166_t188_2026_0_001_000.png,https://assets.laliga.com/squad/2026/t188/p464166/512x512/p464166_t188_2026_0_002_000.jpg,15823,p464166,2026
real-sociedad-84803,84803,real-sociedad,REAL SOCIEDAD,Real Sociedad,26,Centrocampista,centrocampista,Jugador,jugador,Ibai Aguirre,Aguirre,Ibai,Aguirre,2007-01-10,Mutriku,ES,185,69,false,true,false,false,https://assets.laliga.com/squad/2026/t188/p634238/512x556/p634238_t188_2026_0_001_000.png,https://assets.laliga.com/squad/2026/t188/p634238/1024x1113/p634238_t188_2026_0_001_000.png,https://assets.laliga.com/squad/2026/t188/p634238/512x512/p634238_t188_2026_0_002_000.jpg,41804,p634238,2026
real-sociedad-84814,84814,real-sociedad,REAL SOCIEDAD,Real Sociedad,29,Centrocampista,centrocampista,Jugador,jugador,Alex Marchal,Marchal,Alex,Marchal,2007-09-17,Antsoain,ES,180,70,false,true,false,false,https://assets.laliga.com/squad/2026/t188/p634254/512x556/p634254_t188_2026_0_001_000.png,https://assets.laliga.com/squad/2026/t188/p634254/1024x1113/p634254_t188_2026_0_001_000.png,https://assets.laliga.com/squad/2026/t188/p634254/512x512/p634254_t188_2026_0_002_000.jpg,39529,p634254,2026
real-sociedad-84806,84806,real-sociedad,REAL SOCIEDAD,Real Sociedad,9,Delantero,delantero,Jugador,jugador,Orri Óskarsson,Oskarsson,Orri,Óskarsson,2004-08-29,Reykjavik,IS,186,76,false,true,false,false,https://assets.laliga.com/squad/2026/t188/p507438/512x556/p507438_t188_2026_0_001_000.png,https://assets.laliga.com/squad/2026/t188/p507438/1024x1113/p507438_t188_2026_0_001_000.png,https://assets.laliga.com/squad/2026/t188/p507438/512x512/p507438_t188_2026_0_002_000.jpg,30448,p507438,2026
real-sociedad-84807,84807,real-sociedad,REAL SOCIEDAD,Real Sociedad,10,Delantero,delantero,Jugador,jugador,Mikel Oyarzabal,Oyarzabal,Mikel,Oyarzabal,1997-04-21,Eibar,ES,181,79,false,true,false,false,https://assets.laliga.com/squad/2026/t188/p219000/512x556/p219000_t188_2026_0_001_000.png,https://assets.laliga.com/squad/2026/t188/p219000/1024x1113/p219000_t188_2026_0_001_000.png,https://assets.laliga.com/squad/2026/t188/p219000/512x512/p219000_t188_2026_0_002_000.jpg,3861,p219000,2026
real-sociedad-84815,84815,real-sociedad,REAL SOCIEDAD,Real Sociedad,27,Delantero,delantero,Jugador,jugador,Gorka Carrera,Carrera,Gorka,Carrera,2005-05-15,Errenteria,ES,178,65,false,true,false,false,https://assets.laliga.com/squad/2026/t188/p632509/512x556/p632509_t188_2026_0_001_000.png,https://assets.laliga.com/squad/2026/t188/p632509/1024x1113/p632509_t188_2026_0_001_000.png,https://assets.laliga.com/squad/2026/t188/p632509/512x512/p632509_t188_2026_0_002_000.jpg,40948,p632509,2026
real-sociedad-84817,84817,real-sociedad,REAL SOCIEDAD,Real Sociedad,,Segundo entrenador,segundo-entrenador,Segundo entrenador,segundo-entrenador,John Maisano,Maisano,John,Maisano,1979-01-06,,AU,,,false,true,false,false,https://assets.laliga.com/squad/2026/t188/man52423/512x556/man52423_t188_2026_0_001_000.png,https://assets.laliga.com/squad/2026/t188/man52423/1024x1113/man52423_t188_2026_0_001_000.png,https://assets.laliga.com/squad/2026/t188/man52423/512x512/man52423_t188_2026_0_002_000.jpg,45534,man52423,2026
sevilla-fc-84854,84854,sevilla-fc,SEVILLA,Sevilla FC,,Entrenador,entrenador,Entrenador,entrenador,Luis García,Luis Garcia,Luis,García,1972-12-01,Madrid,ES,,,false,true,false,false,https://assets.laliga.com/assets/useful/default-player/512x556/manager_001.png,https://assets.laliga.com/assets/useful/default-player/1024x1113/manager_001.png,https://assets.laliga.com/assets/useful/default-player/512x512/manager_002.jpeg,49,man39291,2026
sevilla-fc-85943,85943,sevilla-fc,SEVILLA,Sevilla FC,1,Portero,portero,Jugador,jugador,Odysseas Vlachodimos,Odysseas,Odysseas,Vlachodimos,1994-04-26,Stuttgart,GR,188,78,false,true,true,false,https://assets.laliga.com/assets/useful/default-player/512x556/male_1_001.png,https://assets.laliga.com/assets/useful/default-player/1024x1113/male_1_001.png,https://assets.laliga.com/assets/useful/default-player/512x512/male_1_002.jpeg,6254,p111452,2026
sevilla-fc-86277,86277,sevilla-fc,SEVILLA,Sevilla FC,13,Portero,portero,Jugador,jugador,Fran González,Fran González,Fran,González,2005-06-24,León,ES,200,72,false,true,false,false,https://assets.laliga.com/assets/useful/default-player/512x556/male_1_001.png,https://assets.laliga.com/assets/useful/default-player/1024x1113/male_1_001.png,https://assets.laliga.com/assets/useful/default-player/512x512/male_1_002.jpeg,32808,p592988,2026
sevilla-fc-84821,84821,sevilla-fc,SEVILLA,Sevilla FC,33,Portero,portero,Jugador,jugador,Rafael Romero,Rafa Romero,Rafael,Romero,2003-08-07,Jerez de la Frontera,ES,192,75,false,true,false,false,https://assets.laliga.com/squad/2026/t179/p519842/512x556/p519842_t179_2026_0_001_000.png,https://assets.laliga.com/squad/2026/t179/p519842/1024x1113/p519842_t179_2026_0_001_000.png,https://assets.laliga.com/squad/2026/t179/p519842/512x512/p519842_t179_2026_0_002_000.jpg,15766,p519842,2026
sevilla-fc-84823,84823,sevilla-fc,SEVILLA,Sevilla FC,2,Defensa,defensa,Jugador,jugador,Juan Iglesias,Iglesias,Juan,Iglesias,1998-07-03,Valladolid,ES,187,77,false,true,false,false,https://assets.laliga.com/squad/2026/t179/default/512x556/default_t179_2026_0_001_000.png,https://assets.laliga.com/squad/2026/t179/default/1024x1113/default_t179_2026_0_001_000.png,https://assets.laliga.com/squad/2026/t179/default/512x512/default_t179_2026_0_002_000.jpg,16539,p464283,2026
sevilla-fc-86125,86125,sevilla-fc,SEVILLA,Sevilla FC,3,Defensa,defensa,Jugador,jugador,Julio Díaz,Julio Díaz,Julio,Díaz,2005-01-10,San Fernando de Henares,ES,174,65,false,true,false,false,https://assets.laliga.com/squad/2026/t179/default/512x556/default_t179_2026_0_001_000.png,https://assets.laliga.com/squad/2026/t179/default/1024x1113/default_t179_2026_0_001_000.png,https://assets.laliga.com/squad/2026/t179/default/512x512/default_t179_2026_0_002_000.jpg,45082,p551311,2026
sevilla-fc-84827,84827,sevilla-fc,SEVILLA,Sevilla FC,4,Defensa,defensa,Jugador,jugador,Kike Salas,Kike Salas,Kike,Salas,2002-04-23,Morón de la Frontera,ES,188,80,false,true,false,false,https://assets.laliga.com/squad/2026/t179/p550816/512x556/p550816_t179_2026_0_001_000.png,https://assets.laliga.com/squad/2026/t179/p550816/1024x1113/p550816_t179_2026_0_001_000.png,https://assets.laliga.com/squad/2026/t179/p550816/512x512/p550816_t179_2026_0_002_000.jpg,25514,p550816,2026
sevilla-fc-84833,84833,sevilla-fc,SEVILLA,Sevilla FC,5,Defensa,defensa,Jugador,jugador,Andrés López Gallo,A. Castrin,Andrés,López Gallo,2003-05-26,Riotorto,ES,188,83,false,true,false,false,https://assets.laliga.com/squad/2026/t179/p562922/512x556/p562922_t179_2026_0_001_000.png,https://assets.laliga.com/squad/2026/t179/p562922/1024x1113/p562922_t179_2026_0_001_000.png,https://assets.laliga.com/squad/2026/t179/p562922/512x512/p562922_t179_2026_0_002_000.jpg,25140,p562922,2026
sevilla-fc-84824,84824,sevilla-fc,SEVILLA,Sevilla FC,12,Defensa,defensa,Jugador,jugador,Arouna Sangante,Sangante,Arouna,Sangante,2002-04-12,Mbao,SN,189,76,false,true,false,false,https://assets.laliga.com/squad/2026/t179/default/512x556/default_t179_2026_0_001_000.png,https://assets.laliga.com/squad/2026/t179/default/1024x1113/default_t179_2026_0_001_000.png,https://assets.laliga.com/squad/2026/t179/default/512x512/default_t179_2026_0_002_000.jpg,33013,p509285,2026
sevilla-fc-84829,84829,sevilla-fc,SEVILLA,Sevilla FC,17,Defensa,defensa,Jugador,jugador,Gabriel Suazo,Suazo,Gabriel,Suazo,1997-08-09,San Bernardo,CL,178,72,false,true,false,false,https://assets.laliga.com/squad/2026/t179/p213102/512x556/p213102_t179_2026_0_001_000.png,https://assets.laliga.com/squad/2026/t179/p213102/1024x1113/p213102_t179_2026_0_001_000.png,https://assets.laliga.com/squad/2026/t179/p213102/512x512/p213102_t179_2026_0_002_000.jpg,26153,p213102,2026
sevilla-fc-84825,84825,sevilla-fc,SEVILLA,Sevilla FC,22,Defensa,defensa,Jugador,jugador,José Ángel Carmona,Carmona,José Ángel,Carmona,2002-01-29,El Viso del Alcor,ES,184,80,false,true,false,false,https://assets.laliga.com/squad/2026/t179/p545998/512x556/p545998_t179_2026_0_001_000.png,https://assets.laliga.com/squad/2026/t179/p545998/1024x1113/p545998_t179_2026_0_001_000.png,https://assets.laliga.com/squad/2026/t179/p545998/512x512/p545998_t179_2026_0_002_000.jpg,23364,p545998,2026
sevilla-fc-84832,84832,sevilla-fc,SEVILLA,Sevilla FC,23,Defensa,defensa,Jugador,jugador,Marcos do Nascimento Teixeira,Marcao,Marcos,do Nascimento Teixeira,1996-06-05,Londrina,BR,185,80,false,true,false,false,https://assets.laliga.com/squad/2026/t179/p182816/512x556/p182816_t179_2026_0_001_000.png,https://assets.laliga.com/squad/2026/t179/p182816/1024x1113/p182816_t179_2026_0_001_000.png,https://assets.laliga.com/squad/2026/t179/p182816/512x512/p182816_t179_2026_0_002_000.jpg,9704,p182816,2026
sevilla-fc-86828,86828,sevilla-fc,SEVILLA,Sevilla FC,26,Defensa,defensa,Jugador,jugador,Manuel Ángel Castillo,Manuel Ángel,Manuel Ángel,Castillo,2008-06-13,,ES,,,false,true,false,false,https://assets.laliga.com/squad/2026/t179/default/512x556/default_t179_2026_0_001_000.png,https://assets.laliga.com/squad/2026/t179/default/1024x1113/default_t179_2026_0_001_000.png,https://assets.laliga.com/squad/2026/t179/default/512x512/default_t179_2026_0_002_000.jpg,47589,p735727,2026
sevilla-fc-84835,84835,sevilla-fc,SEVILLA,Sevilla FC,34,Defensa,defensa,Jugador,jugador,Iker Munoz,Iker Muñoz,Iker,Munoz,2004-01-05,Barcelona,ES,186,69,false,true,false,false,https://assets.laliga.com/squad/2026/t179/p592812/512x556/p592812_t179_2026_0_001_000.png,https://assets.laliga.com/squad/2026/t179/p592812/1024x1113/p592812_t179_2026_0_001_000.png,https://assets.laliga.com/squad/2026/t179/p592812/512x512/p592812_t179_2026_0_002_000.jpg,44915,p592812,2026
sevilla-fc-84830,84830,sevilla-fc,SEVILLA,Sevilla FC,,Defensa,defensa,Jugador,jugador,Fábio Rafael Rodrigues Cardoso,Cardoso,Fábio Rafael,Rodrigues Cardoso,1994-04-19,Águeda,PT,187,82,false,true,false,false,https://assets.laliga.com/squad/2026/t179/p165804/512x556/p165804_t179_2026_0_001_000.png,https://assets.laliga.com/squad/2026/t179/p165804/1024x1113/p165804_t179_2026_0_001_000.png,https://assets.laliga.com/squad/2026/t179/p165804/512x512/p165804_t179_2026_0_002_000.jpg,24069,p165804,2026
sevilla-fc-84840,84840,sevilla-fc,SEVILLA,Sevilla FC,6,Centrocampista,centrocampista,Jugador,jugador,Lucien Agoumé,Agoumé,Lucien,Agoumé,2002-02-09,Yaoundé,FR,185,72,false,true,false,false,https://assets.laliga.com/squad/2026/t179/p468426/512x556/p468426_t179_2026_0_001_000.png,https://assets.laliga.com/squad/2026/t179/p468426/1024x1113/p468426_t179_2026_0_001_000.png,https://assets.laliga.com/squad/2026/t179/p468426/512x512/p468426_t179_2026_0_002_000.jpg,14693,p468426,2026
sevilla-fc-86815,86815,sevilla-fc,SEVILLA,Sevilla FC,8,Centrocampista,centrocampista,Jugador,jugador,Giorgi Kochorashvili,Kochorashvili,Giorgi,Kochorashvili,1999-06-29,Tbilisi,GE,178,74,false,true,false,false,https://assets.laliga.com/squad/2026/t179/default/512x556/default_t179_2026_0_001_000.png,https://assets.laliga.com/squad/2026/t179/default/1024x1113/default_t179_2026_0_001_000.png,https://assets.laliga.com/squad/2026/t179/default/512x512/default_t179_2026_0_002_000.jpg,14628,p428798,2026
sevilla-fc-84843,84843,sevilla-fc,SEVILLA,Sevilla FC,14,Centrocampista,centrocampista,Jugador,jugador,Manu Bueno,Manu Bueno,Manu,Bueno,2004-07-27,Jerez de la Frontera,ES,178,73,false,true,false,false,https://assets.laliga.com/squad/2026/t179/p550781/512x556/p550781_t179_2026_0_001_000.png,https://assets.laliga.com/squad/2026/t179/p550781/1024x1113/p550781_t179_2026_0_001_000.png,https://assets.laliga.com/squad/2026/t179/p550781/512x512/p550781_t179_2026_0_002_000.jpg,32013,p550781,2026
sevilla-fc-84836,84836,sevilla-fc,SEVILLA,Sevilla FC,18,Centrocampista,centrocampista,Jugador,jugador,Jon Guridi,Guridi,Jon,Guridi,1995-02-28,Azpeitia,ES,179,64,false,true,false,false,https://assets.laliga.com/squad/2026/t179/default/512x556/default_t179_2026_0_001_000.png,https://assets.laliga.com/squad/2026/t179/default/1024x1113/default_t179_2026_0_001_000.png,https://assets.laliga.com/squad/2026/t179/default/512x512/default_t179_2026_0_002_000.jpg,5997,p201178,2026
sevilla-fc-84844,84844,sevilla-fc,SEVILLA,Sevilla FC,27,Centrocampista,centrocampista,Jugador,jugador,Nico Guillén,Nico Guillen,Nico,Guillén,2008-01-30,Huelva,ES,185,75,false,true,false,false,https://assets.laliga.com/squad/2026/t179/default/512x556/default_t179_2026_0_001_000.png,https://assets.laliga.com/squad/2026/t179/default/1024x1113/default_t179_2026_0_001_000.png,https://assets.laliga.com/squad/2026/t179/default/512x512/default_t179_2026_0_002_000.jpg,45910,p664217,2026
sevilla-fc-84845,84845,sevilla-fc,SEVILLA,Sevilla FC,39,Centrocampista,centrocampista,Jugador,jugador,Edu Altozano,Edu Altozano,Edu,Altozano,2006-10-17,Sanlúcar de Barrameda,ES,170,65,false,true,false,false,https://assets.laliga.com/squad/2026/t179/p592810/512x556/p592810_t179_2026_0_001_000.png,https://assets.laliga.com/squad/2026/t179/p592810/1024x1113/p592810_t179_2026_0_001_000.png,https://assets.laliga.com/squad/2026/t179/p592810/512x512/p592810_t179_2026_0_002_000.jpg,41254,p592810,2026
sevilla-fc-84850,84850,sevilla-fc,SEVILLA,Sevilla FC,7,Delantero,delantero,Jugador,jugador,Alfon González,Alfon,Alfon,González,1999-05-04,Albacete,ES,172,60,false,true,false,false,https://assets.laliga.com/squad/2026/t179/default/512x556/default_t179_2026_0_001_000.png,https://assets.laliga.com/squad/2026/t179/default/1024x1113/default_t179_2026_0_001_000.png,https://assets.laliga.com/squad/2026/t179/default/512x512/default_t179_2026_0_002_000.jpg,7551,p446814,2026
sevilla-fc-86508,86508,sevilla-fc,SEVILLA,Sevilla FC,9,Delantero,delantero,Jugador,jugador,Robbie Ure,Robbie Ure,Robbie,Ure,2004-02-26,Glasgow,GB-SCT,189,70,false,true,false,false,https://assets.laliga.com/squad/2026/t179/default/512x556/default_t179_2026_0_001_000.png,https://assets.laliga.com/squad/2026/t179/default/1024x1113/default_t179_2026_0_001_000.png,https://assets.laliga.com/squad/2026/t179/default/512x512/default_t179_2026_0_002_000.jpg,47170,p503537,2026
sevilla-fc-84849,84849,sevilla-fc,SEVILLA,Sevilla FC,10,Delantero,delantero,Jugador,jugador,Gerard Fernández Castellano,Peque,Gerard,Fernández Castellano,2002-10-04,L'Hospitalet de Llobregat,ES,172,66,false,true,false,false,https://assets.laliga.com/squad/2026/t179/p493086/512x556/p493086_t179_2026_0_001_000.png,https://assets.laliga.com/squad/2026/t179/p493086/1024x1113/p493086_t179_2026_0_001_000.png,https://assets.laliga.com/squad/2026/t179/p493086/512x512/p493086_t179_2026_0_002_000.jpg,27906,p493086,2026
sevilla-fc-84838,84838,sevilla-fc,SEVILLA,Sevilla FC,11,Delantero,delantero,Jugador,jugador,Rubén Vargas,Vargas,Rubén,Vargas,1998-08-05,Adligenswil,CH,177,77,false,true,false,false,https://assets.laliga.com/squad/2026/t179/p429534/512x556/p429534_t179_2026_0_001_000.png,https://assets.laliga.com/squad/2026/t179/p429534/1024x1113/p429534_t179_2026_0_001_000.png,https://assets.laliga.com/squad/2026/t179/p429534/512x512/p429534_t179_2026_0_002_000.jpg,17993,p429534,2026
sevilla-fc-84846,84846,sevilla-fc,SEVILLA,Sevilla FC,16,Delantero,delantero,Jugador,jugador,Isaac Romero,Isaac,Isaac,Romero,2000-05-18,Lebrija,ES,184,70,false,true,false,false,https://assets.laliga.com/squad/2026/t179/p610206/512x556/p610206_t179_2026_0_001_000.png,https://assets.laliga.com/squad/2026/t179/p610206/1024x1113/p610206_t179_2026_0_001_000.png,https://assets.laliga.com/squad/2026/t179/p610206/512x512/p610206_t179_2026_0_002_000.jpg,33153,p610206,2026
sevilla-fc-87095,87095,sevilla-fc,SEVILLA,Sevilla FC,19,Delantero,delantero,Jugador,jugador,Lucas Stassin,Stassin,Lucas,Stassin,2004-11-29,,BE,171,81,false,true,true,false,https://assets.laliga.com/squad/2026/t179/default/512x556/default_t179_2026_0_001_000.png,https://assets.laliga.com/squad/2026/t179/default/1024x1113/default_t179_2026_0_001_000.png,https://assets.laliga.com/squad/2026/t179/default/512x512/default_t179_2026_0_002_000.jpg,30581,p513530,2026
sevilla-fc-84851,84851,sevilla-fc,SEVILLA,Sevilla FC,21,Delantero,delantero,Jugador,jugador,Chidera Ejuke,Ejuke,Chidera,Ejuke,1998-01-02,Zaria,NG,176,72,false,true,false,false,https://assets.laliga.com/squad/2026/t179/p250437/512x556/p250437_t179_2026_0_001_000.png,https://assets.laliga.com/squad/2026/t179/p250437/1024x1113/p250437_t179_2026_0_001_000.png,https://assets.laliga.com/squad/2026/t179/p250437/512x512/p250437_t179_2026_0_002_000.jpg,15570,p250437,2026
sevilla-fc-84853,84853,sevilla-fc,SEVILLA,Sevilla FC,30,Delantero,delantero,Jugador,jugador,Miguel Sierra,Miguel Sierra,Miguel,Sierra,2004-07-14,Granada,ES,181,70,false,true,false,false,https://assets.laliga.com/squad/2026/t179/p639309/512x556/p639309_t179_2026_0_001_000.png,https://assets.laliga.com/squad/2026/t179/p639309/1024x1113/p639309_t179_2026_0_001_000.png,https://assets.laliga.com/squad/2026/t179/p639309/512x512/p639309_t179_2026_0_002_000.jpg,34602,p639309,2026
sevilla-fc-86394,86394,sevilla-fc,SEVILLA,Sevilla FC,37,Delantero,delantero,Jugador,jugador,Ibrahima Sow,Ibra,Ibrahima,Sow,2007-01-26,,SN,184,,false,true,false,false,https://assets.laliga.com/squad/2026/t179/default/512x556/default_t179_2026_0_001_000.png,https://assets.laliga.com/squad/2026/t179/default/1024x1113/default_t179_2026_0_001_000.png,https://assets.laliga.com/squad/2026/t179/default/512x512/default_t179_2026_0_002_000.jpg,35176,p550797,2026
sevilla-fc-84856,84856,sevilla-fc,SEVILLA,Sevilla FC,,Segundo entrenador,segundo-entrenador,Segundo entrenador,segundo-entrenador,Pedro Rostoll,Pedro Rostoll,Pedro,Rostoll,1972-12-06,Benidorm,ES,,,false,true,false,false,https://assets.laliga.com/assets/useful/default-player/512x556/manager_001.png,https://assets.laliga.com/assets/useful/default-player/1024x1113/manager_001.png,https://assets.laliga.com/assets/useful/default-player/512x512/manager_002.jpeg,14911,man54077,2026
valencia-cf-84900,84900,valencia-cf,VALENCIA,Valencia CF,,Entrenador,entrenador,Entrenador,entrenador,Carlos Corberán,Carlos Corberan,Carlos,Corberán,1983-04-07,Valencia,ES,,,false,true,false,false,https://assets.laliga.com/squad/2026/t191/man53715/512x556/man53715_t191_2026_0_001_000.png,https://assets.laliga.com/squad/2026/t191/man53715/1024x1113/man53715_t191_2026_0_001_000.png,https://assets.laliga.com/squad/2026/t191/man53715/512x512/man53715_t191_2026_0_002_000.jpg,30329,man53715,2026
valencia-cf-84857,84857,valencia-cf,VALENCIA,Valencia CF,1,Portero,portero,Jugador,jugador,Stole Dimitrievski,Dimitrievski,Stole,Dimitrievski,1993-12-25,Kumanovo,MK,188,84,true,true,false,false,https://assets.laliga.com/squad/2026/t191/p94878/512x556/p94878_t191_2026_0_001_000.png,https://assets.laliga.com/squad/2026/t191/p94878/1024x1113/p94878_t191_2026_0_001_000.png,https://assets.laliga.com/squad/2026/t191/p94878/512x512/p94878_t191_2026_0_002_000.jpg,1035,p94878,2026
valencia-cf-84858,84858,valencia-cf,VALENCIA,Valencia CF,13,Portero,portero,Jugador,jugador,Cristian Rivero,C.rivero,Cristian,Rivero,1998-03-21,Gandía,ES,188,75,false,true,false,false,https://assets.laliga.com/squad/2026/t191/p442819/512x556/p442819_t191_2026_0_001_000.png,https://assets.laliga.com/squad/2026/t191/p442819/1024x1113/p442819_t191_2026_0_001_000.png,https://assets.laliga.com/squad/2026/t191/p442819/512x512/p442819_t191_2026_0_002_000.jpg,7427,p442819,2026
valencia-cf-86864,86864,valencia-cf,VALENCIA,Valencia CF,25,Portero,portero,Jugador,jugador,Kayne van Oevelen,Van Oevelen,Kayne,van Oevelen,2003-08-07,Zaandam,NL,199,84,false,true,true,false,https://assets.laliga.com/assets/useful/default-player/512x556/male_1_001.png,https://assets.laliga.com/assets/useful/default-player/1024x1113/male_1_001.png,https://assets.laliga.com/assets/useful/default-player/512x512/male_1_002.jpeg,46956,p546600,2026
valencia-cf-84866,84866,valencia-cf,VALENCIA,Valencia CF,3,Defensa,defensa,Jugador,jugador,José Manuel Arias Copete,Copete,José Manuel,Arias Copete,1999-10-10,Écija,ES,192,73,false,true,false,false,https://assets.laliga.com/squad/2026/t191/p500759/512x556/p500759_t191_2026_0_001_000.png,https://assets.laliga.com/squad/2026/t191/p500759/1024x1113/p500759_t191_2026_0_001_000.png,https://assets.laliga.com/squad/2026/t191/p500759/512x512/p500759_t191_2026_0_002_000.jpg,14080,p500759,2026
valencia-cf-84861,84861,valencia-cf,VALENCIA,Valencia CF,4,Defensa,defensa,Jugador,jugador,Mouctar Diakhaby,Diakhaby,Mouctar,Diakhaby,1996-12-19,Vendôme,GN,189,78,false,true,false,false,https://assets.laliga.com/squad/2026/t191/p208135/512x556/p208135_t191_2026_0_001_000.png,https://assets.laliga.com/squad/2026/t191/p208135/1024x1113/p208135_t191_2026_0_001_000.png,https://assets.laliga.com/squad/2026/t191/p208135/512x512/p208135_t191_2026_0_002_000.jpg,4872,p208135,2026
valencia-cf-84867,84867,valencia-cf,VALENCIA,Valencia CF,5,Defensa,defensa,Jugador,jugador,César Tárrega,Tárrega,César,Tárrega,2002-02-26,Aldaia,ES,194,78,false,true,false,false,https://assets.laliga.com/squad/2026/t191/p492898/512x556/p492898_t191_2026_0_001_000.png,https://assets.laliga.com/squad/2026/t191/p492898/1024x1113/p492898_t191_2026_0_001_000.png,https://assets.laliga.com/squad/2026/t191/p492898/512x512/p492898_t191_2026_0_002_000.jpg,24258,p492898,2026
valencia-cf-84862,84862,valencia-cf,VALENCIA,Valencia CF,12,Defensa,defensa,Jugador,jugador,Justin de Haas,De Haas,Justin,de Haas,2000-02-01,Zaandam,NL,194,87,false,true,false,false,https://assets.laliga.com/squad/2026/t191/default/512x556/default_t191_2026_0_001_000.png,https://assets.laliga.com/squad/2026/t191/default/1024x1113/default_t191_2026_0_001_000.png,https://assets.laliga.com/squad/2026/t191/default/512x512/default_t191_2026_0_002_000.jpg,15431,p467622,2026
valencia-cf-84868,84868,valencia-cf,VALENCIA,Valencia CF,14,Defensa,defensa,Jugador,jugador,José Gayà,Gayà,José,Gayà,1995-05-25,Pedreguer,ES,172,66,false,true,false,false,https://assets.laliga.com/squad/2026/t191/p132105/512x556/p132105_t191_2026_0_001_000.png,https://assets.laliga.com/squad/2026/t191/p132105/1024x1113/p132105_t191_2026_0_001_000.png,https://assets.laliga.com/squad/2026/t191/p132105/512x512/p132105_t191_2026_0_002_000.jpg,722,p132105,2026
valencia-cf-84863,84863,valencia-cf,VALENCIA,Valencia CF,20,Defensa,defensa,Jugador,jugador,Dimitri Foulquier,Foulquier,Dimitri,Foulquier,1993-03-23,Sarcelles,GP,183,72,false,true,false,false,https://assets.laliga.com/squad/2026/t191/p96767/512x556/p96767_t191_2026_0_001_000.png,https://assets.laliga.com/squad/2026/t191/p96767/1024x1113/p96767_t191_2026_0_001_000.png,https://assets.laliga.com/squad/2026/t191/p96767/512x512/p96767_t191_2026_0_002_000.jpg,418,p96767,2026
valencia-cf-84871,84871,valencia-cf,VALENCIA,Valencia CF,21,Defensa,defensa,Jugador,jugador,Jesús Vázquez,J. Vázquez,Jesús,Vázquez,2003-01-02,Mérida,ES,182,76,false,true,false,false,https://assets.laliga.com/squad/2026/t191/p466044/512x556/p466044_t191_2026_0_001_000.png,https://assets.laliga.com/squad/2026/t191/p466044/1024x1113/p466044_t191_2026_0_001_000.png,https://assets.laliga.com/squad/2026/t191/p466044/512x512/p466044_t191_2026_0_002_000.jpg,16228,p466044,2026
valencia-cf-86902,86902,valencia-cf,VALENCIA,Valencia CF,22,Defensa,defensa,Jugador,jugador,Arnau Martínez,Arnau,Arnau,Martínez,2003-04-25,Premià de Dalt,ES,182,72,false,true,false,false,https://assets.laliga.com/squad/2026/t191/default/512x556/default_t191_2026_0_001_000.png,https://assets.laliga.com/squad/2026/t191/default/1024x1113/default_t191_2026_0_001_000.png,https://assets.laliga.com/squad/2026/t191/default/512x512/default_t191_2026_0_002_000.jpg,15087,p517333,2026
valencia-cf-86791,86791,valencia-cf,VALENCIA,Valencia CF,24,Defensa,defensa,Jugador,jugador,Pablo Maffeo,Maffeo,Pablo,Maffeo,1997-07-12,Sant Joan Despí,AR,172,70,false,true,true,false,https://assets.laliga.com/squad/2026/t191/default/512x556/default_t191_2026_0_001_000.png,https://assets.laliga.com/squad/2026/t191/default/1024x1113/default_t191_2026_0_001_000.png,https://assets.laliga.com/squad/2026/t191/default/512x512/default_t191_2026_0_002_000.jpg,2580,p170154,2026
valencia-cf-84874,84874,valencia-cf,VALENCIA,Valencia CF,29,Defensa,defensa,Jugador,jugador,Alejandro Panach Olmo,Panach,Alejandro,Panach Olmo,2006-01-18,,ES,,,false,true,false,false,https://assets.laliga.com/squad/2026/t191/p643319/512x556/p643319_t191_2026_0_001_000.png,https://assets.laliga.com/squad/2026/t191/p643319/1024x1113/p643319_t191_2026_0_001_000.png,https://assets.laliga.com/squad/2026/t191/p643319/512x512/p643319_t191_2026_0_002_000.jpg,43351,p643319,2026
valencia-cf-84876,84876,valencia-cf,VALENCIA,Valencia CF,36,Defensa,defensa,Jugador,jugador,Iker Córdoba,I. Córdoba,Iker,Córdoba,2005-11-11,Els Pallaresos,ES,190,78,false,true,false,false,https://assets.laliga.com/squad/2026/t191/default/512x556/default_t191_2026_0_001_000.png,https://assets.laliga.com/squad/2026/t191/default/1024x1113/default_t191_2026_0_001_000.png,https://assets.laliga.com/squad/2026/t191/default/512x512/default_t191_2026_0_002_000.jpg,37528,p637198,2026
valencia-cf-84875,84875,valencia-cf,VALENCIA,Valencia CF,41,Defensa,defensa,Jugador,jugador,Marcos Navarro,M. Navarro,Marcos,Navarro,2004-05-30,Ribarroja,ES,172,68,false,true,false,false,https://assets.laliga.com/squad/2026/t191/p619748/512x556/p619748_t191_2026_0_001_000.png,https://assets.laliga.com/squad/2026/t191/p619748/1024x1113/p619748_t191_2026_0_001_000.png,https://assets.laliga.com/squad/2026/t191/p619748/512x512/p619748_t191_2026_0_002_000.jpg,32708,p619748,2026
valencia-cf-84881,84881,valencia-cf,VALENCIA,Valencia CF,2,Centrocampista,centrocampista,Jugador,jugador,Guido Rodríguez,G. Rodriguez,Guido,Rodríguez,1994-04-12,Sáenz Peña,AR,185,80,false,true,false,false,https://assets.laliga.com/squad/2026/t191/p197024/512x556/p197024_t191_2026_0_001_000.png,https://assets.laliga.com/squad/2026/t191/p197024/1024x1113/p197024_t191_2026_0_001_000.png,https://assets.laliga.com/squad/2026/t191/p197024/512x512/p197024_t191_2026_0_002_000.jpg,14494,p197024,2026
valencia-cf-84889,84889,valencia-cf,VALENCIA,Valencia CF,7,Centrocampista,centrocampista,Jugador,jugador,Arnaut Danjuma,Danjuma,Arnaut,Danjuma,1997-01-31,Lagos,NL,178,74,false,true,false,false,https://assets.laliga.com/squad/2026/t191/p220307/512x556/p220307_t191_2026_0_001_000.png,https://assets.laliga.com/squad/2026/t191/p220307/1024x1113/p220307_t191_2026_0_001_000.png,https://assets.laliga.com/squad/2026/t191/p220307/512x512/p220307_t191_2026_0_002_000.jpg,8861,p220307,2026
valencia-cf-84882,84882,valencia-cf,VALENCIA,Valencia CF,8,Centrocampista,centrocampista,Jugador,jugador,Javi Guerra,Javi Guerra,Javi,Guerra,2003-05-13,Gilet,ES,187,77,false,true,false,false,https://assets.laliga.com/squad/2026/t191/p546540/512x556/p546540_t191_2026_0_001_000.png,https://assets.laliga.com/squad/2026/t191/p546540/1024x1113/p546540_t191_2026_0_001_000.png,https://assets.laliga.com/squad/2026/t191/p546540/512x512/p546540_t191_2026_0_002_000.jpg,23124,p546540,2026
valencia-cf-84891,84891,valencia-cf,VALENCIA,Valencia CF,11,Centrocampista,centrocampista,Jugador,jugador,Luis Rioja,L. Rioja,Luis,Rioja,1993-10-16,Sevilla,ES,175,68,false,true,false,false,https://assets.laliga.com/squad/2026/t191/p434941/512x556/p434941_t191_2026_0_001_000.png,https://assets.laliga.com/squad/2026/t191/p434941/1024x1113/p434941_t191_2026_0_001_000.png,https://assets.laliga.com/squad/2026/t191/p434941/512x512/p434941_t191_2026_0_002_000.jpg,8635,p434941,2026
valencia-cf-85604,85604,valencia-cf,VALENCIA,Valencia CF,15,Centrocampista,centrocampista,Jugador,jugador,Aliou Dieng,Dieng,Aliou,Dieng,1997-10-16,Bamako,ML,185,78,false,true,false,false,https://assets.laliga.com/squad/2026/t191/default/512x556/default_t191_2026_0_001_000.png,https://assets.laliga.com/squad/2026/t191/default/1024x1113/default_t191_2026_0_001_000.png,https://assets.laliga.com/squad/2026/t191/default/512x512/default_t191_2026_0_002_000.jpg,17127,p449576,2026
valencia-cf-84884,84884,valencia-cf,VALENCIA,Valencia CF,18,Centrocampista,centrocampista,Jugador,jugador,José Luis García Vayá,Pepelu,José Luis,García Vayá,1998-08-11,Dénia,ES,185,73,false,true,false,false,https://assets.laliga.com/squad/2026/t191/p220191/512x556/p220191_t191_2026_0_001_000.png,https://assets.laliga.com/squad/2026/t191/p220191/1024x1113/p220191_t191_2026_0_001_000.png,https://assets.laliga.com/squad/2026/t191/p220191/512x512/p220191_t191_2026_0_002_000.jpg,4110,p220191,2026
valencia-cf-84886,84886,valencia-cf,VALENCIA,Valencia CF,23,Centrocampista,centrocampista,Jugador,jugador,Filip Ugrinic,Ugrinic,Filip,Ugrinic,1999-01-05,Luzern,CH,184,88,false,true,false,false,https://assets.laliga.com/squad/2026/t191/p242169/512x556/p242169_t191_2026_0_001_000.png,https://assets.laliga.com/squad/2026/t191/p242169/1024x1113/p242169_t191_2026_0_001_000.png,https://assets.laliga.com/squad/2026/t191/p242169/512x512/p242169_t191_2026_0_002_000.jpg,23159,p242169,2026
valencia-cf-84878,84878,valencia-cf,VALENCIA,Valencia CF,33,Centrocampista,centrocampista,Jugador,jugador,Aaron Mayol,Mayol,Aaron,Mayol,2008-03-04,,ES,,,false,true,false,false,https://assets.laliga.com/squad/2026/t191/default/512x556/default_t191_2026_0_001_000.png,https://assets.laliga.com/squad/2026/t191/default/1024x1113/default_t191_2026_0_001_000.png,https://assets.laliga.com/squad/2026/t191/default/512x512/default_t191_2026_0_002_000.jpg,45471,p720320,2026
valencia-cf-86456,86456,valencia-cf,VALENCIA,Valencia CF,38,Centrocampista,centrocampista,Jugador,jugador,Jaume Durá,Jaume Durà,Jaume,Durá,2008-05-15,,ES,,,false,true,false,false,https://assets.laliga.com/squad/2026/t191/default/512x556/default_t191_2026_0_001_000.png,https://assets.laliga.com/squad/2026/t191/default/1024x1113/default_t191_2026_0_001_000.png,https://assets.laliga.com/squad/2026/t191/default/512x512/default_t191_2026_0_002_000.jpg,47164,p670115,2026
valencia-cf-85603,85603,valencia-cf,VALENCIA,Valencia CF,39,Centrocampista,centrocampista,Jugador,jugador,Ryunosuke Sato,Ryunosuke,Ryunosuke,Sato,2006-10-16,Nishitokyo,JP,171,65,false,true,false,false,https://assets.laliga.com/squad/2026/t191/default/512x556/default_t191_2026_0_001_000.png,https://assets.laliga.com/squad/2026/t191/default/1024x1113/default_t191_2026_0_001_000.png,https://assets.laliga.com/squad/2026/t191/default/512x512/default_t191_2026_0_002_000.jpg,44661,p614481,2026
valencia-cf-84888,84888,valencia-cf,VALENCIA,Valencia CF,6,Delantero,delantero,Jugador,jugador,Umar Sadiq,Sadiq,Umar,Sadiq,1997-02-02,Kaduna,NG,192,85,false,true,false,false,https://assets.laliga.com/squad/2026/t191/p196878/512x556/p196878_t191_2026_0_001_000.png,https://assets.laliga.com/squad/2026/t191/p196878/1024x1113/p196878_t191_2026_0_001_000.png,https://assets.laliga.com/squad/2026/t191/p196878/512x512/p196878_t191_2026_0_002_000.jpg,9000,p196878,2026
valencia-cf-84890,84890,valencia-cf,VALENCIA,Valencia CF,9,Delantero,delantero,Jugador,jugador,Hugo Duro,Hugo Duro,Hugo,Duro,1999-11-10,Getafe,ES,177,70,false,true,false,false,https://assets.laliga.com/squad/2026/t191/p439716/512x556/p439716_t191_2026_0_001_000.png,https://assets.laliga.com/squad/2026/t191/p439716/1024x1113/p439716_t191_2026_0_001_000.png,https://assets.laliga.com/squad/2026/t191/p439716/512x512/p439716_t191_2026_0_002_000.jpg,7122,p439716,2026
valencia-cf-84894,84894,valencia-cf,VALENCIA,Valencia CF,19,Delantero,delantero,Jugador,jugador,Dani Raba,Raba,Dani,Raba,1995-10-29,Santander,ES,184,76,false,true,false,false,https://assets.laliga.com/squad/2026/t191/p240071/512x556/p240071_t191_2026_0_001_000.png,https://assets.laliga.com/squad/2026/t191/p240071/1024x1113/p240071_t191_2026_0_001_000.png,https://assets.laliga.com/squad/2026/t191/p240071/512x512/p240071_t191_2026_0_002_000.jpg,5978,p240071,2026
valencia-cf-84895,84895,valencia-cf,VALENCIA,Valencia CF,27,Delantero,delantero,Jugador,jugador,David Otorbi,Otorbi,David,Otorbi,2007-10-16,Valencia,ES,180,82,false,true,false,false,https://assets.laliga.com/squad/2026/t191/p576682/512x556/p576682_t191_2026_0_001_000.png,https://assets.laliga.com/squad/2026/t191/p576682/1024x1113/p576682_t191_2026_0_001_000.png,https://assets.laliga.com/squad/2026/t191/p576682/512x512/p576682_t191_2026_0_002_000.jpg,35179,p576682,2026
valencia-cf-84880,84880,valencia-cf,VALENCIA,Valencia CF,,Delantero,delantero,Jugador,jugador,Sergi Canós,Tenés,Sergi,Canós,1997-02-02,Nules,ES,177,75,false,true,false,false,https://assets.laliga.com/squad/2026/t191/default/512x556/default_t191_2026_0_001_000.png,https://assets.laliga.com/squad/2026/t191/default/1024x1113/default_t191_2026_0_001_000.png,https://assets.laliga.com/squad/2026/t191/default/512x512/default_t191_2026_0_002_000.jpg,19257,p174932,2026
valencia-cf-84899,84899,valencia-cf,VALENCIA,Valencia CF,,Segundo entrenador,segundo-entrenador,Segundo entrenador,segundo-entrenador,Jorge Alarcón,Jorge Alarcon,Jorge,Alarcón,1988-08-27,,ES,,,false,true,false,false,https://assets.laliga.com/squad/2026/t191/man65033/512x556/man65033_t191_2026_0_001_000.png,https://assets.laliga.com/squad/2026/t191/man65033/1024x1113/man65033_t191_2026_0_001_000.png,https://assets.laliga.com/squad/2026/t191/man65033/512x512/man65033_t191_2026_0_002_000.jpg,40236,man65033,2026
villarreal-cf-84937,84937,villarreal-cf,VILLARREAL,Villarreal CF,,Entrenador,entrenador,Entrenador,entrenador,Iñigo Pérez,Iñigo Perez,Iñigo,Pérez,1988-01-18,Pamplona,ES,,,false,true,false,false,https://assets.laliga.com/assets/useful/default-player/512x556/manager_001.png,https://assets.laliga.com/assets/useful/default-player/1024x1113/manager_001.png,https://assets.laliga.com/assets/useful/default-player/512x512/manager_002.jpeg,27252,man58369,2026
villarreal-cf-84901,84901,villarreal-cf,VILLARREAL,Villarreal CF,1,Portero,portero,Jugador,jugador,Luiz Lúcio Reis Júnior,Júnior R.,Luiz Lúcio,Reis Júnior,2001-01-14,Picos,BR,192,87,false,true,false,false,https://assets.laliga.com/squad/2026/t449/p514664/512x556/p514664_t449_2026_0_001_000.png,https://assets.laliga.com/squad/2026/t449/p514664/1024x1113/p514664_t449_2026_0_001_000.png,https://assets.laliga.com/squad/2026/t449/p514664/512x512/p514664_t449_2026_0_002_000.jpg,37783,p514664,2026
villarreal-cf-84904,84904,villarreal-cf,VILLARREAL,Villarreal CF,13,Portero,portero,Jugador,jugador,Rubén Gómez,Ruben Gomez,Rubén,Gómez,2002-01-24,Alzira,ES,185,73,false,true,false,false,https://assets.laliga.com/squad/2026/t449/p567601/512x556/p567601_t449_2026_0_001_000.png,https://assets.laliga.com/squad/2026/t449/p567601/1024x1113/p567601_t449_2026_0_001_000.png,https://assets.laliga.com/squad/2026/t449/p567601/512x512/p567601_t449_2026_0_002_000.jpg,27214,p567601,2026
villarreal-cf-86291,86291,villarreal-cf,VILLARREAL,Villarreal CF,25,Portero,portero,Jugador,jugador,Péter Gulácsi,Gulácsi,Péter,Gulácsi,1990-05-06,Budapest,HU,191,86,false,true,false,false,https://assets.laliga.com/assets/useful/default-player/512x556/male_1_001.png,https://assets.laliga.com/assets/useful/default-player/1024x1113/male_1_001.png,https://assets.laliga.com/assets/useful/default-player/512x512/male_1_002.jpeg,6413,p46506,2026
villarreal-cf-84905,84905,villarreal-cf,VILLARREAL,Villarreal CF,2,Defensa,defensa,Jugador,jugador,Logan Evans Costa,Costa,Logan Evans,Costa,2001-04-01,Saint-Denis,CV,190,91,false,true,false,false,https://assets.laliga.com/squad/2026/t449/p445956/512x556/p445956_t449_2026_0_001_000.png,https://assets.laliga.com/squad/2026/t449/p445956/1024x1113/p445956_t449_2026_0_001_000.png,https://assets.laliga.com/squad/2026/t449/p445956/512x512/p445956_t449_2026_0_002_000.jpg,19524,p445956,2026
villarreal-cf-84906,84906,villarreal-cf,VILLARREAL,Villarreal CF,3,Defensa,defensa,Jugador,jugador,Alex Freeman,Freeman,Alex,Freeman,2004-08-09,Baltimore,US,188,80,false,true,false,false,https://assets.laliga.com/squad/2026/t449/p484917/512x556/p484917_t449_2026_0_001_000.png,https://assets.laliga.com/squad/2026/t449/p484917/1024x1113/p484917_t449_2026_0_001_000.png,https://assets.laliga.com/squad/2026/t449/p484917/512x512/p484917_t449_2026_0_002_000.jpg,44529,p484917,2026
villarreal-cf-84908,84908,villarreal-cf,VILLARREAL,Villarreal CF,6,Defensa,defensa,Jugador,jugador,Pau Navarro,Pau Navarro,Pau,Navarro,2005-04-25,La Vilavella,ES,185,72,false,true,false,false,https://assets.laliga.com/squad/2026/t449/p629907/512x556/p629907_t449_2026_0_001_000.png,https://assets.laliga.com/squad/2026/t449/p629907/1024x1113/p629907_t449_2026_0_001_000.png,https://assets.laliga.com/squad/2026/t449/p629907/512x512/p629907_t449_2026_0_002_000.jpg,33702,p629907,2026
villarreal-cf-84909,84909,villarreal-cf,VILLARREAL,Villarreal CF,8,Defensa,defensa,Jugador,jugador,Juan Foyth,Foyth,Juan,Foyth,1998-01-12,La Plata,AR,187,83,false,true,false,false,https://assets.laliga.com/squad/2026/t449/p234908/512x556/p234908_t449_2026_0_001_000.png,https://assets.laliga.com/squad/2026/t449/p234908/1024x1113/p234908_t449_2026_0_001_000.png,https://assets.laliga.com/squad/2026/t449/p234908/512x512/p234908_t449_2026_0_002_000.jpg,6476,p234908,2026
villarreal-cf-84917,84917,villarreal-cf,VILLARREAL,Villarreal CF,12,Defensa,defensa,Jugador,jugador,Renato Palma Veiga,Renato Veiga,Renato,Palma Veiga,2003-07-29,Lisboa,PT,190,88,false,true,false,false,https://assets.laliga.com/squad/2026/t449/p551230/512x556/p551230_t449_2026_0_001_000.png,https://assets.laliga.com/squad/2026/t449/p551230/1024x1113/p551230_t449_2026_0_001_000.png,https://assets.laliga.com/squad/2026/t449/p551230/512x512/p551230_t449_2026_0_002_000.jpg,25769,p551230,2026
villarreal-cf-84910,84910,villarreal-cf,VILLARREAL,Villarreal CF,15,Defensa,defensa,Jugador,jugador,Santiago Mouriño,Mouriño,Santiago,Mouriño,2002-02-13,Montevideo,UY,186,76,false,true,false,false,https://assets.laliga.com/squad/2026/t449/p536642/512x556/p536642_t449_2026_0_001_000.png,https://assets.laliga.com/squad/2026/t449/p536642/1024x1113/p536642_t449_2026_0_001_000.png,https://assets.laliga.com/squad/2026/t449/p536642/512x512/p536642_t449_2026_0_002_000.jpg,33226,p536642,2026
villarreal-cf-84915,84915,villarreal-cf,VILLARREAL,Villarreal CF,20,Defensa,defensa,Jugador,jugador,Carlos Romero,C. Romero,Carlos,Romero,2001-10-29,Torrent,ES,174,73,false,true,false,false,https://assets.laliga.com/squad/2026/t449/default/512x556/default_t449_2026_0_001_000.png,https://assets.laliga.com/squad/2026/t449/default/1024x1113/default_t449_2026_0_001_000.png,https://assets.laliga.com/squad/2026/t449/default/512x512/default_t449_2026_0_002_000.jpg,27909,p588993,2026
villarreal-cf-84911,84911,villarreal-cf,VILLARREAL,Villarreal CF,23,Defensa,defensa,Jugador,jugador,Sergi Cardona,S. Cardona,Sergi,Cardona,1999-07-08,Lloret de Mar,ES,186,77,false,true,false,false,https://assets.laliga.com/squad/2026/t449/p484693/512x556/p484693_t449_2026_0_001_000.png,https://assets.laliga.com/squad/2026/t449/p484693/1024x1113/p484693_t449_2026_0_001_000.png,https://assets.laliga.com/squad/2026/t449/p484693/512x512/p484693_t449_2026_0_002_000.jpg,11789,p484693,2026
villarreal-cf-84924,84924,villarreal-cf,VILLARREAL,Villarreal CF,5,Centrocampista,centrocampista,Jugador,jugador,Alassane Diatta,A. Diatta,Alassane,Diatta,2005-05-14,Diouloulou,SN,190,80,false,true,false,false,https://assets.laliga.com/squad/2026/t449/p665522/512x556/p665522_t449_2026_0_001_000.png,https://assets.laliga.com/squad/2026/t449/p665522/1024x1113/p665522_t449_2026_0_001_000.png,https://assets.laliga.com/squad/2026/t449/p665522/512x512/p665522_t449_2026_0_002_000.jpg,39544,p665522,2026
villarreal-cf-84922,84922,villarreal-cf,VILLARREAL,Villarreal CF,10,Centrocampista,centrocampista,Jugador,jugador,Alberto Moleiro,A. Moleiro,Alberto,Moleiro,2003-09-30,Santa Cruz de Tenerife,ES,171,67,false,true,false,false,https://assets.laliga.com/squad/2026/t449/p513956/512x556/p513956_t449_2026_0_001_000.png,https://assets.laliga.com/squad/2026/t449/p513956/1024x1113/p513956_t449_2026_0_001_000.png,https://assets.laliga.com/squad/2026/t449/p513956/512x512/p513956_t449_2026_0_002_000.jpg,14929,p513956,2026
villarreal-cf-84918,84918,villarreal-cf,VILLARREAL,Villarreal CF,14,Centrocampista,centrocampista,Jugador,jugador,Santi Comesaña,Santi C.v.,Santi,Comesaña,1996-10-05,Vigo,ES,188,75,false,true,false,false,https://assets.laliga.com/squad/2026/t449/p230071/512x556/p230071_t449_2026_0_001_000.png,https://assets.laliga.com/squad/2026/t449/p230071/1024x1113/p230071_t449_2026_0_001_000.png,https://assets.laliga.com/squad/2026/t449/p230071/512x512/p230071_t449_2026_0_002_000.jpg,4683,p230071,2026
villarreal-cf-84923,84923,villarreal-cf,VILLARREAL,Villarreal CF,16,Centrocampista,centrocampista,Jugador,jugador,Carlos Maciá,Macia,Carlos,Maciá,2008-09-01,Elche,ES,194,78,false,true,false,false,https://assets.laliga.com/squad/2026/t449/p710081/512x556/p710081_t449_2026_0_001_000.png,https://assets.laliga.com/squad/2026/t449/p710081/1024x1113/p710081_t449_2026_0_001_000.png,https://assets.laliga.com/squad/2026/t449/p710081/512x512/p710081_t449_2026_0_002_000.jpg,44836,p710081,2026
villarreal-cf-84928,84928,villarreal-cf,VILLARREAL,Villarreal CF,17,Centrocampista,centrocampista,Jugador,jugador,Tajon Buchanan,Buchanan,Tajon,Buchanan,1999-02-08,Toronto,CA,183,68,false,true,false,false,https://assets.laliga.com/squad/2026/t449/p424622/512x556/p424622_t449_2026_0_001_000.png,https://assets.laliga.com/squad/2026/t449/p424622/1024x1113/p424622_t449_2026_0_001_000.png,https://assets.laliga.com/squad/2026/t449/p424622/512x512/p424622_t449_2026_0_002_000.jpg,27021,p424622,2026
villarreal-cf-84920,84920,villarreal-cf,VILLARREAL,Villarreal CF,18,Centrocampista,centrocampista,Jugador,jugador,Pape Gueye,Gueye,Pape,Gueye,1999-01-24,Montreuil,SN,189,79,false,true,false,false,https://assets.laliga.com/squad/2026/t449/p422453/512x556/p422453_t449_2026_0_001_000.png,https://assets.laliga.com/squad/2026/t449/p422453/1024x1113/p422453_t449_2026_0_001_000.png,https://assets.laliga.com/squad/2026/t449/p422453/512x512/p422453_t449_2026_0_002_000.jpg,15210,p422453,2026
villarreal-cf-84929,84929,villarreal-cf,VILLARREAL,Villarreal CF,19,Centrocampista,centrocampista,Jugador,jugador,Nicolas Pépé,Pepe,Nicolas,Pépé,1995-05-29,Mantes-la-Jolie,CI,183,75,false,true,false,false,https://assets.laliga.com/squad/2026/t449/p195735/512x556/p195735_t449_2026_0_001_000.png,https://assets.laliga.com/squad/2026/t449/p195735/1024x1113/p195735_t449_2026_0_001_000.png,https://assets.laliga.com/squad/2026/t449/p195735/512x512/p195735_t449_2026_0_002_000.jpg,12867,p195735,2026
villarreal-cf-86898,86898,villarreal-cf,VILLARREAL,Villarreal CF,24,Centrocampista,centrocampista,Jugador,jugador,Nathan Saliba,Saliba,Nathan,Saliba,2004-02-07,Longueuil,CA,180,71,false,true,false,false,https://assets.laliga.com/squad/2026/t449/default/512x556/default_t449_2026_0_001_000.png,https://assets.laliga.com/squad/2026/t449/default/1024x1113/default_t449_2026_0_001_000.png,https://assets.laliga.com/squad/2026/t449/default/512x512/default_t449_2026_0_002_000.jpg,41401,p496694,2026
villarreal-cf-86067,86067,villarreal-cf,VILLARREAL,Villarreal CF,27,Centrocampista,centrocampista,Jugador,jugador,Nizar El Jmili Ben Hamou,Nizar,Nizar,El Jmili Ben Hamou,2004-11-30,Castellón de La Plana,ES,172,,false,true,false,false,https://assets.laliga.com/squad/2026/t449/default/512x556/default_t449_2026_0_001_000.png,https://assets.laliga.com/squad/2026/t449/default/1024x1113/default_t449_2026_0_001_000.png,https://assets.laliga.com/squad/2026/t449/default/512x512/default_t449_2026_0_002_000.jpg,47030,p746335,2026
villarreal-cf-86066,86066,villarreal-cf,VILLARREAL,Villarreal CF,30,Centrocampista,centrocampista,Jugador,jugador,Cheikh Thiam,Cheikh,Cheikh,Thiam,2005-11-07,,SN,190,80,false,true,false,false,https://assets.laliga.com/squad/2026/t449/default/512x556/default_t449_2026_0_001_000.png,https://assets.laliga.com/squad/2026/t449/default/1024x1113/default_t449_2026_0_001_000.png,https://assets.laliga.com/squad/2026/t449/default/512x512/default_t449_2026_0_002_000.jpg,47029,p696086,2026
villarreal-cf-84925,84925,villarreal-cf,VILLARREAL,Villarreal CF,7,Delantero,delantero,Jugador,jugador,Gerard Moreno,Gerard,Gerard,Moreno,1992-04-07,Santa Perpètua de Mogoda,ES,174,73,false,true,false,false,https://assets.laliga.com/squad/2026/t449/p93721/512x556/p93721_t449_2026_0_001_000.png,https://assets.laliga.com/squad/2026/t449/p93721/1024x1113/p93721_t449_2026_0_001_000.png,https://assets.laliga.com/squad/2026/t449/p93721/512x512/p93721_t449_2026_0_002_000.jpg,192,p93721,2026
villarreal-cf-84926,84926,villarreal-cf,VILLARREAL,Villarreal CF,9,Delantero,delantero,Jugador,jugador,Georges Mikautadze,Mikautadze,Georges,Mikautadze,2000-10-31,Lyon,GE,176,71,false,true,false,false,https://assets.laliga.com/squad/2026/t449/p499209/512x556/p499209_t449_2026_0_001_000.png,https://assets.laliga.com/squad/2026/t449/p499209/1024x1113/p499209_t449_2026_0_001_000.png,https://assets.laliga.com/squad/2026/t449/p499209/512x512/p499209_t449_2026_0_002_000.jpg,21217,p499209,2026
villarreal-cf-84927,84927,villarreal-cf,VILLARREAL,Villarreal CF,11,Delantero,delantero,Jugador,jugador,Ilias Akhomach,I. Akhomach,Ilias,Akhomach,2004-04-16,Els Hostalets de Pierola,MA,175,70,false,true,false,false,https://assets.laliga.com/squad/2026/t449/default/512x556/default_t449_2026_0_001_000.png,https://assets.laliga.com/squad/2026/t449/default/1024x1113/default_t449_2026_0_001_000.png,https://assets.laliga.com/squad/2026/t449/default/512x512/default_t449_2026_0_002_000.jpg,24274,p500043,2026
villarreal-cf-84930,84930,villarreal-cf,VILLARREAL,Villarreal CF,21,Delantero,delantero,Jugador,jugador,Tani Oluwaseyi,Oluwaseyi,Tani,Oluwaseyi,2000-05-15,Abuja,CA,187,80,false,true,false,false,https://assets.laliga.com/squad/2026/t449/p565686/512x556/p565686_t449_2026_0_001_000.png,https://assets.laliga.com/squad/2026/t449/p565686/1024x1113/p565686_t449_2026_0_001_000.png,https://assets.laliga.com/squad/2026/t449/p565686/512x512/p565686_t449_2026_0_002_000.jpg,41757,p565686,2026
villarreal-cf-84931,84931,villarreal-cf,VILLARREAL,Villarreal CF,22,Delantero,delantero,Jugador,jugador,Ayoze Pérez,Ayoze,Ayoze,Pérez,1993-07-29,Santa Cruz de Tenerife,ES,178,66,false,true,false,false,https://assets.laliga.com/squad/2026/t449/p168580/512x556/p168580_t449_2026_0_001_000.png,https://assets.laliga.com/squad/2026/t449/p168580/1024x1113/p168580_t449_2026_0_001_000.png,https://assets.laliga.com/squad/2026/t449/p168580/512x512/p168580_t449_2026_0_002_000.jpg,362,p168580,2026
villarreal-cf-86554,86554,villarreal-cf,VILLARREAL,Villarreal CF,,Segundo entrenador,segundo-entrenador,Segundo entrenador,segundo-entrenador,Javier Mallo,Javi Mallo,Javier,Mallo,1976-06-16,,ES,,,false,true,false,false,https://assets.laliga.com/assets/useful/default-player/512x556/manager_001.png,https://assets.laliga.com/assets/useful/default-player/1024x1113/manager_001.png,https://assets.laliga.com/assets/useful/default-player/512x512/manager_002.jpeg,12501,man52510,2026
